age,experience_years,daily_work_hours,sleep_hours,caffeine_intake,bugs_per_day,commits_per_day,meetings_per_day,screen_time,exercise_hours,stress_level,burnout_level,work_sleep_ratio,screen_time_intensity,commit_bug_ratio,work_category
26.0,12.0,10.33,4.45,2.0,11.0,4.0,1.0,15.07,0.14,55.96,1,2.2703296703296703,1.4448705656759349,0.3603603603603604,2
39.0,10.0,8.62,5.77,5.0,15.0,11.0,5.0,13.25,0.54,82.22,2,1.4684838160136287,1.519495412844037,0.728476821192053,1
34.0,13.0,8.99,4.03,5.0,2.0,18.0,9.0,11.18,1.54,61.77,1,2.176755447941889,1.2299229922992299,8.571428571428571,2
30.0,1.0,6.85,6.47,2.0,15.0,26.0,1.0,11.14,0.96,54.98,1,1.0426179604261796,1.602877697841727,1.7218543046357617,1
27.0,7.0,4.24,5.8,4.0,9.0,17.0,7.0,8.05,0.36,27.9,0,0.7186440677966103,1.8548387096774195,1.8681318681318682,0
40.0,2.0,10.25,6.78,0.0,19.0,27.0,4.0,15.15,0.78,51.06,1,1.489825581395349,1.463768115942029,1.413612565445026,1
26.0,10.0,6.53,7.6,6.0,4.0,11.0,9.0,9.38,0.54,39.09,1,0.8480519480519482,1.4147812971342384,2.682926829268293,0
38.0,0.0,10.69,5.25,5.0,12.0,2.0,2.0,14.58,0.1,77.68,2,1.9981308411214953,1.3512511584800742,0.1652892561983471,1
42.0,18.0,11.47,4.79,4.0,11.0,25.0,1.0,14.54,1.53,73.56,2,2.34560327198364,1.2566983578219533,2.2522522522522523,2
30.0,17.0,13.16,5.39,3.0,0.0,3.0,3.0,14.44,0.58,46.78,1,2.3970856102003646,1.0889894419306183,30.0,2
30.0,16.0,13.58,4.01,2.0,19.0,14.0,7.0,14.77,1.89,100.0,2,3.304136253041363,1.0796783625730995,0.7329842931937173,3
43.0,19.0,4.11,4.6,5.0,10.0,14.0,0.0,5.6,1.78,26.76,0,0.8744680851063832,1.330166270783848,1.3861386138613863,0
32.0,12.0,13.9,7.75,6.0,18.0,10.0,9.0,16.08,1.43,100.0,2,1.7707006369426752,1.1485714285714284,0.5524861878453038,1
23.0,2.0,10.83,5.11,0.0,14.0,1.0,2.0,12.87,0.65,81.94,2,2.0786948176583495,1.1774931381518756,0.07092198581560284,2
27.0,0.0,10.44,8.97,2.0,17.0,17.0,0.0,14.35,0.56,48.65,1,1.1510474090407938,1.3614800759013284,0.9941520467836257,1
43.0,3.0,4.15,4.84,7.0,15.0,2.0,1.0,8.01,0.95,34.26,0,0.8400809716599192,1.8847058823529412,0.13245033112582782,0
22.0,12.0,12.61,7.94,5.0,6.0,17.0,9.0,17.5,0.71,77.5,2,1.5684079601990046,1.3768686073957515,2.7868852459016393,1
41.0,16.0,5.45,7.53,3.0,9.0,13.0,6.0,7.69,1.8,28.51,0,0.7142857142857143,1.3855855855855856,1.4285714285714286,0
40.0,10.0,12.37,5.61,4.0,15.0,5.0,0.0,17.12,0.25,85.2,2,2.166374781085814,1.3728949478749,0.33112582781456956,2
21.0,1.0,4.16,5.65,2.0,16.0,1.0,8.0,7.61,1.45,51.03,1,0.7234782608695652,1.7863849765258217,0.06211180124223602,0
43.0,15.0,10.46,6.82,5.0,6.0,0.0,7.0,13.44,1.22,64.45,1,1.5115606936416186,1.2727272727272727,0.0,1
31.0,1.0,8.35,8.26,1.0,10.0,7.0,0.0,12.02,1.61,19.79,0,0.9988038277511962,1.4224852071005918,0.6930693069306931,0
25.0,18.0,6.01,5.93,0.0,16.0,9.0,9.0,9.82,1.08,37.07,1,0.9966832504145937,1.6072013093289692,0.5590062111801242,0
21.0,18.0,5.08,4.31,4.0,4.0,19.0,0.0,6.77,1.26,19.68,0,1.1519274376417237,1.306949806949807,4.634146341463415,1
40.0,15.0,8.4,5.87,2.0,0.0,17.0,1.0,12.41,1.93,27.68,0,1.407035175879397,1.46,170.0,1
20.0,18.0,5.23,5.04,5.0,2.0,19.0,1.0,9.13,0.18,27.93,0,1.0175097276264593,1.7129455909943716,9.047619047619047,1
31.0,8.0,8.86,8.7,4.0,15.0,10.0,5.0,13.85,0.21,46.3,1,1.0068181818181818,1.5457589285714286,0.6622516556291391,1
41.0,0.0,10.25,7.49,1.0,14.0,17.0,0.0,14.9,0.79,43.95,1,1.3504611330698288,1.4396135265700485,1.2056737588652482,1
31.0,9.0,12.27,4.25,2.0,3.0,26.0,3.0,16.01,0.95,56.11,1,2.820689655172414,1.2942603071948264,8.387096774193548,2
44.0,18.0,10.79,5.46,7.0,11.0,15.0,6.0,14.64,0.4,89.65,2,1.9406474820143884,1.34435261707989,1.3513513513513513,1
36.0,0.0,4.65,4.25,4.0,0.0,4.0,8.0,9.43,0.17,38.84,1,1.0689655172413794,1.9852631578947368,40.0,1
29.0,1.0,7.07,8.15,2.0,16.0,6.0,9.0,11.94,0.04,35.43,1,0.856969696969697,1.6652719665271967,0.37267080745341613,0
35.0,15.0,6.88,8.53,7.0,14.0,14.0,2.0,11.19,1.53,30.34,0,0.7972190034762457,1.6031518624641834,0.9929078014184397,0
34.0,11.0,13.15,4.56,2.0,19.0,1.0,3.0,17.22,0.97,90.03,2,2.821888412017168,1.2996226415094339,0.05235602094240837,2
34.0,7.0,12.68,6.2,4.0,19.0,10.0,4.0,14.13,1.69,81.65,2,2.0126984126984127,1.1056338028169015,0.5235602094240838,2
38.0,17.0,7.7,8.66,2.0,9.0,12.0,4.0,12.02,0.72,53.795,0,0.8789954337899544,1.541025641025641,1.3186813186813187,0
31.0,1.0,4.71,4.73,1.0,10.0,19.0,1.0,6.72,1.41,17.83,0,0.9751552795031055,1.3970893970893972,1.8811881188118813,0
32.0,12.0,12.94,5.46,4.0,17.0,23.0,4.0,16.2,0.98,89.57,2,2.327338129496403,1.2423312883435582,1.3450292397660817,2
39.0,5.0,12.88,5.52,5.0,1.0,27.0,9.0,15.5,1.22,83.11,2,2.2918149466192177,1.1941448382126347,24.545454545454543,2
44.0,5.0,12.55,4.15,6.0,5.0,15.0,0.0,14.93,0.74,76.09,2,2.9529411764705884,1.1802371541501975,2.9411764705882355,2
22.0,8.0,12.45,4.18,4.0,15.0,29.0,6.0,14.69,0.16,99.13,2,2.9088785046728973,1.1705179282868527,1.9205298013245033,2
24.0,15.0,8.8,8.76,1.0,6.0,13.0,4.0,13.22,1.89,31.36,0,0.9932279909706547,1.4853932584269662,2.1311475409836067,0
32.0,10.0,5.77,6.86,1.0,18.0,6.0,5.0,9.85,1.67,50.25,1,0.8290229885057471,1.678023850085179,0.3314917127071823,0
26.0,6.0,8.77,5.53,1.0,11.0,6.0,8.0,11.86,0.62,80.33,2,1.5577264653641207,1.3370913190529876,0.5405405405405406,1
40.0,9.0,8.95,5.89,7.0,17.0,11.0,2.0,12.61,1.92,72.3,2,1.4941569282136895,1.3933701657458564,0.6432748538011696,1
28.0,9.0,8.9,7.57,5.0,9.0,11.0,0.0,12.02,0.6,59.88,1,1.1603650586701435,1.3355555555555556,1.208791208791209,1
26.0,19.0,9.39,5.83,5.0,6.0,19.0,7.0,11.98,0.89,69.16,1,1.5834738617200677,1.2623814541622762,3.114754098360656,1
37.0,10.0,6.58,5.14,6.0,3.0,0.0,1.0,9.78,1.51,9.61,0,1.255725190839695,1.464071856287425,0.0,1
23.0,19.0,7.66,4.51,6.0,16.0,22.0,1.0,10.79,0.62,77.59,1,1.661605206073753,1.3904639175257731,1.3664596273291925,1
44.0,8.0,8.34,7.64,2.0,16.0,5.0,9.0,13.08,0.65,80.09,2,1.0775193798449614,1.5497630331753556,0.3105590062111801,1
33.0,14.0,5.31,4.9,2.0,3.0,7.0,3.0,7.72,0.82,30.84,0,1.0619999999999998,1.4269870609981516,2.258064516129032,1
37.0,3.0,8.55,4.35,3.0,4.0,26.0,4.0,13.5,0.94,33.53,0,1.921348314606742,1.560693641618497,6.341463414634147,1
28.0,7.0,12.1,6.13,6.0,0.0,12.0,0.0,14.32,0.25,57.67,1,1.942215088282504,1.1737704918032787,120.0,1
40.0,8.0,12.28,4.2,6.0,18.0,14.0,2.0,13.72,0.03,100.0,2,2.855813953488372,1.1082390953150243,0.7734806629834253,2
21.0,12.0,8.12,8.82,2.0,10.0,23.0,7.0,9.89,1.02,27.13,1,0.9103139013452914,1.2031630170316303,2.2772277227722775,0
39.0,8.0,9.19,7.14,1.0,0.0,9.0,5.0,11.89,0.71,37.93,1,1.2693370165745856,1.2798708288482241,90.0,1
34.0,10.0,4.34,4.76,3.0,7.0,26.0,2.0,7.94,0.2,30.59,0,0.8930041152263375,1.7882882882882887,3.6619718309859155,0
26.0,16.0,10.74,4.86,6.0,3.0,13.0,6.0,13.81,1.52,62.75,1,2.1653225806451615,1.2739852398523985,4.193548387096774,2
31.0,15.0,8.05,6.85,1.0,9.0,23.0,5.0,10.56,0.59,54.06,1,1.1582733812949642,1.2957055214723927,2.5274725274725274,1
27.0,14.0,8.45,5.78,0.0,16.0,8.0,4.0,11.7,1.02,42.29,1,1.4370748299319727,1.368421052631579,0.49689440993788814,1
34.0,2.0,12.74,7.87,7.0,17.0,16.0,7.0,17.1,1.93,90.88,2,1.5984943538268508,1.3317757009345796,0.935672514619883,1
22.0,19.0,8.62,6.73,6.0,2.0,2.0,7.0,12.98,1.84,51.74,1,1.2620790629575402,1.4885321100917435,0.9523809523809523,1
33.0,4.0,4.21,6.17,5.0,17.0,11.0,2.0,8.11,0.21,37.08,1,0.671451355661882,1.8816705336426915,0.6432748538011696,0
36.0,4.0,6.27,8.81,4.0,6.0,11.0,7.0,11.08,1.8,27.54,0,0.7037037037037036,1.7394034536891683,1.8032786885245902,0
32.0,19.0,8.76,5.95,0.0,16.0,10.0,9.0,12.12,1.78,65.02,1,1.4479338842975207,1.3679458239277653,0.6211180124223602,1
37.0,14.0,8.24,6.0,5.0,17.0,21.0,8.0,9.27,1.27,74.56,2,1.3508196721311476,1.1115107913669064,1.2280701754385963,1
27.0,17.0,12.6,7.33,5.0,19.0,28.0,9.0,14.76,1.06,85.01,2,1.695827725437416,1.1622047244094489,1.4659685863874345,1
23.0,14.0,9.42,8.05,7.0,7.0,3.0,2.0,11.73,0.43,53.35,1,1.1558282208588957,1.2321428571428572,0.4225352112676057,1
21.0,1.0,10.9,7.13,1.0,10.0,7.0,7.0,14.09,0.24,67.97,1,1.5076071922544954,1.280909090909091,0.6930693069306931,1
25.0,12.0,8.69,7.49,2.0,2.0,9.0,7.0,13.31,1.21,28.27,0,1.144927536231884,1.5142207053469854,4.285714285714286,1
41.0,3.0,8.4,5.86,4.0,6.0,13.0,6.0,12.75,1.64,60.33,1,1.4093959731543624,1.5,2.1311475409836067,1
29.0,9.0,8.46,6.4,2.0,14.0,29.0,7.0,10.39,1.38,71.37,2,1.3015384615384618,1.213785046728972,2.0567375886524824,1
23.0,12.0,8.11,4.99,2.0,9.0,0.0,0.0,11.19,0.36,40.12,1,1.593320235756385,1.3629719853836786,0.0,1
41.0,9.0,9.39,7.4,6.0,11.0,11.0,2.0,13.03,0.58,66.95,1,1.252,1.3730242360379346,0.990990990990991,1
37.0,8.0,6.5,5.11,4.0,11.0,4.0,5.0,11.45,1.09,67.44,1,1.2476007677543186,1.7348484848484849,0.3603603603603604,1
31.0,7.0,12.91,4.01,4.0,18.0,13.0,6.0,14.04,1.25,94.85,2,3.1411192214111927,1.0791698693312837,0.718232044198895,3
21.0,2.0,7.33,8.67,0.0,18.0,3.0,6.0,10.19,0.14,44.12,1,0.8358038768529077,1.3714670255720054,0.16574585635359115,0
29.0,15.0,5.48,5.53,1.0,14.0,27.0,5.0,10.43,1.23,21.81,0,0.9733570159857905,1.8691756272401432,1.9148936170212767,0
23.0,13.0,4.97,4.98,2.0,4.0,16.0,3.0,9.88,1.47,11.49,0,0.9783464566929133,1.9487179487179491,3.9024390243902443,0
33.0,8.0,4.13,5.34,7.0,12.0,25.0,4.0,6.45,0.36,43.62,1,0.7591911764705883,1.5248226950354613,2.066115702479339,0
35.0,10.0,8.23,5.65,1.0,8.0,21.0,8.0,9.23,0.49,41.79,1,1.431304347826087,1.1080432172869148,2.5925925925925926,1
34.0,2.0,5.88,6.37,1.0,9.0,25.0,0.0,9.23,0.52,12.94,0,0.9088098918083463,1.5434782608695654,2.7472527472527473,0
27.0,4.0,4.22,4.35,7.0,7.0,12.0,1.0,8.69,1.88,32.7,0,0.9483146067415731,2.0115740740740744,1.6901408450704227,0
33.0,9.0,9.2,4.26,6.0,8.0,2.0,4.0,11.5,0.81,67.55,1,2.1100917431192663,1.2365591397849465,0.2469135802469136,2
32.0,12.0,10.8,5.46,3.0,5.0,10.0,4.0,15.54,1.06,47.26,1,1.942446043165468,1.4256880733944952,1.9607843137254903,1
44.0,3.0,4.86,5.48,0.0,17.0,10.0,6.0,7.19,1.45,59.52,1,0.8709677419354839,1.4495967741935485,0.5847953216374269,0
27.0,12.0,8.61,4.59,2.0,9.0,4.0,7.0,12.05,0.74,50.52,1,1.835820895522388,1.3834672789896674,0.43956043956043955,1
40.0,11.0,11.44,6.02,5.0,14.0,5.0,9.0,15.33,0.21,100.0,2,1.8692810457516342,1.3284228769497402,0.3546099290780142,1
35.0,4.0,13.86,5.42,4.0,12.0,3.0,5.0,16.24,1.31,85.75,2,2.5108695652173916,1.163323782234957,0.24793388429752067,2
32.0,9.0,10.67,4.13,4.0,10.0,9.0,5.0,13.08,1.33,74.13,2,2.522458628841608,1.2144846796657383,0.8910891089108911,2
37.0,8.0,6.45,8.43,1.0,1.0,9.0,4.0,9.33,0.52,14.94,0,0.7561547479484174,1.4244274809160307,8.181818181818182,0
34.0,19.0,11.17,8.43,7.0,7.0,11.0,4.0,15.51,0.07,73.75,2,1.3094958968347012,1.3762200532386868,1.5492957746478875,1
40.0,6.0,9.98,5.05,0.0,17.0,21.0,7.0,11.38,1.33,85.14,2,1.9378640776699032,1.128968253968254,1.2280701754385963,1
43.0,1.0,6.12,4.81,0.0,2.0,22.0,4.0,9.65,1.41,31.25,0,1.2464358452138495,1.5514469453376207,10.476190476190476,1
44.0,6.0,12.51,6.74,2.0,2.0,17.0,5.0,16.22,0.05,48.16,1,1.8289473684210527,1.2862807295796985,8.095238095238095,1
32.0,7.0,8.27,7.15,2.0,6.0,29.0,2.0,11.5,1.39,24.92,0,1.1406896551724137,1.3739545997610516,4.754098360655738,1
28.0,6.0,13.62,8.79,1.0,17.0,14.0,4.0,18.36,1.88,62.08,1,1.532058492688414,1.338192419825073,0.8187134502923976,1
34.0,13.0,11.23,5.89,1.0,8.0,22.0,8.0,14.64,0.36,59.72,1,1.874791318864775,1.292144748455428,2.7160493827160495,1
32.0,18.0,10.45,7.09,1.0,17.0,22.0,2.0,13.99,1.04,53.795,1,1.4534075104311543,1.3260663507109007,1.286549707602339,1
20.0,4.0,11.28,8.39,3.0,0.0,17.0,7.0,14.68,1.39,23.31,0,1.3286219081272084,1.2899824253075571,170.0,1
44.0,17.0,8.78,6.25,0.0,3.0,2.0,6.0,12.67,0.46,34.76,0,1.3826771653543306,1.426801801801802,0.6451612903225806,1
26.0,19.0,9.05,4.61,1.0,3.0,2.0,3.0,10.59,1.5,30.82,0,1.9214437367303612,1.157377049180328,0.6451612903225806,1
28.0,11.0,12.51,5.89,6.0,16.0,0.0,4.0,12.02,1.74,84.17,2,2.0884808013355594,0.9532117367168914,0.0,2
43.0,16.0,10.81,4.68,0.0,1.0,16.0,7.0,11.98,1.63,38.74,1,2.261506276150628,1.0980751604032997,14.545454545454545,2
20.0,12.0,12.97,4.08,5.0,14.0,9.0,9.0,16.53,0.52,100.0,2,3.1028708133971294,1.2647283856159144,0.6382978723404256,3
31.0,1.0,12.91,7.76,4.0,12.0,26.0,6.0,16.37,1.61,94.11,2,1.642493638676845,1.2582628747117603,2.1487603305785123,1
27.0,12.0,13.76,5.19,4.0,8.0,5.0,9.0,15.59,0.83,92.27,2,2.601134215500945,1.124819624819625,0.617283950617284,2
43.0,6.0,11.0,4.01,0.0,6.0,24.0,9.0,12.16,0.53,66.48,1,2.6763990267639906,1.0954954954954956,3.934426229508197,2
30.0,9.0,9.02,8.36,5.0,11.0,24.0,1.0,10.58,0.34,47.32,1,1.066193853427896,1.1600877192982457,2.1621621621621623,1
38.0,5.0,5.66,6.22,4.0,11.0,10.0,7.0,7.75,1.82,46.08,1,0.8955696202531647,1.3454861111111112,0.9009009009009009,0
36.0,2.0,11.05,5.19,4.0,13.0,13.0,7.0,15.58,0.85,100.0,2,2.0888468809073726,1.3973094170403586,0.9923664122137404,2
27.0,2.0,6.92,5.31,4.0,14.0,16.0,8.0,11.34,1.73,61.98,1,1.279112754158965,1.6153846153846154,1.1347517730496455,1
22.0,17.0,6.83,5.2,2.0,0.0,27.0,1.0,8.09,0.32,23.62,0,1.288679245283019,1.1673881673881674,270.0,1
22.0,10.0,6.38,4.97,5.0,8.0,6.0,3.0,8.54,1.53,27.37,0,1.2583826429980278,1.317901234567901,0.7407407407407408,1
20.0,19.0,12.75,8.21,7.0,15.0,21.0,1.0,17.31,0.22,69.62,1,1.5342960288808662,1.3470817120622567,1.390728476821192,1
24.0,4.0,12.68,4.85,2.0,8.0,3.0,3.0,12.02,0.04,66.59,1,2.561616161616162,0.9405320813771518,0.3703703703703704,2
29.0,18.0,10.31,6.81,0.0,15.0,10.0,2.0,15.29,1.99,35.54,1,1.4920405209840812,1.4687800192122957,0.6622516556291391,1
26.0,18.0,8.73,4.39,0.0,1.0,18.0,6.0,10.76,0.15,45.81,1,1.9443207126948778,1.218573046432616,16.363636363636363,1
28.0,14.0,10.72,8.75,3.0,9.0,8.0,5.0,14.68,0.92,52.52,1,1.2112994350282487,1.3567467652495377,0.8791208791208791,1
26.0,15.0,10.07,7.02,7.0,17.0,25.0,6.0,12.74,1.76,80.74,2,1.4143258426966294,1.2527040314650935,1.461988304093567,1
28.0,8.0,8.16,8.52,2.0,12.0,20.0,1.0,9.7,1.64,13.41,0,0.9466357308584687,1.1743341404358354,1.6528925619834711,0
27.0,3.0,7.8,5.99,0.0,1.0,7.0,3.0,9.82,0.94,11.68,0,1.2807881773399015,1.2430379746835445,6.363636363636363,1
31.0,14.0,7.83,8.05,7.0,12.0,19.0,5.0,11.53,1.22,49.9,1,0.9607361963190184,1.4539722572509457,1.5702479338842976,0
21.0,11.0,9.89,8.27,2.0,2.0,3.0,4.0,12.24,1.26,18.4,0,1.1816009557945044,1.2252252252252251,1.4285714285714286,1
20.0,2.0,10.48,7.51,3.0,14.0,15.0,1.0,13.9,0.22,37.85,1,1.3771353482260185,1.3137996219281665,1.0638297872340425,1
35.0,13.0,8.52,4.46,0.0,2.0,5.0,6.0,10.34,0.57,53.49,1,1.868421052631579,1.1995359628770303,2.380952380952381,1
42.0,16.0,13.69,4.08,0.0,9.0,5.0,1.0,16.48,0.6,85.23,2,3.2751196172248807,1.1950688905003626,0.5494505494505495,3
42.0,18.0,4.84,4.84,0.0,5.0,18.0,8.0,7.89,0.76,46.48,1,0.979757085020243,1.597165991902834,3.5294117647058827,0
43.0,5.0,7.47,4.59,0.0,13.0,1.0,6.0,10.12,0.55,63.16,1,1.5927505330490406,1.3368560105680316,0.07633587786259542,1
24.0,3.0,8.19,7.63,1.0,8.0,10.0,2.0,9.98,0.5,25.99,0,1.0595084087968951,1.2038600723763573,1.234567901234568,1
22.0,6.0,4.17,6.79,5.0,17.0,24.0,5.0,7.02,0.71,70.82,2,0.6052249637155298,1.6440281030444965,1.4035087719298245,0
31.0,18.0,7.65,6.63,5.0,9.0,17.0,4.0,11.42,0.76,54.65,1,1.1367013372956911,1.4735483870967743,1.8681318681318682,1
27.0,16.0,6.74,5.26,2.0,5.0,8.0,8.0,11.6,0.97,37.59,1,1.2574626865671643,1.695906432748538,1.5686274509803924,1
41.0,15.0,9.06,4.77,2.0,14.0,27.0,2.0,13.22,0.35,77.57,2,1.8603696098562632,1.443231441048035,1.9148936170212767,1
22.0,14.0,7.36,5.03,7.0,13.0,15.0,1.0,9.01,1.58,53.43,1,1.4346978557504875,1.207774798927614,1.1450381679389314,1
20.0,7.0,11.26,6.0,7.0,14.0,10.0,1.0,13.35,1.72,81.9,2,1.8459016393442624,1.1751760563380282,0.7092198581560284,1
22.0,18.0,9.1,7.7,2.0,19.0,13.0,3.0,10.42,0.5,79.14,2,1.1666666666666667,1.132608695652174,0.6806282722513088,1
24.0,7.0,5.3,5.27,3.0,5.0,7.0,0.0,6.84,0.25,13.55,0,0.9869646182495345,1.2666666666666668,1.3725490196078431,0
34.0,17.0,11.5,7.49,6.0,11.0,26.0,8.0,13.5,1.44,76.99,2,1.5151515151515151,1.1637931034482758,2.3423423423423424,1
33.0,10.0,4.99,6.46,1.0,9.0,12.0,2.0,6.79,1.85,18.34,0,0.7606707317073171,1.3339882121807467,1.3186813186813187,0
22.0,19.0,8.99,8.43,6.0,18.0,9.0,4.0,14.24,0.07,88.81,2,1.0539273153575617,1.5665566556655666,0.49723756906077343,1
20.0,18.0,13.31,5.16,2.0,7.0,22.0,5.0,15.23,0.03,56.48,1,2.5304182509505706,1.1357196122296793,3.098591549295775,2
24.0,9.0,7.22,6.25,7.0,4.0,11.0,7.0,9.42,0.37,53.37,1,1.137007874015748,1.2868852459016396,2.682926829268293,1
42.0,16.0,13.26,4.48,7.0,9.0,20.0,2.0,14.76,1.37,76.6,2,2.895196506550218,1.1047904191616766,2.197802197802198,2
33.0,12.0,11.93,5.68,2.0,10.0,28.0,4.0,14.04,1.93,60.52,1,2.06401384083045,1.167082294264339,2.7722772277227725,2
26.0,12.0,13.22,6.53,0.0,19.0,2.0,6.0,16.97,1.5,72.74,2,1.9939668174962293,1.274024024024024,0.10471204188481674,1
28.0,6.0,10.66,7.66,7.0,13.0,1.0,1.0,12.61,1.02,57.58,1,1.3737113402061856,1.1719330855018586,0.07633587786259542,1
34.0,9.0,6.36,4.99,6.0,13.0,10.0,2.0,8.05,1.4,70.27,2,1.2495088408644401,1.2461300309597525,0.7633587786259542,1
34.0,1.0,12.95,5.09,7.0,1.0,23.0,7.0,14.22,0.46,83.65,2,2.4951830443159926,1.0896551724137933,20.909090909090907,2
29.0,3.0,5.84,7.16,0.0,16.0,17.0,9.0,8.84,1.38,49.5,1,0.8044077134986226,1.4882154882154883,1.0559006211180124,0
32.0,5.0,6.13,5.91,7.0,14.0,23.0,7.0,10.5,0.64,72.19,2,1.0199667221297837,1.6853932584269664,1.6312056737588654,1
38.0,17.0,6.71,6.41,6.0,2.0,20.0,2.0,7.95,0.44,41.8,1,1.0307219662058371,1.167400881057269,9.523809523809524,1
26.0,5.0,7.04,8.18,4.0,2.0,24.0,9.0,10.21,0.47,35.94,1,0.8502415458937199,1.4299719887955185,11.428571428571429,0
36.0,16.0,9.14,6.5,0.0,2.0,3.0,6.0,12.74,1.34,51.86,1,1.384848484848485,1.3787878787878787,1.4285714285714286,1
39.0,13.0,11.13,7.26,2.0,2.0,7.0,1.0,14.5,1.53,19.28,0,1.5122282608695654,1.2911843276936776,3.333333333333333,1
23.0,10.0,13.26,7.28,0.0,17.0,28.0,8.0,17.77,1.16,85.48,2,1.7967479674796747,1.3300898203592815,1.6374269005847952,1
24.0,10.0,4.88,8.02,2.0,5.0,10.0,7.0,9.35,0.13,21.9,0,0.6009852216748769,1.8775100401606426,1.9607843137254903,0
42.0,1.0,13.54,7.19,6.0,13.0,14.0,5.0,14.77,0.08,100.0,2,1.857338820301783,1.0828445747800588,1.0687022900763359,1
26.0,2.0,13.21,4.32,3.0,2.0,22.0,8.0,15.65,0.43,69.56,1,2.98868778280543,1.175807663410969,10.476190476190476,2
32.0,10.0,4.54,5.71,3.0,0.0,27.0,6.0,8.22,0.57,31.65,0,0.7814113597246128,1.7715517241379313,270.0,0
34.0,5.0,7.6,8.95,4.0,9.0,23.0,3.0,12.41,0.81,31.31,0,0.839779005524862,1.6116883116883118,2.5274725274725274,0
30.0,13.0,12.13,4.98,7.0,12.0,20.0,4.0,16.35,0.15,91.36,2,2.3877952755905514,1.3368765331152903,1.6528925619834711,2
23.0,18.0,10.12,6.93,1.0,8.0,1.0,6.0,11.83,1.45,63.48,1,1.4395448079658606,1.1575342465753427,0.1234567901234568,1
32.0,15.0,11.79,8.21,0.0,1.0,22.0,4.0,13.91,1.42,37.83,1,1.418772563176895,1.1698906644238858,20.0,1
26.0,6.0,11.19,6.93,5.0,9.0,18.0,9.0,15.24,0.69,92.55,2,1.5917496443812233,1.349867139061116,1.978021978021978,1
38.0,7.0,8.97,5.86,0.0,11.0,14.0,7.0,11.86,1.13,69.2,1,1.50503355704698,1.3076074972436602,1.2612612612612613,1
41.0,18.0,4.41,4.4,1.0,18.0,28.0,4.0,7.6,0.2,79.65,2,0.98,1.6851441241685143,1.5469613259668507,0
21.0,19.0,9.84,5.81,7.0,2.0,25.0,4.0,13.28,0.83,63.34,1,1.6649746192893402,1.336016096579477,11.904761904761905,1
29.0,15.0,4.49,4.91,7.0,18.0,25.0,4.0,5.9,1.72,57.44,1,0.8962075848303394,1.2854030501089326,1.3812154696132595,0
32.0,6.0,8.99,8.8,6.0,0.0,25.0,3.0,14.46,1.32,30.01,0,1.010112359550562,1.590759075907591,250.0,1
44.0,8.0,12.0,7.58,1.0,14.0,27.0,6.0,16.45,0.21,93.99,2,1.5625,1.359504132231405,1.9148936170212767,1
40.0,12.0,8.99,7.75,6.0,12.0,26.0,1.0,12.72,1.7,51.96,1,1.145222929936306,1.3993399339933994,2.1487603305785123,1
25.0,0.0,13.97,6.18,4.0,6.0,25.0,9.0,17.48,1.36,90.61,2,2.224522292993631,1.2423596304193318,4.0983606557377055,2
31.0,7.0,8.56,4.55,1.0,1.0,12.0,3.0,12.2,0.91,45.25,1,1.8408602150537638,1.4087759815242493,10.909090909090908,1
31.0,3.0,11.49,5.33,2.0,19.0,1.0,2.0,13.25,1.38,74.21,2,2.116022099447514,1.1432269197584124,0.05235602094240837,2
39.0,2.0,10.67,5.3,0.0,10.0,2.0,9.0,12.12,0.35,68.94,1,1.975925925925926,1.1253481894150417,0.19801980198019803,1
30.0,2.0,13.91,6.43,1.0,15.0,29.0,7.0,14.99,1.1,97.54,2,2.1301684532924963,1.0699500356887937,1.9205298013245033,2
42.0,12.0,11.13,6.3,2.0,13.0,13.0,6.0,15.78,1.24,67.87,1,1.7390625000000002,1.4051647373107745,0.9923664122137404,1
44.0,7.0,5.64,6.17,1.0,14.0,19.0,2.0,8.02,1.86,45.92,1,0.8995215311004785,1.397212543554007,1.3475177304964538,0
26.0,6.0,13.56,6.48,5.0,19.0,25.0,3.0,14.9,0.13,74.28,2,2.060790273556231,1.0907759882869692,1.3089005235602094,2
20.0,0.0,10.68,8.94,2.0,18.0,12.0,3.0,13.54,0.75,58.43,1,1.18141592920354,1.2560296846011132,0.6629834254143646,1
20.0,10.0,4.59,5.49,3.0,6.0,26.0,9.0,5.89,1.87,40.25,1,0.8211091234347049,1.255863539445629,4.262295081967213,0
44.0,5.0,10.58,7.08,7.0,8.0,22.0,6.0,11.92,0.43,64.74,1,1.4735376044568247,1.1161048689138577,2.7160493827160495,1
32.0,6.0,12.83,5.2,2.0,3.0,25.0,7.0,15.79,1.63,81.52,2,2.4207547169811323,1.2211910286156225,8.064516129032258,2
39.0,11.0,8.99,6.33,4.0,5.0,15.0,3.0,12.81,0.0,53.93,1,1.3981337480559877,1.4092409240924093,2.9411764705882355,1
32.0,8.0,7.54,5.0,6.0,9.0,11.0,7.0,10.86,0.05,63.01,1,1.4784313725490197,1.4214659685863875,1.208791208791209,1
28.0,10.0,12.21,6.79,2.0,2.0,0.0,0.0,15.84,0.66,42.35,1,1.7721335268505083,1.2867587327376115,0.0,1
22.0,9.0,11.83,5.33,1.0,0.0,5.0,8.0,15.5,1.54,43.22,1,2.1786372007366483,1.2992455993294216,50.0,2
26.0,0.0,9.44,4.18,3.0,5.0,12.0,6.0,12.02,0.21,69.95,1,2.2056074766355143,1.259958071278826,2.3529411764705883,2
25.0,17.0,5.54,8.08,7.0,4.0,21.0,3.0,9.11,0.77,37.09,1,0.6772616136919316,1.6152482269503545,5.121951219512195,0
27.0,3.0,6.51,4.64,7.0,14.0,23.0,7.0,8.73,0.26,75.52,2,1.3734177215189876,1.320726172465961,1.6312056737588654,1
28.0,4.0,11.38,5.84,3.0,10.0,1.0,9.0,14.15,0.45,85.54,2,1.915824915824916,1.2325783972125435,0.09900990099009901,1
24.0,8.0,12.06,6.39,2.0,19.0,17.0,1.0,14.63,1.01,64.71,1,1.8582434514637907,1.203125,0.8900523560209423,1
20.0,16.0,6.79,6.16,1.0,12.0,16.0,7.0,9.11,0.64,46.82,1,1.084664536741214,1.3222060957910013,1.322314049586777,1
38.0,2.0,7.68,7.63,7.0,5.0,18.0,9.0,9.63,0.42,68.6,1,0.9935316946959897,1.2377892030848332,3.5294117647058827,0
29.0,15.0,4.78,6.98,3.0,4.0,22.0,5.0,6.09,0.79,21.16,0,0.6751412429378532,1.2479508196721312,5.365853658536586,0
31.0,4.0,11.13,5.48,5.0,1.0,14.0,6.0,14.15,1.4,80.33,2,1.9946236559139785,1.2600178094390027,12.727272727272727,1
43.0,15.0,4.04,4.26,2.0,16.0,7.0,6.0,7.19,0.24,62.99,1,0.9266055045871561,1.7367149758454108,0.43478260869565216,0
34.0,2.0,4.47,6.46,2.0,11.0,22.0,1.0,6.81,0.96,5.05,0,0.6814024390243902,1.490153172866521,1.981981981981982,0
41.0,19.0,4.04,5.76,6.0,11.0,8.0,1.0,8.94,0.55,55.71,1,0.689419795221843,2.1594202898550727,0.7207207207207208,0
43.0,14.0,10.45,8.45,7.0,13.0,7.0,3.0,13.68,0.76,50.56,1,1.2222222222222223,1.2966824644549764,0.5343511450381679,1
28.0,2.0,8.17,5.98,7.0,6.0,7.0,5.0,12.73,1.64,47.09,1,1.34375,1.539298669891173,1.1475409836065575,1
39.0,19.0,6.98,7.59,7.0,13.0,10.0,3.0,10.26,1.86,47.17,1,0.9076723016905073,1.4491525423728813,0.7633587786259542,0
36.0,13.0,13.13,8.7,2.0,9.0,17.0,5.0,14.89,0.49,63.74,1,1.492045454545455,1.125472411186697,1.8681318681318682,1
36.0,15.0,5.93,7.26,3.0,8.0,16.0,4.0,10.83,1.26,23.32,0,0.8057065217391305,1.7960199004975126,1.9753086419753088,0
39.0,16.0,7.89,6.07,0.0,13.0,21.0,5.0,12.43,1.35,50.73,1,1.2787682333873582,1.555694618272841,1.6030534351145038,1
31.0,19.0,13.4,6.84,1.0,16.0,22.0,8.0,16.29,1.68,100.0,2,1.9308357348703171,1.2066666666666666,1.3664596273291925,1
26.0,17.0,8.27,6.72,4.0,16.0,5.0,5.0,10.24,1.8,75.15,2,1.2126099706744868,1.2234169653524494,0.3105590062111801,1
21.0,17.0,9.55,6.92,4.0,12.0,22.0,5.0,11.44,0.94,81.8,2,1.3603988603988606,1.1854922279792746,1.8181818181818183,1
22.0,13.0,4.8,4.73,7.0,17.0,23.0,7.0,9.02,1.97,56.74,1,0.9937888198757764,1.8408163265306123,1.3450292397660817,0
36.0,17.0,11.9,7.49,1.0,18.0,1.0,4.0,13.18,1.94,73.98,2,1.5678524374176548,1.0983333333333334,0.055248618784530384,1
24.0,14.0,8.23,4.73,0.0,16.0,0.0,4.0,11.78,1.01,66.92,1,1.7039337474120084,1.4141656662665065,0.0,1
36.0,14.0,12.01,4.07,6.0,5.0,9.0,9.0,15.57,1.08,70.3,2,2.8800959232613907,1.2857142857142858,1.7647058823529413,2
43.0,5.0,6.54,7.12,6.0,11.0,7.0,0.0,8.27,1.34,29.61,0,0.9058171745152355,1.2454819277108433,0.6306306306306306,0
36.0,14.0,8.22,4.58,6.0,5.0,15.0,5.0,12.04,0.75,62.75,1,1.7564102564102566,1.4471153846153844,2.9411764705882355,1
36.0,17.0,11.87,7.85,6.0,2.0,23.0,0.0,15.69,1.32,37.02,1,1.4930817610062894,1.3107769423558897,10.952380952380953,1
21.0,3.0,13.74,8.33,1.0,14.0,13.0,7.0,16.14,1.03,75.53,2,1.6298932384341638,1.166184971098266,0.9219858156028369,1
21.0,7.0,4.6,8.72,2.0,9.0,23.0,9.0,7.53,0.07,27.66,0,0.5215419501133787,1.6021276595744685,2.5274725274725274,0
41.0,14.0,12.12,7.32,5.0,14.0,15.0,8.0,16.45,1.71,98.03,2,1.6334231805929917,1.3461538461538463,1.0638297872340425,1
42.0,2.0,7.01,6.41,1.0,0.0,13.0,5.0,10.1,1.88,20.09,0,1.076804915514593,1.4205344585091422,130.0,1
24.0,14.0,9.51,5.76,1.0,2.0,25.0,8.0,12.98,0.05,33.76,0,1.6228668941979523,1.3506763787721126,11.904761904761905,1
20.0,12.0,6.9,6.45,5.0,4.0,6.0,1.0,9.55,1.58,34.87,0,1.0534351145038168,1.3642857142857143,1.4634146341463417,1
20.0,8.0,10.13,4.95,3.0,13.0,17.0,8.0,11.73,0.77,71.24,2,2.005940594059406,1.1466275659824048,1.297709923664122,2
38.0,1.0,7.54,5.74,4.0,3.0,19.0,3.0,12.53,1.17,21.1,0,1.2910958904109588,1.6400523560209423,6.129032258064516,1
21.0,7.0,7.34,7.59,7.0,8.0,8.0,2.0,10.47,1.0,40.88,1,0.9544863459037711,1.4072580645161292,0.9876543209876544,0
40.0,19.0,4.38,5.09,4.0,17.0,23.0,0.0,6.73,1.1,41.71,1,0.8439306358381503,1.502232142857143,1.3450292397660817,0
31.0,16.0,5.47,5.32,7.0,9.0,3.0,0.0,9.33,0.99,27.55,0,1.0092250922509225,1.6750448833034113,0.32967032967032966,1
25.0,12.0,13.17,7.75,2.0,7.0,23.0,7.0,16.65,1.71,73.59,2,1.6777070063694268,1.2547098718914844,3.23943661971831,1
42.0,0.0,13.98,4.89,5.0,12.0,25.0,1.0,15.91,1.37,81.21,2,2.801603206412826,1.1299715909090908,2.066115702479339,2
23.0,1.0,11.81,5.23,6.0,1.0,28.0,0.0,16.32,0.83,33.42,0,2.2157598499061915,1.3702770780856424,25.454545454545453,2
42.0,14.0,6.87,4.09,6.0,19.0,15.0,1.0,8.15,1.38,54.86,1,1.6396181384248212,1.169296987087518,0.7853403141361256,1
32.0,11.0,8.02,7.6,2.0,19.0,21.0,2.0,11.44,1.93,45.83,1,1.0415584415584416,1.4088669950738917,1.0994764397905759,1
32.0,13.0,11.4,7.09,3.0,6.0,10.0,3.0,14.31,0.16,55.98,1,1.585535465924896,1.2443478260869565,1.639344262295082,1
36.0,1.0,13.69,7.47,2.0,10.0,8.0,8.0,15.96,0.78,77.97,2,1.8084544253632762,1.1573604060913707,0.7920792079207921,1
25.0,17.0,8.55,5.07,5.0,4.0,16.0,6.0,12.86,1.74,32.0,0,1.653771760154739,1.4867052023121385,3.9024390243902443,1
43.0,6.0,12.3,7.44,5.0,17.0,21.0,4.0,15.93,1.48,73.98,2,1.6312997347480107,1.2846774193548387,1.2280701754385963,1
24.0,5.0,13.75,6.98,0.0,7.0,10.0,4.0,17.79,1.87,64.73,1,1.942090395480226,1.284476534296029,1.4084507042253522,1
39.0,13.0,12.73,5.83,3.0,9.0,19.0,5.0,15.39,0.08,80.22,2,2.146711635750422,1.1995323460639127,2.087912087912088,2
21.0,7.0,6.27,6.19,5.0,1.0,2.0,0.0,11.04,1.73,19.83,0,0.9968203497615261,1.7331240188383046,1.8181818181818181,0
25.0,1.0,4.08,6.84,5.0,2.0,20.0,5.0,12.02,1.58,22.61,0,0.5878962536023056,2.875598086124402,9.523809523809524,0
41.0,16.0,8.92,6.47,3.0,4.0,14.0,5.0,12.04,1.63,22.87,0,1.3576864535768647,1.334811529933481,3.414634146341464,1
30.0,4.0,9.31,7.21,6.0,15.0,10.0,4.0,14.04,1.19,59.74,1,1.2735978112175104,1.492029755579171,0.6622516556291391,1
35.0,13.0,6.01,4.9,1.0,9.0,7.0,9.0,7.34,1.02,64.45,1,1.202,1.2013093289689036,0.7692307692307693,1
35.0,19.0,6.85,6.7,6.0,10.0,26.0,8.0,8.29,1.08,63.64,1,1.0073529411764706,1.1928057553956835,2.5742574257425743,1
20.0,2.0,11.65,6.25,4.0,18.0,9.0,9.0,16.63,0.82,99.68,2,1.8346456692913387,1.41531914893617,0.49723756906077343,1
28.0,4.0,8.7,6.31,0.0,15.0,5.0,9.0,13.59,1.05,80.57,2,1.357254290171607,1.544318181818182,0.33112582781456956,1
25.0,15.0,7.17,6.35,6.0,11.0,16.0,4.0,11.26,1.48,62.38,1,1.1116279069767443,1.548830811554333,1.4414414414414416,1
35.0,17.0,10.23,8.41,5.0,1.0,5.0,8.0,13.17,1.19,30.72,0,1.2021151586368979,1.2749273959341723,4.545454545454545,1
22.0,16.0,10.53,8.09,3.0,10.0,6.0,9.0,13.55,0.59,66.73,1,1.2857142857142858,1.274694261523989,0.594059405940594,1
39.0,10.0,11.69,7.15,3.0,0.0,12.0,6.0,13.72,1.2,54.91,1,1.6124137931034481,1.1636980491942326,120.0,1
23.0,16.0,5.57,7.58,7.0,4.0,5.0,2.0,8.3,0.17,33.08,0,0.7252604166666667,1.4638447971781308,1.2195121951219514,0
38.0,15.0,11.42,6.46,1.0,13.0,2.0,8.0,14.15,0.01,100.0,2,1.7408536585365855,1.2282986111111112,0.15267175572519084,1
22.0,1.0,9.99,7.72,6.0,9.0,26.0,9.0,11.13,0.8,100.0,2,1.2774936061381075,1.1030723488602578,2.857142857142857,1
38.0,3.0,4.58,6.43,4.0,6.0,24.0,6.0,7.39,1.51,39.64,1,0.7013782542113324,1.579059829059829,3.934426229508197,0
39.0,6.0,11.77,5.59,4.0,4.0,12.0,3.0,14.69,1.65,49.05,1,2.068541300527241,1.2375737152485258,2.9268292682926833,2
26.0,1.0,7.83,4.7,5.0,7.0,9.0,8.0,11.49,1.1,71.94,2,1.63125,1.4489281210592686,1.267605633802817,1
39.0,5.0,7.3,4.38,1.0,14.0,25.0,5.0,10.37,1.74,75.7,2,1.6294642857142858,1.4013513513513514,1.773049645390071,1
28.0,16.0,8.48,6.46,5.0,4.0,3.0,8.0,12.93,0.25,53.795,2,1.2926829268292683,1.5069930069930069,0.7317073170731708,1
20.0,6.0,7.46,4.81,2.0,12.0,4.0,3.0,9.93,1.93,49.79,1,1.519348268839104,1.3134920634920635,0.3305785123966942,1
27.0,4.0,7.38,4.15,3.0,18.0,20.0,9.0,10.02,1.84,95.2,2,1.736470588235294,1.339572192513369,1.1049723756906076,1
26.0,10.0,12.08,7.66,6.0,1.0,18.0,1.0,15.37,1.2,43.63,1,1.556701030927835,1.2619047619047619,16.363636363636363,1
37.0,19.0,5.25,5.24,6.0,4.0,27.0,8.0,12.02,0.12,53.795,1,0.9831460674157304,2.2467289719626167,6.585365853658537,0
27.0,15.0,13.71,5.84,5.0,4.0,17.0,9.0,16.28,0.91,84.06,2,2.3080808080808084,1.1788559015206372,4.146341463414634,2
20.0,18.0,9.55,8.11,0.0,5.0,14.0,3.0,13.29,0.36,19.31,0,1.1632155907429966,1.37720207253886,2.7450980392156863,1
30.0,8.0,8.99,4.57,6.0,15.0,6.0,1.0,8.48,1.26,59.79,1,1.9250535331905783,0.932893289328933,0.3973509933774835,1
44.0,4.0,5.31,8.18,4.0,1.0,20.0,6.0,9.94,0.38,19.62,0,0.6413043478260869,1.8373382624768948,18.18181818181818,0
44.0,7.0,9.92,7.2,5.0,4.0,28.0,6.0,13.38,0.96,54.14,1,1.358904109589041,1.3353293413173655,6.829268292682928,1
37.0,8.0,10.33,5.71,2.0,14.0,0.0,4.0,11.95,0.41,76.57,2,1.7779690189328745,1.1457334611697028,0.0,1
42.0,4.0,4.53,4.59,3.0,0.0,25.0,4.0,7.48,0.36,15.41,0,0.9658848614072496,1.615550755939525,250.0,0
29.0,9.0,6.43,4.46,7.0,18.0,16.0,7.0,10.49,0.5,92.33,2,1.4100877192982457,1.6064318529862176,0.8839779005524862,1
22.0,1.0,11.95,5.68,6.0,2.0,23.0,5.0,15.52,0.06,66.97,1,2.067474048442907,1.2879668049792532,10.952380952380953,2
26.0,8.0,4.5,4.7,7.0,18.0,19.0,0.0,9.04,1.43,46.19,1,0.9375,1.9652173913043478,1.0497237569060773,0
35.0,10.0,12.55,5.34,2.0,14.0,28.0,3.0,16.55,0.61,48.28,1,2.306985294117647,1.308300395256917,1.9858156028368794,2
35.0,3.0,10.58,4.26,7.0,2.0,19.0,0.0,11.83,1.4,49.11,1,2.4266055045871564,1.107677902621723,9.047619047619047,2
44.0,1.0,8.34,6.98,5.0,7.0,29.0,4.0,9.79,1.31,34.63,0,1.1779661016949152,1.1599526066350712,4.084507042253521,1
39.0,5.0,7.46,4.73,3.0,14.0,24.0,4.0,11.06,1.02,60.88,1,1.5445134575569357,1.462962962962963,1.702127659574468,1
36.0,13.0,4.19,7.78,3.0,0.0,17.0,3.0,6.14,0.62,0.0,0,0.5317258883248731,1.4312354312354312,170.0,0
21.0,0.0,12.25,5.09,1.0,5.0,4.0,8.0,15.6,1.13,64.9,1,2.360308285163777,1.263157894736842,0.7843137254901962,2
20.0,17.0,5.43,7.99,1.0,16.0,21.0,7.0,9.6,1.84,39.47,1,0.6711990111248455,1.735985533453888,1.3043478260869563,0
35.0,6.0,7.1,4.95,7.0,15.0,5.0,9.0,10.41,0.8,88.32,2,1.4059405940594059,1.4458333333333335,0.33112582781456956,1
31.0,0.0,9.69,7.61,0.0,12.0,9.0,2.0,12.35,1.01,58.65,1,1.2568093385214008,1.2614913176710931,0.7438016528925621,1
24.0,0.0,6.46,5.67,0.0,0.0,27.0,4.0,10.05,1.5,16.42,0,1.1195840554592722,1.5320121951219514,270.0,1
24.0,0.0,8.97,6.92,6.0,2.0,29.0,5.0,10.54,1.61,36.26,1,1.277777777777778,1.1620727673649391,13.809523809523808,1
42.0,3.0,12.09,4.19,7.0,5.0,18.0,4.0,15.98,1.85,67.96,1,2.8181818181818183,1.3109105824446268,3.5294117647058827,2
28.0,3.0,8.71,6.48,2.0,19.0,9.0,7.0,12.5,0.99,85.9,2,1.3237082066869301,1.4188422247446084,0.47120418848167533,1
28.0,17.0,13.49,4.74,1.0,2.0,5.0,4.0,16.55,0.39,69.53,1,2.7871900826446283,1.2178072111846947,2.380952380952381,2
22.0,10.0,12.48,6.43,3.0,14.0,9.0,7.0,14.6,1.53,72.17,2,1.9111791730474734,1.1605723370429253,0.6382978723404256,1
38.0,0.0,7.33,4.71,1.0,14.0,9.0,9.0,11.52,0.25,67.24,1,1.523908523908524,1.550471063257066,0.6382978723404256,1
35.0,9.0,8.0,6.19,7.0,10.0,20.0,9.0,11.04,0.84,72.88,2,1.2718600953895072,1.362962962962963,1.9801980198019802,1
35.0,8.0,8.23,4.55,3.0,5.0,11.0,2.0,9.47,1.26,37.06,1,1.76989247311828,1.1368547418967587,2.1568627450980395,1
22.0,3.0,10.26,5.1,1.0,5.0,23.0,4.0,14.93,1.38,42.65,1,1.9730769230769234,1.441119691119691,4.509803921568627,1
39.0,5.0,6.87,6.98,3.0,8.0,3.0,3.0,10.94,1.47,28.35,0,0.9703389830508474,1.569583931133429,0.3703703703703704,0
43.0,15.0,13.69,8.88,7.0,13.0,12.0,5.0,17.03,0.39,88.96,2,1.5244988864142537,1.234952864394489,0.916030534351145,1
32.0,1.0,10.09,6.25,2.0,10.0,25.0,2.0,12.84,1.96,49.67,1,1.588976377952756,1.2600588812561335,2.4752475247524752,1
43.0,17.0,7.99,7.44,1.0,5.0,9.0,9.0,12.83,0.36,47.98,1,1.0596816976127321,1.5859085290482078,1.7647058823529413,1
20.0,9.0,10.45,6.7,4.0,17.0,15.0,3.0,14.55,0.19,84.89,2,1.5367647058823528,1.3791469194312798,0.8771929824561403,1
43.0,16.0,7.95,6.49,4.0,19.0,18.0,3.0,12.02,1.33,66.82,1,1.2063732928679818,1.4931677018633538,0.9424083769633507,1
39.0,12.0,12.18,4.32,3.0,14.0,5.0,4.0,15.79,1.82,70.5,2,2.755656108597285,1.2858306188925082,0.3546099290780142,2
30.0,17.0,9.68,4.72,2.0,8.0,25.0,5.0,11.8,1.12,55.7,1,2.0082987551867224,1.2065439672801637,3.0864197530864197,2
36.0,12.0,4.42,8.42,3.0,10.0,29.0,1.0,6.2,1.19,10.24,0,0.5187793427230047,1.3716814159292037,2.871287128712871,0
27.0,16.0,5.77,6.05,2.0,1.0,8.0,9.0,7.86,1.08,30.85,0,0.9382113821138212,1.3390119250425896,7.2727272727272725,0
23.0,4.0,12.65,7.07,7.0,5.0,13.0,7.0,14.82,0.09,71.77,2,1.7642956764295676,1.1623529411764706,2.5490196078431375,1
25.0,10.0,9.63,6.64,4.0,13.0,23.0,3.0,12.02,1.36,44.47,1,1.4287833827893177,1.2353545734840699,1.7557251908396947,1
27.0,6.0,13.5,5.89,1.0,13.0,9.0,6.0,15.06,0.72,95.53,2,2.253756260434057,1.1073529411764707,0.6870229007633588,2
39.0,9.0,4.72,5.94,2.0,12.0,7.0,6.0,8.83,1.87,26.78,0,0.7814569536423841,1.8319502074688798,0.578512396694215,0
22.0,16.0,6.95,6.78,4.0,4.0,2.0,9.0,10.04,0.37,52.01,1,1.0101744186046513,1.4241134751773048,0.48780487804878053,1
35.0,14.0,5.94,4.71,3.0,8.0,16.0,1.0,8.48,0.6,45.53,1,1.234927234927235,1.403973509933775,1.9753086419753088,1
44.0,17.0,9.54,5.94,6.0,10.0,18.0,6.0,11.74,1.01,68.33,1,1.5794701986754964,1.2178423236514524,1.7821782178217822,1
22.0,18.0,7.83,6.23,6.0,6.0,29.0,0.0,10.88,0.95,57.55,1,1.2369668246445498,1.3720050441361917,4.754098360655738,1
44.0,1.0,5.57,8.93,0.0,1.0,2.0,1.0,7.84,0.8,9.45,0,0.6168327796234774,1.382716049382716,1.8181818181818181,0
37.0,3.0,10.43,5.76,6.0,11.0,13.0,4.0,13.15,0.63,50.4,1,1.779863481228669,1.2488129154795822,1.1711711711711712,1
33.0,2.0,9.36,7.22,4.0,4.0,27.0,7.0,13.32,0.29,40.73,1,1.278688524590164,1.408033826638478,6.585365853658537,1
37.0,6.0,6.75,4.69,4.0,1.0,5.0,6.0,10.25,1.64,35.57,1,1.4091858037578289,1.4963503649635037,4.545454545454545,1
21.0,17.0,8.8,4.33,4.0,13.0,14.0,2.0,12.79,0.9,59.17,1,1.9864559819413095,1.437078651685393,1.0687022900763359,1
41.0,9.0,11.46,8.36,1.0,6.0,18.0,9.0,15.31,1.15,66.29,1,1.3546099290780145,1.32439446366782,2.9508196721311477,1
22.0,6.0,6.05,7.65,5.0,4.0,17.0,8.0,10.31,1.09,42.8,1,0.7806451612903226,1.6764227642276426,4.146341463414634,0
35.0,7.0,6.93,5.59,1.0,3.0,11.0,4.0,8.74,1.15,11.56,0,1.2179261862917399,1.2432432432432434,3.5483870967741935,1
28.0,5.0,7.46,6.52,6.0,9.0,14.0,2.0,12.44,1.41,51.94,1,1.1268882175226587,1.6455026455026456,1.5384615384615385,1
23.0,0.0,8.99,4.68,0.0,15.0,24.0,6.0,14.37,1.26,99.69,2,1.8807531380753142,1.5808580858085808,1.589403973509934,1
20.0,3.0,12.47,7.54,6.0,5.0,5.0,3.0,16.34,0.55,46.86,1,1.6321989528795813,1.299920445505171,0.9803921568627452,1
23.0,13.0,7.76,4.35,4.0,5.0,20.0,0.0,11.47,1.11,30.11,0,1.7438202247191013,1.4592875318066159,3.9215686274509807,1
20.0,16.0,6.97,7.79,7.0,8.0,11.0,4.0,10.23,0.49,40.05,1,0.8833967046894804,1.446958981612447,1.3580246913580247,0
33.0,19.0,12.89,6.73,2.0,0.0,18.0,7.0,17.87,1.18,69.17,1,1.8872620790629575,1.3756735950731331,180.0,1
40.0,17.0,13.99,5.39,4.0,15.0,6.0,3.0,15.86,0.86,100.0,2,2.548269581056467,1.1256210078069553,0.3973509933774835,2
35.0,10.0,10.7,8.31,5.0,16.0,22.0,6.0,13.39,0.08,75.55,2,1.272294887039239,1.239814814814815,1.3664596273291925,1
39.0,13.0,13.9,8.93,1.0,12.0,19.0,7.0,15.41,1.47,68.85,1,1.5393133997785162,1.1007142857142858,1.5702479338842976,1
43.0,8.0,10.6,5.27,3.0,5.0,9.0,8.0,12.33,0.55,79.34,2,1.973929236499069,1.152336448598131,1.7647058823529413,1
27.0,14.0,11.33,8.03,6.0,1.0,17.0,8.0,15.18,1.84,51.25,1,1.3936039360393606,1.3280839895013123,15.454545454545453,1
26.0,11.0,7.89,7.75,0.0,7.0,1.0,4.0,8.91,0.56,33.93,0,1.0050955414012739,1.1151439299123906,0.14084507042253522,1
22.0,9.0,8.33,7.74,5.0,3.0,12.0,5.0,12.89,1.99,41.33,1,1.0625,1.5290628706998814,3.8709677419354835,1
36.0,18.0,5.44,8.79,4.0,8.0,14.0,6.0,8.97,0.93,36.72,1,0.6119235095613049,1.6191335740072204,1.7283950617283952,0
20.0,18.0,12.23,6.43,2.0,6.0,27.0,9.0,14.99,0.05,81.09,2,1.872894333843798,1.2157339821573399,4.426229508196721,1
35.0,5.0,13.31,7.37,5.0,0.0,23.0,1.0,15.64,0.15,36.22,1,1.781793842034806,1.1662938105891125,230.0,1
31.0,19.0,8.99,8.12,7.0,13.0,3.0,8.0,11.74,0.16,87.89,2,1.0936739659367398,1.2915291529152915,0.22900763358778625,1
38.0,5.0,7.44,6.4,7.0,1.0,6.0,0.0,12.13,0.11,36.98,1,1.1446153846153846,1.6087533156498675,5.454545454545454,1
41.0,7.0,5.54,6.41,4.0,7.0,2.0,5.0,9.39,0.54,39.9,1,0.8509984639016898,1.6648936170212767,0.28169014084507044,0
42.0,0.0,6.65,6.46,2.0,10.0,24.0,5.0,9.0,0.65,32.91,0,1.0137195121951221,1.3333333333333333,2.376237623762376,1
41.0,16.0,6.55,7.9,0.0,4.0,15.0,6.0,7.83,1.02,34.26,0,0.81875,1.1774436090225564,3.658536585365854,0
32.0,16.0,10.14,7.43,7.0,17.0,25.0,5.0,12.44,0.88,60.52,1,1.3466135458167332,1.21484375,1.461988304093567,1
25.0,14.0,13.45,6.26,2.0,11.0,8.0,5.0,15.19,0.73,55.54,1,2.1147798742138364,1.1210332103321035,0.7207207207207208,2
25.0,6.0,4.48,6.1,2.0,19.0,22.0,5.0,8.63,1.27,47.11,1,0.7225806451612905,1.884279475982533,1.1518324607329842,0
32.0,18.0,8.99,4.36,7.0,18.0,22.0,8.0,7.89,0.39,63.2,1,2.015695067264574,0.8679867986798679,1.2154696132596685,2
32.0,2.0,10.0,4.03,4.0,4.0,16.0,5.0,12.99,1.83,61.71,1,2.4213075060532687,1.2861386138613862,3.9024390243902443,2
41.0,10.0,6.84,6.64,0.0,6.0,25.0,4.0,11.38,1.03,14.01,0,1.0148367952522257,1.6397694524495678,4.0983606557377055,1
27.0,19.0,12.81,6.09,7.0,1.0,7.0,6.0,14.53,1.25,65.33,1,2.0694668820678515,1.1254841208365607,6.363636363636363,2
21.0,18.0,7.27,7.98,7.0,16.0,17.0,6.0,10.08,0.08,51.79,1,0.8997524752475247,1.3677069199457261,1.0559006211180124,0
40.0,8.0,6.9,6.71,3.0,12.0,23.0,4.0,10.74,1.12,37.3,1,1.013215859030837,1.5342857142857143,1.9008264462809918,1
20.0,9.0,6.7,8.68,7.0,10.0,26.0,6.0,7.97,0.74,50.44,1,0.7630979498861049,1.1720588235294118,2.5742574257425743,0
34.0,1.0,5.45,4.98,3.0,4.0,12.0,2.0,7.94,1.85,35.78,1,1.0728346456692914,1.4306306306306307,2.9268292682926833,1
20.0,0.0,9.82,8.95,2.0,12.0,1.0,6.0,13.11,1.77,47.65,1,1.085082872928177,1.3215725806451613,0.08264462809917356,1
24.0,15.0,5.68,5.49,5.0,12.0,0.0,5.0,8.15,1.28,48.91,1,1.0161001788908766,1.4100346020761247,0.0,1
35.0,17.0,8.25,7.21,7.0,7.0,15.0,5.0,11.17,1.54,55.69,1,1.12859097127223,1.3377245508982036,2.1126760563380285,1
38.0,16.0,8.99,6.51,1.0,10.0,15.0,1.0,12.04,1.29,53.795,1,1.3600605143721636,1.3245324532453244,1.4851485148514851,1
23.0,5.0,4.2,5.8,0.0,7.0,10.0,1.0,6.67,0.03,19.21,0,0.7118644067796611,1.5511627906976744,1.4084507042253522,0
22.0,13.0,4.17,4.7,6.0,9.0,23.0,6.0,5.59,1.41,49.99,1,0.86875,1.3091334894613584,2.5274725274725274,0
36.0,14.0,9.2,4.67,1.0,10.0,3.0,0.0,10.76,1.02,43.76,1,1.928721174004193,1.1569892473118282,0.297029702970297,1
36.0,13.0,10.96,7.56,0.0,0.0,10.0,8.0,14.07,1.37,33.84,0,1.430809399477807,1.2721518987341771,100.0,1
31.0,2.0,13.42,5.89,0.0,6.0,25.0,2.0,15.12,0.02,64.23,1,2.240400667779633,1.1183431952662721,4.0983606557377055,2
33.0,18.0,5.79,8.81,4.0,7.0,5.0,5.0,10.35,0.62,4.31,0,0.6498316498316499,1.7572156196943973,0.7042253521126761,0
40.0,11.0,5.03,5.63,7.0,5.0,25.0,2.0,9.37,1.03,6.95,0,0.8778359511343806,1.8265107212475633,4.901960784313726,0
25.0,1.0,4.52,8.92,2.0,13.0,28.0,8.0,6.92,0.67,52.52,1,0.5011086474501109,1.497835497835498,2.1374045801526718,0
22.0,2.0,8.36,5.03,4.0,19.0,10.0,9.0,12.68,1.39,99.08,2,1.6296296296296295,1.4988179669030735,0.5235602094240838,1
28.0,17.0,10.23,4.51,7.0,6.0,25.0,6.0,13.36,1.05,65.06,1,2.219088937093276,1.2933204259438529,4.0983606557377055,2
24.0,0.0,12.41,5.56,5.0,2.0,0.0,0.0,14.05,1.92,31.91,0,2.192579505300354,1.123101518784972,0.0,2
43.0,19.0,10.83,8.43,6.0,1.0,8.0,3.0,14.29,0.72,45.25,1,1.269636576787808,1.3074107959743824,7.2727272727272725,1
36.0,5.0,6.08,6.61,1.0,17.0,26.0,4.0,9.8,1.44,51.79,1,0.9061102831594635,1.585760517799353,1.5204678362573099,0
33.0,4.0,8.62,4.68,4.0,2.0,6.0,6.0,9.96,1.67,31.11,0,1.8033472803347281,1.1422018348623855,2.857142857142857,1
40.0,0.0,13.1,5.01,3.0,13.0,20.0,6.0,15.36,0.51,91.64,2,2.5636007827788654,1.1636363636363636,1.5267175572519085,2
22.0,18.0,7.27,5.56,5.0,17.0,21.0,4.0,8.29,1.51,44.54,1,1.284452296819788,1.12483039348711,1.2280701754385963,1
20.0,0.0,8.99,6.95,6.0,12.0,2.0,0.0,11.26,0.79,44.81,1,1.275177304964539,1.2387238723872387,0.1652892561983471,1
39.0,15.0,13.59,5.66,5.0,7.0,28.0,4.0,15.93,0.26,77.65,2,2.359375,1.1636230825420015,3.943661971830986,2
40.0,11.0,11.35,7.74,7.0,3.0,8.0,4.0,14.87,0.01,59.37,1,1.447704081632653,1.2986899563318777,2.5806451612903225,1
42.0,7.0,11.48,7.08,4.0,14.0,1.0,3.0,13.28,1.49,88.79,2,1.5988857938718664,1.1468048359240068,0.07092198581560284,1
20.0,15.0,6.52,8.37,7.0,11.0,27.0,5.0,7.64,0.37,36.48,1,0.769775678866588,1.1540785498489428,2.4324324324324325,0
22.0,0.0,8.15,6.46,4.0,13.0,9.0,7.0,10.41,0.1,84.27,2,1.2423780487804879,1.2618181818181817,0.6870229007633588,1
37.0,3.0,4.82,5.66,5.0,19.0,16.0,9.0,9.12,0.99,65.69,1,0.8368055555555557,1.8536585365853657,0.8376963350785339,0
44.0,9.0,10.07,6.46,4.0,6.0,29.0,4.0,12.67,0.69,36.15,1,1.5350609756097562,1.2458210422812193,4.754098360655738,1
29.0,10.0,5.04,5.78,3.0,11.0,0.0,7.0,7.7,1.38,54.62,1,0.8571428571428572,1.4980544747081714,0.0,0
41.0,16.0,12.36,6.14,7.0,8.0,25.0,4.0,12.02,0.21,71.21,2,1.9807692307692308,0.9646869983948636,3.0864197530864197,1
22.0,6.0,12.15,8.05,6.0,9.0,17.0,2.0,16.16,0.27,54.29,1,1.49079754601227,1.3191836734693878,1.8681318681318682,1
27.0,11.0,9.34,4.44,6.0,7.0,5.0,7.0,12.26,0.81,77.97,2,2.05726872246696,1.298728813559322,0.7042253521126761,2
33.0,6.0,5.41,5.93,4.0,19.0,5.0,3.0,6.78,1.04,57.85,1,0.8971807628524048,1.2304900181488205,0.2617801047120419,0
43.0,11.0,4.26,4.43,4.0,1.0,8.0,2.0,6.09,1.65,6.04,0,0.9403973509933776,1.3967889908256883,7.2727272727272725,0
37.0,14.0,11.97,4.7,6.0,15.0,9.0,2.0,13.72,1.17,100.0,2,2.4937500000000004,1.1367025683512841,0.5960264900662252,2
34.0,1.0,10.0,4.02,5.0,17.0,14.0,5.0,13.03,1.81,78.85,2,2.4271844660194177,1.2900990099009901,0.8187134502923976,2
41.0,13.0,11.11,4.05,6.0,19.0,3.0,7.0,12.23,0.44,92.22,2,2.67710843373494,1.0909901873327388,0.15706806282722513,2
42.0,12.0,7.04,5.9,5.0,9.0,7.0,9.0,9.17,1.19,48.92,1,1.1733333333333333,1.2843137254901962,0.7692307692307693,1
21.0,3.0,9.09,8.05,4.0,5.0,3.0,4.0,12.52,1.31,24.65,0,1.1153374233128834,1.3623503808487487,0.5882352941176471,1
29.0,13.0,11.47,6.94,4.0,5.0,2.0,0.0,13.89,1.45,36.59,1,1.6292613636363638,1.2005185825410545,0.3921568627450981,1
21.0,13.0,8.63,7.17,7.0,19.0,3.0,0.0,12.46,1.98,70.87,2,1.18707015130674,1.427262313860252,0.15706806282722513,1
36.0,15.0,10.01,6.6,7.0,12.0,0.0,2.0,12.57,0.94,44.79,1,1.4940298507462688,1.2433234421364987,0.0,1
27.0,6.0,8.99,8.1,5.0,18.0,8.0,5.0,16.82,0.74,100.0,2,1.0963414634146342,1.8503850385038505,0.4419889502762431,1
20.0,18.0,6.15,8.4,1.0,16.0,10.0,1.0,11.01,1.7,18.54,0,0.723529411764706,1.7616,0.6211180124223602,0
28.0,1.0,4.66,8.25,2.0,1.0,20.0,0.0,8.86,0.35,0.0,0,0.5580838323353294,1.861344537815126,18.18181818181818,0
30.0,9.0,9.32,8.06,1.0,17.0,22.0,6.0,14.14,0.07,59.94,1,1.142156862745098,1.5010615711252655,1.286549707602339,1
41.0,17.0,4.62,4.91,4.0,6.0,18.0,1.0,6.44,0.89,53.795,0,0.9221556886227545,1.364406779661017,2.9508196721311477,0
35.0,16.0,11.67,6.97,0.0,13.0,20.0,7.0,15.67,0.49,72.36,2,1.6506364922206507,1.3313508920985557,1.5267175572519085,1
26.0,4.0,11.19,6.91,0.0,14.0,28.0,1.0,13.48,0.79,53.84,1,1.5962910128388017,1.1939769707705936,1.9858156028368794,1
29.0,11.0,12.82,6.64,3.0,7.0,25.0,0.0,16.72,1.97,50.36,1,1.9020771513353119,1.2941176470588234,3.5211267605633805,1
42.0,5.0,10.4,6.4,1.0,8.0,29.0,9.0,12.9,0.7,46.7,1,1.6,1.2285714285714286,3.5802469135802473,1
22.0,8.0,4.67,4.45,4.0,10.0,19.0,1.0,6.83,1.42,29.84,0,1.0263736263736265,1.4318658280922434,1.8811881188118813,1
37.0,19.0,6.53,4.51,7.0,2.0,6.0,1.0,11.37,0.5,37.8,1,1.41648590021692,1.7149321266968325,2.857142857142857,1
44.0,0.0,12.08,8.51,3.0,19.0,4.0,6.0,13.92,0.61,84.46,2,1.4030197444831591,1.1428571428571428,0.20942408376963348,1
43.0,14.0,5.67,7.15,3.0,13.0,1.0,0.0,9.7,0.49,26.41,0,0.7820689655172414,1.681109185441941,0.07633587786259542,0
32.0,5.0,10.98,5.31,0.0,7.0,18.0,2.0,14.68,1.14,42.7,1,2.0295748613678377,1.3249097472924187,2.535211267605634,2
26.0,18.0,11.8,5.4,1.0,2.0,23.0,4.0,14.01,0.45,63.59,1,2.1454545454545455,1.177310924369748,10.952380952380953,2
44.0,17.0,7.3,7.05,2.0,17.0,2.0,6.0,10.13,1.44,61.71,1,1.020979020979021,1.368918918918919,0.11695906432748537,1
23.0,5.0,7.22,6.03,6.0,13.0,14.0,5.0,8.79,1.36,55.89,1,1.1778140293637847,1.2008196721311475,1.0687022900763359,1
32.0,12.0,9.58,6.21,5.0,19.0,6.0,7.0,14.26,0.84,92.93,1,1.5182250396196515,1.4731404958677685,0.31413612565445026,1
39.0,0.0,12.61,4.3,1.0,7.0,4.0,0.0,17.48,0.05,70.75,2,2.865909090909091,1.3752950432730136,0.5633802816901409,2
20.0,12.0,6.24,4.69,7.0,9.0,22.0,6.0,10.17,0.05,62.39,1,1.302713987473904,1.6041009463722398,2.417582417582418,1
27.0,6.0,13.41,5.97,3.0,7.0,9.0,8.0,17.81,1.07,86.75,2,2.209225700164745,1.318282753515914,1.267605633802817,2
33.0,14.0,9.99,7.5,4.0,4.0,8.0,6.0,11.32,1.68,37.04,1,1.3144736842105265,1.1219028741328048,1.9512195121951221,1
35.0,11.0,13.92,4.24,3.0,11.0,22.0,5.0,16.46,1.2,100.0,2,3.207373271889401,1.1740370898716121,1.981981981981982,3
33.0,0.0,4.9,5.67,1.0,1.0,13.0,8.0,7.22,0.87,15.83,0,0.8492201039861353,1.444,11.818181818181817,0
31.0,14.0,5.27,7.48,0.0,16.0,21.0,3.0,8.53,1.76,28.28,0,0.6952506596306068,1.5884543761638734,1.3043478260869563,0
38.0,3.0,12.27,7.96,6.0,12.0,27.0,9.0,14.0,0.39,93.22,2,1.5223325062034738,1.1317704122877932,2.231404958677686,1
42.0,12.0,12.65,4.95,1.0,13.0,12.0,5.0,15.9,0.72,64.2,1,2.504950495049505,1.2470588235294118,0.916030534351145,2
34.0,4.0,8.45,7.66,2.0,8.0,0.0,5.0,12.07,1.13,20.03,0,1.0889175257731958,1.4116959064327488,0.0,1
21.0,1.0,11.14,8.78,5.0,8.0,15.0,9.0,12.67,0.58,66.4,1,1.2545045045045047,1.1272241992882561,1.8518518518518519,1
21.0,0.0,12.68,8.53,5.0,8.0,19.0,2.0,14.21,2.0,67.99,1,1.469293163383546,1.1118935837245698,2.345679012345679,1
42.0,15.0,4.43,7.95,4.0,19.0,7.0,6.0,5.57,0.9,47.94,1,0.5503105590062111,1.2295805739514352,0.36649214659685864,0
41.0,5.0,9.74,7.56,4.0,5.0,16.0,0.0,13.78,0.1,40.69,1,1.2715404699738906,1.4004065040650406,3.1372549019607847,1
38.0,15.0,12.53,5.18,3.0,11.0,5.0,7.0,14.85,0.35,57.93,1,2.3731060606060606,1.1757719714964372,0.45045045045045046,2
44.0,13.0,7.98,7.17,1.0,9.0,1.0,7.0,9.88,1.06,55.22,1,1.0976616231086658,1.2227722772277227,0.10989010989010989,1
41.0,2.0,7.02,7.22,5.0,4.0,12.0,7.0,11.13,1.1,44.61,1,0.959016393442623,1.5632022471910114,2.9268292682926833,0
41.0,14.0,11.96,6.03,0.0,17.0,24.0,8.0,13.53,1.97,90.38,2,1.9510603588907016,1.1218905472636815,1.4035087719298245,1
36.0,2.0,7.36,6.47,2.0,6.0,7.0,3.0,10.07,1.2,30.31,0,1.1202435312024355,1.3498659517426275,1.1475409836065575,1
39.0,1.0,4.03,7.47,3.0,12.0,24.0,5.0,8.01,1.33,15.82,0,0.5323645970937914,1.9394673123486683,1.9834710743801653,0
29.0,0.0,13.6,8.76,1.0,0.0,8.0,6.0,16.9,0.43,43.23,1,1.5349887133182845,1.2335766423357664,80.0,1
25.0,8.0,8.99,5.48,0.0,5.0,29.0,1.0,13.14,0.21,30.52,0,1.6111111111111112,1.4455445544554457,5.686274509803922,1
34.0,8.0,12.2,5.23,1.0,7.0,12.0,5.0,13.83,1.2,70.51,2,2.288930581613508,1.1243902439024391,1.6901408450704227,2
41.0,6.0,12.25,7.01,0.0,8.0,17.0,7.0,13.97,1.73,59.22,1,1.7229254571026724,1.131174089068826,2.0987654320987654,1
30.0,2.0,4.66,4.65,7.0,6.0,17.0,3.0,7.99,1.17,42.12,1,0.9810526315789474,1.6785714285714286,2.7868852459016393,0
24.0,17.0,5.71,6.91,6.0,9.0,8.0,4.0,12.02,0.89,44.68,1,0.8145506419400856,2.068846815834768,0.8791208791208791,0
20.0,10.0,7.11,4.44,1.0,7.0,1.0,7.0,11.59,1.16,66.54,1,1.566079295154185,1.6074895977808599,0.14084507042253522,1
27.0,6.0,7.21,6.45,1.0,1.0,3.0,2.0,9.61,0.94,16.61,0,1.100763358778626,1.3146374829001368,2.727272727272727,1
40.0,10.0,10.59,7.1,7.0,17.0,17.0,5.0,12.02,1.02,83.88,2,1.4708333333333334,1.1244153414405986,0.9941520467836257,1
31.0,0.0,10.23,4.35,6.0,14.0,16.0,0.0,12.26,1.48,53.795,1,2.2988764044943824,1.1868344627299128,1.1347517730496455,2
31.0,13.0,8.95,5.03,5.0,5.0,11.0,3.0,13.46,1.07,21.58,0,1.7446393762183234,1.4872928176795583,2.1568627450980395,1
24.0,19.0,6.11,5.68,3.0,13.0,15.0,5.0,9.68,0.8,47.09,1,1.0570934256055364,1.5587761674718197,1.1450381679389314,1
26.0,5.0,7.82,5.84,1.0,17.0,12.0,2.0,10.62,1.12,58.22,1,1.3164983164983166,1.3409090909090908,0.7017543859649122,1
23.0,6.0,9.44,7.38,1.0,2.0,10.0,0.0,12.78,0.48,18.28,0,1.2620320855614973,1.339622641509434,4.761904761904762,1
25.0,9.0,8.68,6.65,3.0,0.0,13.0,5.0,11.2,0.86,30.96,0,1.285925925925926,1.275626423690205,130.0,1
32.0,6.0,5.27,5.91,3.0,0.0,9.0,2.0,8.13,1.24,5.43,0,0.8768718801996672,1.5139664804469277,90.0,0
39.0,1.0,10.5,6.25,4.0,13.0,22.0,7.0,12.93,0.45,96.02,2,1.6535433070866143,1.219811320754717,1.6793893129770994,1
34.0,3.0,4.73,4.06,4.0,0.0,27.0,6.0,7.37,1.02,28.55,0,1.137019230769231,1.525879917184265,270.0,1
22.0,16.0,7.78,7.85,5.0,0.0,26.0,6.0,10.04,1.04,28.64,0,0.978616352201258,1.2741116751269035,260.0,0
42.0,10.0,11.1,4.21,3.0,3.0,20.0,7.0,12.41,1.72,87.19,2,2.575406032482599,1.1080357142857145,6.451612903225806,2
27.0,9.0,4.2,8.15,6.0,11.0,18.0,6.0,5.35,1.69,18.71,0,0.5090909090909091,1.244186046511628,1.6216216216216217,0
39.0,18.0,9.7,6.7,2.0,14.0,23.0,4.0,11.4,0.99,53.81,1,1.4264705882352942,1.1632653061224492,1.6312056737588654,1
35.0,14.0,7.35,6.64,5.0,3.0,20.0,9.0,9.36,0.39,40.29,1,1.0905044510385757,1.2563758389261745,6.451612903225806,1
32.0,9.0,4.09,7.52,0.0,9.0,16.0,7.0,8.65,1.47,14.2,0,0.5367454068241471,2.064439140811456,1.7582417582417582,0
37.0,18.0,5.9,8.3,7.0,10.0,8.0,7.0,9.34,0.84,59.44,1,0.7023809523809524,1.5566666666666666,0.7920792079207921,0
29.0,11.0,13.41,8.71,3.0,5.0,13.0,5.0,18.24,1.19,53.07,1,1.5221339387060158,1.3501110288675056,2.5490196078431375,1
38.0,15.0,9.21,6.72,4.0,9.0,29.0,9.0,11.57,0.21,71.28,2,1.3504398826979476,1.242749731471536,3.186813186813187,1
36.0,8.0,13.97,4.75,7.0,11.0,4.0,5.0,16.58,1.26,100.0,2,2.880412371134021,1.1783937455579245,0.3603603603603604,2
43.0,14.0,9.25,8.39,1.0,2.0,2.0,1.0,13.13,0.75,24.7,0,1.0895170789163722,1.4042780748663104,0.9523809523809523,1
38.0,16.0,9.44,4.2,3.0,14.0,21.0,7.0,12.75,0.67,75.31,2,2.1953488372093024,1.3364779874213837,1.4893617021276595,2
32.0,13.0,7.92,8.04,3.0,15.0,7.0,9.0,11.03,1.96,66.1,1,0.9729729729729731,1.3753117206982544,0.4635761589403974,0
24.0,17.0,7.1,7.4,4.0,9.0,17.0,0.0,10.4,0.86,22.84,0,0.9466666666666667,1.4444444444444446,1.8681318681318682,0
40.0,1.0,6.52,8.52,4.0,10.0,26.0,8.0,9.86,1.36,43.67,1,0.7563805104408353,1.489425981873112,2.5742574257425743,0
42.0,3.0,7.43,8.49,2.0,15.0,29.0,8.0,11.49,1.26,43.99,1,0.8649592549476135,1.5258964143426297,1.9205298013245033,0
28.0,17.0,8.6,4.27,5.0,16.0,2.0,5.0,12.27,0.21,68.61,1,1.9679633867276891,1.410344827586207,0.12422360248447203,1
31.0,6.0,5.92,7.05,4.0,13.0,22.0,9.0,10.75,1.5,58.28,1,0.8279720279720281,1.7857142857142858,1.6793893129770994,0
40.0,12.0,6.25,4.62,4.0,15.0,1.0,5.0,11.04,0.65,86.25,2,1.3241525423728815,1.7385826771653543,0.06622516556291391,1
20.0,14.0,6.72,4.39,4.0,13.0,26.0,5.0,9.41,1.6,53.63,1,1.4966592427616927,1.3797653958944283,1.984732824427481,1
20.0,0.0,8.49,6.24,7.0,5.0,10.0,3.0,9.63,1.22,43.97,1,1.3391167192429023,1.121071012805588,1.9607843137254903,1
34.0,10.0,10.53,4.49,5.0,9.0,27.0,0.0,11.57,0.63,65.57,1,2.2941176470588234,1.0884289746001883,2.967032967032967,2
21.0,9.0,12.56,7.64,1.0,16.0,4.0,0.0,14.05,0.71,73.23,2,1.6227390180878556,1.1097946287519749,0.24844720496894407,1
41.0,4.0,6.87,8.84,3.0,9.0,24.0,0.0,8.17,1.46,26.74,0,0.7684563758389262,1.1721664275466284,2.6373626373626373,0
35.0,15.0,5.84,6.85,3.0,9.0,29.0,4.0,8.33,1.1,37.64,1,0.8402877697841727,1.4023569023569025,3.186813186813187,0
44.0,10.0,7.79,5.18,4.0,13.0,6.0,6.0,9.0,1.34,61.78,1,1.475378787878788,1.1406844106463878,0.4580152671755725,1
27.0,5.0,12.94,8.22,6.0,19.0,14.0,0.0,16.44,1.02,87.02,2,1.5552884615384615,1.2607361963190187,0.7329842931937173,1
32.0,8.0,4.1,8.27,6.0,16.0,13.0,5.0,5.86,1.57,27.48,0,0.48984468339307047,1.3952380952380956,0.8074534161490683,0
32.0,12.0,10.78,7.66,5.0,8.0,28.0,5.0,13.84,0.64,60.45,1,1.3891752577319587,1.272058823529412,3.4567901234567904,1
20.0,7.0,8.77,7.08,2.0,14.0,18.0,1.0,10.18,1.24,53.46,1,1.2214484679665738,1.1476888387824127,1.2765957446808511,1
35.0,13.0,5.61,8.34,4.0,6.0,1.0,1.0,9.92,0.23,20.81,0,0.6646919431279622,1.7373029772329247,0.1639344262295082,0
26.0,0.0,7.21,4.82,7.0,1.0,25.0,6.0,11.33,0.64,40.57,1,1.4654471544715448,1.5499316005471957,22.727272727272727,1
24.0,16.0,6.25,8.66,5.0,9.0,8.0,8.0,8.8,1.3,19.46,0,0.7134703196347032,1.3858267716535435,0.8791208791208791,0
41.0,4.0,12.78,8.74,5.0,19.0,24.0,7.0,17.42,0.55,79.28,2,1.4457013574660633,1.3524844720496896,1.256544502617801,1
42.0,1.0,8.82,6.46,7.0,17.0,24.0,1.0,10.56,1.76,43.44,1,1.3445121951219514,1.1838565022421526,1.4035087719298245,1
22.0,8.0,9.63,5.25,2.0,10.0,9.0,6.0,13.89,1.32,62.86,1,1.8000000000000003,1.4275436793422405,0.8910891089108911,1
31.0,3.0,9.94,8.29,5.0,4.0,18.0,4.0,13.12,1.74,48.09,1,1.1847437425506557,1.3067729083665338,4.390243902439025,1
35.0,16.0,10.4,6.49,7.0,7.0,16.0,9.0,12.72,0.79,75.93,2,1.5781487101669196,1.2114285714285715,2.2535211267605635,1
38.0,16.0,8.96,6.97,3.0,19.0,24.0,3.0,10.3,0.07,72.52,2,1.2673267326732676,1.1368653421633554,1.256544502617801,1
24.0,17.0,4.18,8.2,2.0,4.0,6.0,9.0,5.87,1.02,27.36,0,0.5036144578313253,1.3714953271028039,1.4634146341463417,0
41.0,15.0,7.35,4.15,2.0,1.0,17.0,3.0,11.8,0.68,19.59,0,1.7294117647058822,1.5838926174496646,15.454545454545453,1
44.0,7.0,5.84,5.81,0.0,4.0,5.0,3.0,9.27,0.9,14.14,0,0.9881556683587142,1.5606060606060608,1.2195121951219514,0
33.0,10.0,10.8,8.08,2.0,2.0,26.0,8.0,12.75,1.36,35.25,1,1.3202933985330074,1.1697247706422018,12.38095238095238,1
24.0,17.0,4.57,8.07,2.0,11.0,8.0,6.0,7.55,1.4,24.2,0,0.5593635250917993,1.6167023554603854,0.7207207207207208,0
34.0,9.0,9.64,8.24,7.0,18.0,7.0,6.0,11.07,0.06,85.59,2,1.155875299760192,1.1365503080082136,0.38674033149171266,1
36.0,12.0,6.11,4.85,1.0,6.0,26.0,3.0,7.51,1.54,27.23,0,1.2343434343434345,1.209339774557166,4.262295081967213,1
33.0,16.0,13.49,7.53,3.0,18.0,27.0,8.0,18.12,0.99,90.15,2,1.7680209698558322,1.3333333333333335,1.4917127071823204,1
39.0,17.0,7.36,4.73,4.0,3.0,21.0,7.0,10.19,1.11,52.79,1,1.523809523809524,1.3659517426273458,6.774193548387097,1
24.0,9.0,7.25,7.93,7.0,13.0,21.0,9.0,9.7,0.6,71.16,2,0.9028642590286426,1.3197278911564625,1.6030534351145038,0
31.0,15.0,13.23,5.23,0.0,18.0,23.0,3.0,18.03,0.84,90.32,2,2.4821763602251408,1.3525881470367593,1.2707182320441988,2
35.0,19.0,8.17,7.69,2.0,17.0,8.0,5.0,10.77,1.42,57.55,1,1.048780487804878,1.3022974607013302,0.4678362573099415,1
35.0,4.0,13.63,6.28,1.0,6.0,14.0,3.0,15.97,1.55,50.77,1,2.1363636363636367,1.1631463947560088,2.295081967213115,2
40.0,12.0,4.24,8.93,1.0,14.0,0.0,0.0,6.33,0.77,0.0,0,0.469545957918051,1.4585253456221199,0.0,0
26.0,17.0,7.06,6.9,7.0,0.0,1.0,4.0,10.32,1.38,30.69,0,1.0085714285714285,1.4413407821229052,10.0,1
23.0,16.0,10.66,7.16,5.0,11.0,21.0,5.0,13.89,0.52,85.3,2,1.4683195592286502,1.2908921933085502,1.8918918918918919,1
20.0,8.0,12.91,6.46,4.0,18.0,23.0,2.0,13.97,1.66,83.66,2,1.967987804878049,1.0737893927747888,1.2707182320441988,1
24.0,13.0,6.56,7.67,4.0,5.0,3.0,0.0,10.18,1.22,35.06,1,0.8442728442728442,1.5285285285285286,0.5882352941176471,0
42.0,16.0,13.3,6.47,6.0,12.0,27.0,1.0,17.45,1.55,67.28,1,2.0243531202435316,1.302238805970149,2.231404958677686,2
29.0,3.0,9.94,4.09,3.0,5.0,19.0,1.0,13.4,0.95,51.02,1,2.372315035799523,1.3346613545816735,3.7254901960784315,2
41.0,17.0,12.01,7.04,6.0,12.0,28.0,7.0,16.49,0.46,87.71,2,1.6820728291316527,1.3616845582163501,2.31404958677686,1
24.0,19.0,7.97,8.15,5.0,14.0,17.0,3.0,10.08,0.86,49.62,1,0.9660606060606061,1.2490706319702602,1.2056737588652482,0
23.0,14.0,6.12,5.18,2.0,15.0,9.0,2.0,7.89,0.76,35.43,1,1.1590909090909092,1.2684887459807075,0.5960264900662252,1
21.0,10.0,13.11,5.11,1.0,7.0,0.0,3.0,16.9,0.67,64.06,1,2.5163147792706333,1.279333838001514,0.0,2
39.0,11.0,13.33,7.04,0.0,12.0,9.0,9.0,15.08,0.42,97.02,2,1.8669467787114846,1.1228592702903946,0.7438016528925621,1
29.0,8.0,8.98,8.09,3.0,12.0,8.0,0.0,10.34,1.52,40.84,1,1.0964590964590966,1.1387665198237886,0.6611570247933884,1
38.0,12.0,4.06,5.25,7.0,19.0,22.0,0.0,5.45,0.17,58.97,1,0.7588785046728972,1.3100961538461542,1.1518324607329842,0
20.0,14.0,5.1,8.66,2.0,19.0,24.0,4.0,9.17,1.78,29.88,0,0.5821917808219178,1.7634615384615386,1.256544502617801,0
43.0,14.0,9.73,8.64,5.0,11.0,12.0,6.0,10.84,0.35,71.59,2,1.1132723112128147,1.1027466937945065,1.0810810810810811,1
24.0,4.0,4.24,6.46,4.0,18.0,14.0,8.0,6.4,1.96,48.45,1,0.6463414634146342,1.4746543778801844,0.7734806629834253,0
32.0,18.0,7.97,5.32,5.0,16.0,17.0,6.0,9.49,1.98,66.71,1,1.470479704797048,1.1759603469640645,1.0559006211180124,1
23.0,19.0,7.03,7.5,2.0,2.0,25.0,4.0,11.05,0.8,10.96,0,0.925,1.5497896213183733,11.904761904761905,0
35.0,13.0,11.14,8.76,5.0,14.0,12.0,2.0,14.15,1.98,72.5,2,1.2573363431151243,1.258896797153025,0.851063829787234,1
43.0,16.0,4.56,7.55,4.0,16.0,4.0,7.0,6.38,1.74,46.51,1,0.596078431372549,1.369098712446352,0.24844720496894407,0
35.0,17.0,8.89,6.22,2.0,5.0,1.0,6.0,12.89,0.16,60.23,1,1.4066455696202533,1.4338153503893214,0.19607843137254904,1
42.0,2.0,9.79,4.85,0.0,9.0,25.0,3.0,13.79,1.89,69.12,1,1.9777777777777779,1.3943377148634986,2.7472527472527473,1
21.0,1.0,10.17,6.31,6.0,11.0,6.0,0.0,13.26,0.09,64.49,1,1.5865834633385336,1.2911392405063291,0.5405405405405406,1
36.0,0.0,8.05,7.03,3.0,3.0,8.0,2.0,10.15,0.36,17.89,0,1.1290322580645162,1.2453987730061349,2.5806451612903225,1
39.0,9.0,7.04,5.65,5.0,11.0,18.0,7.0,10.39,1.17,59.11,1,1.2243478260869565,1.4551820728291318,1.6216216216216217,1
43.0,18.0,10.82,6.55,4.0,1.0,13.0,1.0,15.55,0.16,29.29,0,1.6270676691729324,1.423992673992674,11.818181818181817,1
31.0,16.0,8.99,6.46,0.0,6.0,16.0,8.0,13.69,0.32,73.53,2,1.3704268292682928,1.506050605060506,2.6229508196721314,1
37.0,11.0,10.94,6.26,1.0,15.0,19.0,3.0,13.01,1.91,61.35,1,1.7201257861635222,1.1784420289855073,1.2582781456953642,1
22.0,0.0,13.32,4.45,0.0,11.0,19.0,6.0,15.46,1.99,69.47,1,2.9274725274725277,1.1520119225037257,1.7117117117117118,2
20.0,11.0,11.17,4.25,0.0,15.0,10.0,9.0,14.7,1.6,74.85,2,2.567816091954023,1.3043478260869565,0.6622516556291391,2
20.0,16.0,11.65,8.29,0.0,13.0,21.0,6.0,15.25,1.03,51.69,1,1.3885578069129918,1.297872340425532,1.6030534351145038,1
38.0,2.0,5.68,5.03,7.0,0.0,4.0,7.0,7.51,1.8,40.44,1,1.1072124756335282,1.2993079584775087,40.0,1
30.0,10.0,8.2,6.88,4.0,8.0,11.0,6.0,10.06,0.22,51.04,1,1.1747851002865328,1.2120481927710844,1.3580246913580247,1
24.0,16.0,8.85,4.74,7.0,6.0,28.0,3.0,13.56,1.89,37.76,1,1.828512396694215,1.5150837988826817,4.59016393442623,1
31.0,2.0,6.56,5.31,1.0,4.0,20.0,6.0,10.59,0.7,35.25,1,1.212569316081331,1.5900900900900903,4.878048780487806,1
22.0,7.0,9.29,5.81,3.0,9.0,8.0,4.0,14.03,1.72,57.51,1,1.571912013536379,1.4941427050053249,0.8791208791208791,1
32.0,19.0,6.91,4.72,0.0,9.0,28.0,9.0,11.23,1.34,52.49,1,1.4336099585062243,1.601997146932953,3.076923076923077,1
20.0,3.0,10.88,4.23,4.0,17.0,26.0,6.0,13.49,1.92,73.3,2,2.51270207852194,1.2285974499089254,1.5204678362573099,2
27.0,6.0,8.7,8.39,4.0,6.0,16.0,2.0,10.19,1.73,25.12,0,1.0247349823321554,1.1579545454545455,2.6229508196721314,1
29.0,13.0,8.59,4.06,3.0,17.0,7.0,9.0,12.11,1.78,76.33,2,2.0649038461538467,1.3935558112773303,0.4093567251461988,2
30.0,13.0,13.84,4.31,6.0,9.0,23.0,6.0,16.25,1.26,100.0,2,3.138321995464853,1.16571018651363,2.5274725274725274,3
31.0,3.0,7.92,8.03,2.0,10.0,26.0,6.0,10.62,1.67,36.93,1,0.9741697416974171,1.3241895261845387,2.5742574257425743,0
32.0,15.0,7.62,5.41,1.0,9.0,7.0,1.0,10.32,1.51,33.55,0,1.382940108892922,1.3367875647668395,0.7692307692307693,1
31.0,0.0,7.19,7.61,1.0,8.0,28.0,7.0,11.94,0.32,25.13,0,0.9325551232166018,1.6378600823045266,3.4567901234567904,0
33.0,16.0,12.95,4.73,5.0,14.0,11.0,6.0,14.23,1.3,95.49,2,2.681159420289855,1.0904214559386975,0.7801418439716312,2
21.0,9.0,8.97,5.19,0.0,13.0,29.0,8.0,10.74,0.3,69.36,1,1.6956521739130437,1.1841234840132304,2.213740458015267,1
38.0,15.0,10.0,6.86,2.0,2.0,28.0,3.0,13.43,1.74,21.41,0,1.4367816091954022,1.3297029702970298,13.333333333333332,1
37.0,15.0,5.81,8.94,6.0,13.0,18.0,8.0,10.35,0.13,54.67,1,0.6426991150442478,1.7512690355329952,1.3740458015267176,0
22.0,7.0,9.41,4.37,1.0,15.0,9.0,0.0,14.08,1.97,48.0,1,2.1051454138702463,1.480546792849632,0.5960264900662252,2
42.0,6.0,6.75,6.0,6.0,2.0,23.0,4.0,9.98,0.8,32.45,0,1.1065573770491803,1.4569343065693432,10.952380952380953,1
36.0,5.0,11.31,4.22,5.0,7.0,1.0,9.0,12.45,0.34,78.47,2,2.6180555555555562,1.091148115687993,0.14084507042253522,2
27.0,15.0,12.33,5.0,0.0,1.0,23.0,6.0,14.78,1.87,53.16,1,2.4176470588235297,1.1890587288817378,20.909090909090907,2
29.0,19.0,11.15,8.54,2.0,1.0,27.0,3.0,15.83,0.09,16.99,0,1.2905092592592595,1.4071111111111112,24.545454545454543,1
21.0,15.0,11.3,4.48,4.0,17.0,7.0,6.0,14.3,0.94,91.23,2,2.4672489082969435,1.2543859649122808,0.4093567251461988,2
38.0,6.0,9.12,8.28,0.0,6.0,13.0,8.0,13.03,1.54,39.69,1,1.0883054892601431,1.4132321041214753,2.1311475409836067,1
28.0,8.0,11.12,4.89,2.0,16.0,18.0,4.0,13.2,0.63,96.92,2,2.2284569138276553,1.1764705882352942,1.1180124223602483,2
26.0,13.0,8.23,8.31,3.0,5.0,3.0,4.0,9.33,1.06,27.12,0,0.9785969084423306,1.1200480192076832,0.5882352941176471,0
23.0,10.0,10.51,6.69,1.0,9.0,8.0,1.0,13.82,1.4,56.87,1,1.5478645066273933,1.3025447690857683,0.8791208791208791,1
40.0,13.0,6.59,8.39,6.0,6.0,12.0,4.0,10.93,1.9,36.38,1,0.7762073027090695,1.633781763826607,1.9672131147540985,0
37.0,6.0,4.7,4.76,0.0,3.0,8.0,7.0,9.66,0.21,28.31,0,0.9670781893004117,2.0125,2.5806451612903225,0
32.0,0.0,8.13,7.81,5.0,10.0,25.0,3.0,12.52,0.31,46.13,1,1.0278128950695324,1.5212636695018225,2.4752475247524752,1
30.0,10.0,8.62,7.4,4.0,15.0,12.0,1.0,11.84,1.02,37.72,1,1.1493333333333333,1.3577981651376148,0.794701986754967,1
43.0,19.0,6.56,6.71,5.0,16.0,24.0,7.0,9.99,0.84,58.0,1,0.9632892804698973,1.5000000000000002,1.4906832298136645,0
23.0,2.0,11.28,8.05,6.0,5.0,15.0,3.0,15.58,1.02,52.55,1,1.384049079754601,1.3690685413005275,2.9411764705882355,1
44.0,19.0,4.74,7.24,0.0,19.0,25.0,4.0,5.82,1.02,37.72,1,0.6457765667574932,1.2024793388429753,1.3089005235602094,0
40.0,3.0,6.23,8.39,1.0,18.0,21.0,6.0,11.04,1.12,55.97,1,0.7338044758539458,1.744075829383886,1.160220994475138,0
44.0,10.0,11.49,6.46,1.0,19.0,0.0,4.0,14.61,1.77,82.67,2,1.7515243902439026,1.260569456427955,0.0,1
23.0,1.0,8.37,6.95,2.0,17.0,7.0,9.0,13.18,0.32,79.54,2,1.1872340425531913,1.5560802833530107,0.4093567251461988,1
29.0,13.0,11.05,8.35,5.0,14.0,28.0,3.0,15.11,0.43,72.68,2,1.307692307692308,1.3551569506726457,1.9858156028368794,1
24.0,11.0,9.67,5.07,4.0,1.0,8.0,6.0,11.28,1.34,54.77,1,1.8704061895551258,1.1545547594677585,7.2727272727272725,1
32.0,16.0,13.51,6.43,4.0,18.0,23.0,3.0,15.17,0.11,94.15,2,2.068912710566616,1.1146216017634094,1.2707182320441988,2
43.0,11.0,9.98,8.8,6.0,5.0,12.0,9.0,12.39,1.35,49.21,1,1.1213483146067416,1.2291666666666667,2.3529411764705883,1
22.0,11.0,4.15,6.37,2.0,11.0,16.0,3.0,6.21,0.63,45.24,1,0.6414219474497682,1.4611764705882353,1.4414414414414416,0
36.0,0.0,7.53,5.26,4.0,0.0,27.0,1.0,10.29,0.72,30.22,0,1.4048507462686568,1.348623853211009,270.0,1
22.0,12.0,5.43,5.76,7.0,9.0,21.0,4.0,8.85,0.81,49.35,1,0.9266211604095563,1.600361663652803,2.307692307692308,0
35.0,13.0,13.25,8.43,0.0,18.0,24.0,7.0,16.0,0.7,77.99,2,1.5533411488862838,1.198501872659176,1.3259668508287292,1
23.0,1.0,5.04,8.77,0.0,3.0,8.0,3.0,6.27,1.68,20.62,0,0.5682074408117249,1.2198443579766536,2.5806451612903225,0
37.0,11.0,7.88,8.75,7.0,18.0,6.0,1.0,12.78,1.89,40.65,1,0.8903954802259887,1.6015037593984962,0.3314917127071823,0
36.0,15.0,6.26,7.49,5.0,5.0,22.0,8.0,8.96,1.1,40.13,1,0.8247694334650856,1.4088050314465412,4.313725490196079,0
32.0,3.0,12.47,6.55,6.0,7.0,19.0,5.0,16.87,1.16,72.03,2,1.8751879699248122,1.3420843277645187,2.676056338028169,1
43.0,7.0,7.09,4.91,2.0,8.0,22.0,2.0,8.39,0.14,27.48,0,1.4151696606786428,1.1668984700973577,2.7160493827160495,1
42.0,1.0,13.92,4.62,7.0,9.0,9.0,9.0,18.16,1.43,100.0,2,2.9491525423728815,1.2952924393723253,0.989010989010989,2
24.0,9.0,4.39,4.3,4.0,9.0,20.0,4.0,6.08,1.17,44.22,1,0.9977272727272728,1.3541202672605792,2.197802197802198,0
31.0,8.0,5.28,4.09,3.0,9.0,26.0,5.0,9.0,0.1,37.78,1,1.2601431980906923,1.6728624535315986,2.857142857142857,1
36.0,14.0,6.25,8.39,1.0,3.0,25.0,8.0,9.9,0.4,34.96,0,0.7361601884570083,1.5590551181102363,8.064516129032258,0
42.0,12.0,12.11,8.05,7.0,17.0,4.0,4.0,16.75,0.4,76.61,2,1.485889570552147,1.371826371826372,0.23391812865497075,1
32.0,16.0,12.79,6.84,6.0,11.0,16.0,8.0,15.07,0.34,89.63,2,1.8429394812680115,1.1691233514352213,1.4414414414414416,1
42.0,15.0,4.71,8.99,2.0,10.0,1.0,0.0,6.15,1.32,0.0,0,0.5181518151815182,1.2785862785862787,0.09900990099009901,0
44.0,1.0,4.32,8.77,7.0,15.0,8.0,9.0,8.78,1.86,54.25,1,0.4870349492671929,1.9864253393665157,0.5298013245033113,0
22.0,19.0,11.45,7.28,6.0,18.0,1.0,3.0,13.78,1.53,82.46,2,1.551490514905149,1.1930735930735932,0.055248618784530384,1
28.0,19.0,5.33,6.32,7.0,10.0,9.0,0.0,7.26,0.95,19.28,0,0.8302180685358256,1.3370165745856355,0.8910891089108911,0
36.0,13.0,5.33,4.76,2.0,3.0,26.0,1.0,8.27,0.81,10.58,0,1.0967078189300412,1.5230202578268877,8.387096774193548,1
36.0,2.0,4.22,6.58,0.0,11.0,11.0,1.0,5.8,0.77,10.1,0,0.6317365269461078,1.3425925925925928,0.990990990990991,0
39.0,11.0,4.5,4.79,1.0,16.0,1.0,9.0,6.69,1.2,64.8,1,0.9202453987730062,1.4543478260869567,0.06211180124223602,0
35.0,7.0,6.64,5.99,6.0,12.0,14.0,4.0,9.18,0.72,46.49,1,1.090311986863711,1.3620178041543027,1.15702479338843,1
44.0,1.0,4.65,8.71,6.0,3.0,24.0,0.0,6.76,0.45,2.91,0,0.5278093076049943,1.423157894736842,7.741935483870967,0
41.0,3.0,7.69,5.71,6.0,5.0,2.0,9.0,10.49,1.21,56.21,1,1.323580034423408,1.3465982028241335,0.3921568627450981,1
32.0,13.0,12.33,4.76,7.0,6.0,1.0,2.0,14.87,0.78,67.42,1,2.537037037037037,1.1962992759452935,0.1639344262295082,2
38.0,15.0,7.26,6.91,2.0,7.0,6.0,5.0,11.36,0.03,58.72,1,1.035663338088445,1.5434782608695652,0.8450704225352114,1
36.0,18.0,11.28,7.01,7.0,1.0,27.0,0.0,15.95,0.04,37.39,1,1.5864978902953586,1.4015817223198594,24.545454545454543,1
23.0,1.0,4.94,4.97,6.0,8.0,8.0,0.0,6.34,0.55,27.79,0,0.9743589743589746,1.257936507936508,0.9876543209876544,0
31.0,11.0,10.59,4.98,0.0,9.0,10.0,2.0,14.88,1.02,55.56,1,2.0846456692913384,1.391955098222638,1.098901098901099,2
28.0,13.0,7.17,8.95,0.0,18.0,28.0,8.0,11.9,0.71,52.25,1,0.7922651933701659,1.6368638239339754,1.5469613259668507,0
38.0,5.0,11.5,5.22,5.0,0.0,21.0,1.0,15.25,0.05,43.49,1,2.1616541353383463,1.3146551724137931,210.0,2
31.0,12.0,5.36,8.19,7.0,15.0,27.0,5.0,10.35,0.45,54.18,1,0.6465621230398071,1.8956043956043955,1.7880794701986755,0
28.0,3.0,12.98,6.35,5.0,17.0,15.0,2.0,15.32,0.19,96.38,2,2.012403100775194,1.1712538226299694,0.8771929824561403,2
26.0,17.0,6.43,6.17,2.0,7.0,6.0,5.0,10.75,1.9,44.0,1,1.025518341307815,1.64624808575804,0.8450704225352114,1
33.0,11.0,7.53,5.47,2.0,9.0,28.0,6.0,11.22,0.63,50.64,1,1.3518850987432678,1.470511140235911,3.076923076923077,1
39.0,19.0,13.5,7.87,0.0,10.0,12.0,6.0,15.79,0.03,66.17,1,1.6938519447929736,1.1610294117647058,1.188118811881188,1
38.0,18.0,9.78,8.4,5.0,16.0,2.0,1.0,13.6,1.32,45.92,1,1.1505882352941175,1.376518218623482,0.12422360248447203,1
34.0,7.0,7.66,5.31,6.0,6.0,10.0,2.0,10.7,0.46,58.79,1,1.4158964879852127,1.3788659793814433,1.639344262295082,1
35.0,6.0,13.5,4.48,6.0,2.0,2.0,3.0,15.26,1.13,72.18,2,2.947598253275109,1.1220588235294118,0.9523809523809523,2
40.0,15.0,7.29,4.68,7.0,6.0,14.0,7.0,8.99,0.3,55.04,1,1.5251046025104604,1.2165087956698242,2.295081967213115,1
24.0,18.0,4.95,7.96,2.0,5.0,7.0,4.0,8.8,1.97,2.27,0,0.6141439205955335,1.7425742574257428,1.3725490196078431,0
22.0,5.0,13.97,6.18,1.0,2.0,6.0,0.0,17.82,1.94,30.32,0,2.224522292993631,1.2665245202558635,2.857142857142857,2
31.0,19.0,6.68,4.66,0.0,7.0,4.0,8.0,9.8,1.31,45.42,1,1.403361344537815,1.4454277286135695,0.5633802816901409,1
44.0,10.0,12.51,5.7,0.0,0.0,5.0,0.0,15.52,1.41,37.52,1,2.156896551724138,1.2307692307692308,50.0,2
39.0,4.0,5.66,6.57,2.0,4.0,24.0,1.0,7.38,0.85,28.23,0,0.848575712143928,1.28125,5.853658536585367,0
40.0,15.0,11.31,8.26,2.0,18.0,18.0,6.0,14.03,1.92,82.76,2,1.3528708133971294,1.2296231375985978,0.9944751381215469,1
23.0,6.0,9.24,7.21,2.0,12.0,27.0,2.0,13.73,0.85,47.48,1,1.2640218878248974,1.4700214132762313,2.231404958677686,1
40.0,4.0,13.81,4.88,7.0,10.0,2.0,5.0,18.23,0.48,89.21,2,2.773092369477912,1.3105679367361611,0.19801980198019803,2
42.0,10.0,9.53,6.46,6.0,10.0,29.0,7.0,13.17,0.23,84.93,2,1.4527439024390243,1.367601246105919,2.871287128712871,1
35.0,14.0,4.25,6.06,6.0,1.0,10.0,4.0,9.24,0.42,3.21,0,0.6899350649350651,2.124137931034483,9.09090909090909,0
44.0,2.0,10.04,4.38,7.0,8.0,5.0,0.0,14.61,1.14,49.1,1,2.241071428571429,1.440828402366864,0.617283950617284,2
26.0,4.0,5.45,7.78,1.0,1.0,26.0,9.0,7.03,0.49,31.03,0,0.6916243654822335,1.2666666666666668,23.636363636363633,0
32.0,4.0,11.99,6.01,7.0,18.0,23.0,2.0,14.59,1.31,94.12,2,1.9623567921440264,1.206782464846981,1.2707182320441988,1
40.0,8.0,12.57,5.72,0.0,11.0,20.0,1.0,14.1,0.76,74.25,2,2.15979381443299,1.1128650355169691,1.8018018018018018,2
29.0,14.0,8.82,6.55,3.0,8.0,13.0,5.0,11.68,1.77,44.92,1,1.3263157894736843,1.3094170403587444,1.6049382716049383,1
26.0,2.0,11.83,7.54,7.0,8.0,16.0,4.0,15.94,1.12,78.35,2,1.5484293193717278,1.336127409891031,1.9753086419753088,1
33.0,5.0,5.45,6.85,1.0,9.0,14.0,6.0,7.07,1.25,27.76,0,0.7841726618705037,1.273873873873874,1.5384615384615385,0
24.0,16.0,8.92,8.01,1.0,4.0,28.0,1.0,13.44,1.11,15.38,0,1.0998766954377313,1.4900221729490022,6.829268292682928,1
22.0,7.0,7.94,7.15,6.0,8.0,23.0,5.0,11.22,1.77,48.32,1,1.0951724137931036,1.3955223880597014,2.8395061728395063,1
42.0,10.0,10.11,7.94,7.0,17.0,3.0,4.0,14.11,0.13,89.57,2,1.2574626865671639,1.3819784524975516,0.17543859649122806,1
30.0,5.0,4.44,7.48,5.0,9.0,8.0,5.0,5.62,0.13,44.02,1,0.5857519788918206,1.2378854625550662,0.8791208791208791,0
30.0,7.0,11.52,4.97,0.0,16.0,12.0,4.0,12.9,1.4,53.795,2,2.272189349112426,1.1101549053356283,0.7453416149068323,2
37.0,10.0,4.79,4.26,6.0,9.0,5.0,6.0,8.27,1.54,52.48,1,1.0986238532110093,1.69120654396728,0.5494505494505495,1
34.0,2.0,10.56,8.52,3.0,13.0,9.0,4.0,14.91,0.87,67.96,1,1.2250580046403714,1.398686679174484,0.6870229007633588,1
31.0,13.0,4.18,8.73,0.0,3.0,19.0,6.0,8.68,0.7,6.76,0,0.47338618346545863,2.0280373831775704,6.129032258064516,0
28.0,13.0,12.32,7.63,1.0,9.0,19.0,0.0,16.07,0.56,53.795,1,1.5937904269081502,1.2938808373590982,2.087912087912088,1
29.0,9.0,5.75,7.62,2.0,17.0,25.0,8.0,7.55,0.47,85.79,2,0.7448186528497409,1.2905982905982907,1.461988304093567,0
31.0,11.0,9.15,5.35,0.0,4.0,20.0,5.0,10.93,1.82,47.04,1,1.6788990825688077,1.1816216216216215,4.878048780487806,1
36.0,5.0,6.61,6.71,7.0,8.0,12.0,8.0,11.14,0.59,57.46,1,0.9706314243759179,1.6602086438152013,1.4814814814814816,0
25.0,11.0,11.23,6.46,0.0,5.0,22.0,0.0,12.68,1.3,31.84,0,1.7118902439024393,1.119152691968226,4.313725490196079,1
26.0,13.0,7.21,8.28,2.0,15.0,13.0,1.0,10.95,1.57,21.52,0,0.860381861575179,1.4979480164158687,0.8609271523178809,0
33.0,1.0,11.25,5.52,3.0,15.0,11.0,6.0,14.38,0.04,84.75,2,2.0017793594306053,1.2669603524229076,0.728476821192053,2
32.0,10.0,6.85,5.51,3.0,10.0,22.0,3.0,9.54,0.07,44.83,1,1.2210338680926918,1.3726618705035971,2.1782178217821784,1
27.0,9.0,11.52,6.42,0.0,14.0,12.0,9.0,14.28,0.67,76.4,2,1.7668711656441718,1.2289156626506024,0.851063829787234,1
29.0,16.0,4.31,6.02,6.0,18.0,9.0,0.0,9.09,1.39,56.22,1,0.704248366013072,2.0612244897959187,0.49723756906077343,0
28.0,16.0,6.83,5.86,7.0,2.0,6.0,4.0,11.28,0.52,42.85,1,1.145973154362416,1.6277056277056277,2.857142857142857,1
37.0,2.0,8.99,7.13,2.0,15.0,4.0,3.0,13.45,0.0,65.28,1,1.2434301521438451,1.4796479647964795,0.26490066225165565,1
21.0,18.0,4.45,4.06,5.0,19.0,11.0,5.0,12.02,0.58,53.795,1,1.0697115384615388,2.6417582417582417,0.5759162303664921,1
24.0,0.0,5.86,7.82,0.0,4.0,28.0,6.0,7.29,0.18,11.59,0,0.73989898989899,1.2231543624161074,6.829268292682928,0
24.0,11.0,13.35,6.46,2.0,8.0,24.0,2.0,18.34,0.44,53.795,1,2.035060975609756,1.3635687732342008,2.9629629629629632,2
25.0,6.0,13.77,8.15,1.0,4.0,1.0,5.0,15.35,0.67,53.67,1,1.669090909090909,1.106705118961788,0.24390243902439027,1
38.0,3.0,11.4,8.21,5.0,3.0,7.0,1.0,12.02,0.26,31.7,0,1.371841155234657,1.0452173913043479,2.258064516129032,1
27.0,9.0,6.52,6.83,2.0,12.0,25.0,9.0,8.58,1.41,60.82,1,0.9408369408369408,1.2960725075528703,2.066115702479339,0
35.0,12.0,6.61,7.9,6.0,19.0,7.0,3.0,9.65,0.51,55.24,1,0.82625,1.4381520119225037,0.36649214659685864,0
32.0,1.0,10.46,6.46,0.0,16.0,18.0,9.0,12.68,1.32,61.06,1,1.5945121951219514,1.2007575757575757,1.1180124223602483,1
20.0,9.0,5.18,8.76,4.0,19.0,4.0,8.0,9.77,1.2,54.87,1,0.5846501128668171,1.850378787878788,0.20942408376963348,0
41.0,3.0,13.48,4.95,3.0,11.0,29.0,6.0,18.35,1.8,84.79,2,2.6693069306930695,1.3512518409425627,2.6126126126126126,2
39.0,17.0,6.25,8.58,0.0,19.0,7.0,1.0,8.89,0.18,44.57,1,0.7200460829493088,1.4000000000000001,0.36649214659685864,0
36.0,4.0,14.0,5.29,2.0,19.0,9.0,5.0,15.28,0.43,100.0,2,2.5974025974025974,1.0836879432624114,0.47120418848167533,2
26.0,18.0,8.99,4.51,7.0,6.0,12.0,3.0,12.02,1.73,46.98,1,1.9501084598698484,1.3223322332233223,1.9672131147540985,1
44.0,1.0,11.71,6.2,5.0,0.0,8.0,7.0,14.22,1.64,61.53,1,1.858730158730159,1.2040643522438612,80.0,1
32.0,11.0,4.02,7.07,5.0,15.0,6.0,7.0,8.96,0.38,44.43,1,0.5606694560669455,2.174757281553399,0.3973509933774835,0
23.0,16.0,12.89,5.15,2.0,6.0,19.0,0.0,14.25,0.22,65.8,1,2.455238095238095,1.0969976905311778,3.114754098360656,2
23.0,9.0,6.7,6.78,7.0,1.0,19.0,7.0,8.18,1.71,46.39,1,0.9738372093023256,1.2029411764705882,17.27272727272727,0
25.0,1.0,10.68,8.04,3.0,11.0,18.0,9.0,14.48,0.36,49.64,1,1.3120393120393121,1.3432282003710576,1.6216216216216217,1
38.0,5.0,12.06,5.29,0.0,10.0,10.0,6.0,16.09,1.74,60.95,1,2.2374768089053805,1.3231907894736843,0.9900990099009901,2
31.0,7.0,5.64,6.9,5.0,7.0,7.0,0.0,8.52,1.92,53.795,0,0.8057142857142857,1.4843205574912892,0.9859154929577465,0
41.0,18.0,8.43,5.7,5.0,0.0,21.0,2.0,10.54,0.44,34.07,0,1.453448275862069,1.235638921453693,210.0,1
26.0,10.0,8.94,6.65,4.0,2.0,15.0,4.0,11.18,1.68,46.67,1,1.3244444444444443,1.2367256637168142,7.142857142857142,1
29.0,11.0,7.12,7.33,1.0,7.0,9.0,2.0,9.47,0.85,36.54,1,0.9582772543741589,1.3116343490304712,1.267605633802817,0
38.0,8.0,8.82,5.75,4.0,7.0,5.0,2.0,10.72,1.58,50.46,1,1.5076923076923079,1.2017937219730943,0.7042253521126761,1
26.0,1.0,7.18,8.97,1.0,10.0,9.0,0.0,11.58,0.81,1.1,0,0.7916207276736493,1.5906593406593408,0.8910891089108911,0
22.0,7.0,7.61,6.82,5.0,4.0,9.0,7.0,8.87,0.14,47.44,1,1.0997109826589595,1.1504539559014266,2.1951219512195124,1
32.0,10.0,10.69,8.12,1.0,7.0,24.0,8.0,13.32,1.43,60.23,1,1.3004866180048662,1.2344763670064876,3.3802816901408455,1
32.0,3.0,10.33,7.63,0.0,8.0,26.0,4.0,14.32,0.3,47.37,1,1.3363518758085382,1.3729626078619368,3.2098765432098766,1
37.0,9.0,6.32,8.26,5.0,16.0,18.0,0.0,7.34,1.85,30.05,0,0.7559808612440192,1.1433021806853583,1.1180124223602483,0
39.0,19.0,12.97,4.87,5.0,9.0,3.0,0.0,17.48,0.84,71.55,2,2.609657947686117,1.3374139250191277,0.32967032967032966,2
27.0,15.0,12.63,5.11,7.0,18.0,18.0,8.0,16.46,0.16,100.0,2,2.4241842610364683,1.2930086410054988,0.9944751381215469,2
28.0,7.0,9.09,6.44,1.0,18.0,2.0,0.0,10.38,0.46,52.87,1,1.389908256880734,1.129488574537541,0.11049723756906077,1
26.0,3.0,8.33,8.26,2.0,1.0,16.0,8.0,12.91,1.73,18.1,0,0.9964114832535886,1.531435349940688,14.545454545454545,0
20.0,10.0,7.77,4.99,1.0,18.0,13.0,2.0,10.72,0.64,76.89,2,1.5265225933202358,1.3621346886912327,0.718232044198895,1
22.0,11.0,11.07,8.86,1.0,14.0,9.0,2.0,14.68,1.71,50.38,1,1.2354910714285716,1.314234556848702,0.6382978723404256,1
32.0,13.0,10.72,4.64,3.0,7.0,5.0,3.0,15.25,0.34,57.67,1,2.2616033755274265,1.4094269870609981,0.7042253521126761,2
44.0,15.0,5.96,4.88,3.0,7.0,15.0,4.0,10.48,0.94,46.89,1,1.1967871485943775,1.7293729372937297,2.1126760563380285,1
36.0,17.0,10.71,4.84,0.0,0.0,8.0,5.0,13.34,1.76,24.36,0,2.168016194331984,1.2340425531914894,80.0,2
44.0,11.0,6.52,6.93,0.0,13.0,20.0,5.0,8.47,0.1,62.9,1,0.9274537695590327,1.2794561933534745,1.5267175572519085,0
43.0,17.0,4.19,8.59,2.0,10.0,11.0,9.0,6.22,0.61,40.65,1,0.4821634062140392,1.4498834498834499,1.0891089108910892,0
20.0,6.0,10.99,5.28,3.0,6.0,11.0,8.0,15.05,1.82,88.67,2,2.04275092936803,1.357078449053201,1.8032786885245902,2
25.0,19.0,10.45,6.77,4.0,17.0,27.0,0.0,15.17,1.19,67.55,1,1.5211062590975255,1.437914691943128,1.5789473684210524,1
40.0,6.0,8.11,4.88,0.0,14.0,13.0,8.0,9.4,1.43,68.27,1,1.6285140562248996,1.1449451887941537,0.9219858156028369,1
25.0,8.0,9.26,7.16,0.0,9.0,25.0,3.0,10.32,1.68,30.22,0,1.275482093663912,1.1025641025641026,2.7472527472527473,1
31.0,0.0,13.47,4.62,3.0,3.0,1.0,6.0,17.76,1.05,69.24,1,2.853813559322034,1.3087693441414887,0.3225806451612903,2
32.0,5.0,9.95,6.46,3.0,0.0,9.0,5.0,12.5,1.69,24.05,0,1.516768292682927,1.2437810945273633,90.0,1
32.0,5.0,10.58,7.28,2.0,13.0,3.0,8.0,12.69,1.28,91.15,2,1.4336043360433606,1.1882022471910112,0.22900763358778625,1
34.0,11.0,4.64,6.9,7.0,19.0,27.0,1.0,6.39,1.37,45.08,1,0.6628571428571428,1.3481012658227849,1.413612565445026,0
40.0,11.0,5.66,4.7,3.0,19.0,5.0,1.0,8.05,0.31,63.65,1,1.1791666666666667,1.3975694444444446,0.2617801047120419,1
35.0,9.0,7.01,4.81,7.0,8.0,29.0,6.0,11.9,1.88,64.71,1,1.4276985743380857,1.6736990154711675,3.5802469135802473,1
41.0,5.0,9.39,7.36,6.0,12.0,22.0,8.0,14.3,1.59,67.32,1,1.2587131367292226,1.5068493150684932,1.8181818181818183,1
40.0,16.0,11.77,8.04,1.0,16.0,27.0,4.0,14.1,0.51,62.12,1,1.445945945945946,1.1878685762426284,1.6770186335403725,1
30.0,18.0,7.21,8.54,5.0,19.0,28.0,6.0,12.06,1.16,54.92,1,0.8344907407407408,1.649794801641587,1.4659685863874345,0
24.0,17.0,7.56,8.07,4.0,3.0,12.0,7.0,9.76,0.75,21.3,0,0.9253365973072215,1.2741514360313317,3.8709677419354835,0
23.0,10.0,6.56,8.87,5.0,4.0,22.0,7.0,10.98,1.32,18.53,0,0.7313266443701226,1.648648648648649,5.365853658536586,0
22.0,18.0,6.55,6.04,1.0,9.0,13.0,3.0,8.4,1.99,48.99,1,1.0667752442996743,1.2631578947368423,1.4285714285714286,1
38.0,9.0,13.49,5.66,6.0,16.0,3.0,9.0,17.8,1.02,100.0,2,2.342013888888889,1.309786607799853,0.18633540372670807,2
39.0,7.0,10.35,4.14,6.0,6.0,9.0,6.0,12.76,1.91,67.7,1,2.441037735849057,1.2210526315789474,1.4754098360655739,2
44.0,5.0,5.56,6.25,1.0,9.0,9.0,0.0,7.34,0.14,31.34,0,0.8755905511811023,1.2968197879858658,0.989010989010989,0
37.0,6.0,11.22,7.26,5.0,8.0,4.0,3.0,15.96,0.92,66.93,1,1.5244565217391306,1.4098939929328622,0.4938271604938272,1
34.0,0.0,11.22,8.08,1.0,12.0,28.0,4.0,13.08,0.96,53.84,1,1.3716381418092911,1.1554770318021201,2.31404958677686,1
28.0,17.0,10.66,5.34,0.0,17.0,3.0,9.0,15.63,0.54,100.0,2,1.959558823529412,1.4526022304832715,0.17543859649122806,1
36.0,19.0,5.35,6.57,6.0,11.0,11.0,6.0,6.78,1.13,45.19,1,0.8020989505247376,1.2440366972477066,0.990990990990991,0
33.0,11.0,8.08,7.31,5.0,7.0,25.0,5.0,9.12,1.67,37.52,1,1.0904183535762484,1.114914425427873,3.5211267605633805,1
34.0,15.0,5.07,6.76,7.0,17.0,21.0,3.0,9.55,0.59,53.22,1,0.7390670553935861,1.847195357833656,1.2280701754385963,0
20.0,9.0,12.17,5.37,1.0,4.0,26.0,2.0,15.52,0.14,40.58,1,2.2248628884826327,1.264873675631622,6.341463414634147,2
40.0,9.0,10.55,7.98,7.0,6.0,13.0,5.0,13.24,1.26,55.16,1,1.3056930693069309,1.2431924882629108,2.1311475409836067,1
41.0,13.0,9.07,4.87,0.0,14.0,6.0,9.0,10.4,1.5,50.29,1,1.8249496981891349,1.1341330425299891,0.425531914893617,1
41.0,19.0,7.43,6.46,3.0,2.0,1.0,4.0,10.73,1.91,22.27,0,1.1326219512195121,1.4249667994687916,0.47619047619047616,1
22.0,9.0,5.84,8.76,6.0,17.0,13.0,5.0,8.41,0.32,31.62,0,0.6591422121896163,1.4158249158249159,0.7602339181286549,0
35.0,9.0,5.06,5.83,4.0,5.0,9.0,3.0,7.99,1.8,19.92,0,0.8532883642495784,1.548449612403101,1.7647058823529413,0
42.0,10.0,13.69,5.88,4.0,5.0,27.0,1.0,17.21,0.96,75.97,2,2.289297658862876,1.248005801305294,5.294117647058824,2
44.0,1.0,6.0,7.72,1.0,19.0,15.0,8.0,9.56,0.47,61.48,1,0.7672634271099745,1.5672131147540986,0.7853403141361256,0
30.0,19.0,4.6,6.28,4.0,0.0,2.0,6.0,9.44,1.93,0.0,0,0.7210031347962382,2.0085106382978726,20.0,0
31.0,7.0,13.62,4.14,0.0,16.0,26.0,9.0,17.24,0.48,100.0,2,3.2122641509433967,1.2565597667638484,1.6149068322981366,3
32.0,6.0,9.49,8.6,3.0,10.0,7.0,2.0,11.85,1.47,35.14,1,1.0908045977011496,1.2356621480709071,0.6930693069306931,1
35.0,7.0,11.97,6.15,1.0,1.0,22.0,7.0,14.29,1.57,61.72,1,1.9152,1.1839270919635458,20.0,1
27.0,0.0,4.44,5.02,2.0,8.0,27.0,7.0,7.35,0.86,37.69,1,0.8671875000000002,1.6189427312775329,3.3333333333333335,0
32.0,1.0,9.67,6.78,4.0,18.0,16.0,0.0,11.71,1.38,71.48,2,1.4055232558139534,1.1985670419651997,0.8839779005524862,1
31.0,17.0,7.98,5.09,6.0,5.0,3.0,4.0,10.49,1.14,52.2,1,1.5375722543352603,1.2982673267326732,0.5882352941176471,1
43.0,14.0,11.72,5.03,7.0,6.0,14.0,4.0,16.09,0.38,83.33,2,2.284600389863548,1.3612521150592216,2.295081967213115,2
40.0,0.0,4.38,6.73,4.0,3.0,29.0,2.0,8.82,1.52,6.45,0,0.6412884333821376,1.9687500000000002,9.35483870967742,0
27.0,4.0,8.02,5.96,4.0,2.0,18.0,1.0,11.53,1.86,34.8,0,1.3234323432343233,1.4199507389162562,8.571428571428571,1
23.0,1.0,11.99,6.86,1.0,1.0,14.0,0.0,15.32,0.98,26.49,0,1.7227011494252873,1.2671629445822994,12.727272727272727,1
27.0,19.0,9.23,8.98,5.0,9.0,19.0,3.0,11.94,1.99,18.95,0,1.0165198237885462,1.2797427652733118,2.087912087912088,1
37.0,2.0,9.5,8.3,5.0,9.0,25.0,9.0,13.04,0.86,54.05,1,1.130952380952381,1.3583333333333334,2.7472527472527473,1
24.0,18.0,4.97,4.04,4.0,16.0,9.0,1.0,9.19,0.96,48.1,1,1.2004830917874396,1.8126232741617359,0.5590062111801242,1
28.0,17.0,5.32,4.25,4.0,15.0,29.0,4.0,9.27,1.35,55.56,1,1.2229885057471266,1.7103321033210332,1.9205298013245033,1
23.0,17.0,10.77,7.05,7.0,0.0,9.0,9.0,11.91,0.37,66.35,1,1.5062937062937063,1.095676172953082,90.0,1
41.0,13.0,10.75,7.13,2.0,11.0,22.0,1.0,14.67,1.8,57.42,1,1.4868603042876902,1.352073732718894,1.981981981981982,1
36.0,7.0,13.79,6.46,5.0,19.0,23.0,0.0,17.67,1.6,77.28,2,2.1021341463414633,1.272138228941685,1.2041884816753925,2
28.0,11.0,11.12,7.15,0.0,19.0,11.0,9.0,12.52,1.74,86.6,2,1.5337931034482757,1.1158645276292336,0.5759162303664921,1
20.0,9.0,8.93,5.14,6.0,9.0,14.0,9.0,10.53,1.22,84.79,2,1.704198473282443,1.1661129568106312,1.5384615384615385,1
40.0,19.0,12.57,6.34,1.0,0.0,14.0,9.0,16.72,1.77,40.87,1,1.9518633540372672,1.31965272296764,140.0,1
39.0,16.0,5.04,8.04,1.0,15.0,28.0,9.0,8.28,1.36,52.47,1,0.6191646191646193,1.6108949416342413,1.8543046357615895,0
32.0,10.0,8.49,8.61,2.0,10.0,17.0,8.0,12.78,1.02,64.07,1,0.9747416762342137,1.487776484284051,1.6831683168316833,0
35.0,1.0,6.87,5.18,6.0,3.0,19.0,1.0,8.61,1.86,32.51,0,1.3011363636363638,1.2352941176470589,6.129032258064516,1
32.0,3.0,5.05,6.7,2.0,2.0,0.0,9.0,6.17,0.88,32.2,0,0.7426470588235294,1.1980582524271846,0.0,0
33.0,0.0,11.64,4.79,0.0,12.0,2.0,3.0,13.29,1.0,75.07,2,2.3803680981595097,1.1320272572402044,0.1652892561983471,2
22.0,14.0,9.11,6.48,3.0,14.0,7.0,2.0,11.92,0.34,36.47,1,1.384498480243161,1.2942453854505973,0.49645390070921985,1
25.0,12.0,9.57,4.45,1.0,9.0,6.0,0.0,12.66,1.9,39.25,1,2.1032967032967034,1.3092037228541882,0.6593406593406593,2
37.0,7.0,8.11,8.71,5.0,5.0,14.0,7.0,12.54,0.44,31.53,1,0.9205448354143018,1.5274056029232643,2.7450980392156863,0
38.0,3.0,8.6,7.19,6.0,10.0,7.0,1.0,12.46,0.4,51.07,1,1.1796982167352537,1.4321839080459773,0.6930693069306931,1
24.0,9.0,5.16,8.27,4.0,0.0,14.0,7.0,10.12,0.2,10.68,0,0.6164874551971327,1.9239543726235742,140.0,0
34.0,18.0,10.73,8.99,6.0,19.0,26.0,0.0,12.04,0.91,71.64,2,1.1804180418041805,1.1117266851338872,1.3612565445026177,1
44.0,17.0,8.32,4.91,0.0,3.0,21.0,5.0,9.84,0.55,36.05,1,1.660678642714571,1.168646080760095,6.774193548387097,1
21.0,4.0,12.17,7.47,7.0,9.0,4.0,3.0,13.51,1.48,51.7,1,1.6076618229854691,1.1010594947025265,0.43956043956043955,1
29.0,18.0,5.96,8.43,1.0,14.0,11.0,2.0,9.11,0.62,19.54,0,0.6987104337631888,1.5033003300330032,0.7801418439716312,0
43.0,15.0,6.05,6.88,5.0,0.0,11.0,0.0,8.12,1.44,0.0,0,0.8667621776504298,1.3203252032520325,110.0,0
37.0,0.0,10.46,7.2,0.0,14.0,25.0,9.0,14.19,0.39,76.2,2,1.4328767123287673,1.34375,1.773049645390071,1
32.0,11.0,12.46,6.04,7.0,2.0,8.0,0.0,13.99,0.46,60.01,1,2.0293159609120526,1.1138535031847134,3.8095238095238093,2
24.0,1.0,8.72,7.37,3.0,0.0,20.0,6.0,10.13,1.61,23.62,0,1.1673360107095048,1.1485260770975056,200.0,1
42.0,7.0,11.27,5.98,5.0,5.0,8.0,5.0,14.11,0.74,49.14,1,1.8536184210526314,1.2409850483729112,1.5686274509803924,1
32.0,17.0,13.99,6.38,1.0,18.0,14.0,2.0,16.49,0.22,87.19,2,2.158950617283951,1.170333569907736,0.7734806629834253,2
20.0,15.0,13.9,4.51,6.0,3.0,14.0,1.0,18.22,1.92,62.5,1,3.0151843817787425,1.3014285714285714,4.516129032258064,3
41.0,4.0,11.44,4.04,4.0,11.0,28.0,9.0,15.79,0.35,91.3,2,2.7632850241545897,1.3682842287694974,2.5225225225225225,2
20.0,12.0,11.4,4.28,5.0,1.0,19.0,2.0,12.87,0.3,48.53,1,2.6027397260273974,1.1191304347826085,17.27272727272727,2
37.0,18.0,6.48,4.96,7.0,16.0,11.0,7.0,10.73,0.72,88.76,2,1.2806324110671938,1.6306990881458967,0.6832298136645962,1
34.0,2.0,12.34,6.28,7.0,5.0,4.0,6.0,15.6,1.02,71.71,2,1.9341692789968652,1.2540192926045017,0.7843137254901962,1
36.0,7.0,8.05,4.1,1.0,11.0,0.0,6.0,11.06,0.31,49.89,1,1.9166666666666672,1.3570552147239263,0.0,1
30.0,11.0,13.62,4.78,7.0,14.0,21.0,4.0,15.0,1.69,93.65,2,2.790983606557377,1.0932944606413995,1.4893617021276595,2
40.0,1.0,8.99,7.91,0.0,16.0,18.0,9.0,8.77,0.34,54.98,1,1.122347066167291,0.9647964796479648,1.1180124223602483,1
44.0,10.0,8.36,7.81,3.0,0.0,10.0,2.0,9.6,0.22,26.07,0,1.0568900126422252,1.1347517730496455,100.0,1
41.0,11.0,9.56,7.95,7.0,13.0,25.0,0.0,11.67,1.76,31.21,0,1.1875776397515527,1.2080745341614907,1.9083969465648856,1
36.0,17.0,8.05,8.61,5.0,1.0,17.0,0.0,9.43,0.89,25.54,0,0.9242250287026408,1.1570552147239264,15.454545454545453,0
32.0,12.0,6.11,4.6,0.0,3.0,5.0,5.0,9.23,0.31,33.7,0,1.3000000000000003,1.4863123993558778,1.6129032258064515,1
20.0,4.0,9.93,4.82,0.0,19.0,16.0,3.0,13.51,1.16,77.28,2,2.018292682926829,1.3469591226321038,0.8376963350785339,2
21.0,11.0,11.56,5.67,2.0,1.0,13.0,6.0,16.12,0.08,85.24,2,2.0034662045060663,1.3825042881646656,11.818181818181817,2
28.0,1.0,10.45,8.58,0.0,13.0,11.0,9.0,14.39,0.85,74.27,2,1.2039170506912442,1.3639810426540286,0.8396946564885497,1
22.0,4.0,6.34,7.88,6.0,17.0,24.0,9.0,11.18,1.18,73.0,2,0.7944862155388471,1.736024844720497,1.4035087719298245,0
20.0,6.0,11.32,5.62,5.0,7.0,4.0,9.0,15.36,1.91,73.31,2,1.9790209790209792,1.3450087565674256,0.5633802816901409,1
40.0,11.0,6.57,4.44,3.0,19.0,6.0,0.0,8.76,0.65,55.79,1,1.447136563876652,1.313343328335832,0.31413612565445026,1
35.0,15.0,5.75,7.08,4.0,9.0,26.0,5.0,8.94,1.53,3.74,0,0.8008356545961003,1.528205128205128,2.857142857142857,0
42.0,7.0,10.91,5.28,2.0,15.0,25.0,6.0,13.74,0.27,84.93,2,2.0278810408921935,1.2479564032697548,1.6556291390728477,2
25.0,8.0,12.43,6.66,0.0,6.0,15.0,0.0,15.69,0.87,59.42,1,1.8387573964497042,1.25219473264166,2.459016393442623,1
36.0,14.0,8.82,8.71,5.0,5.0,24.0,1.0,12.11,0.45,34.27,0,1.0011350737797957,1.35762331838565,4.705882352941177,1
24.0,4.0,8.99,6.86,6.0,18.0,8.0,8.0,13.12,0.98,100.0,2,1.2916666666666667,1.4433443344334433,0.4419889502762431,1
24.0,12.0,7.03,8.62,6.0,9.0,28.0,8.0,8.36,0.83,55.82,1,0.8061926605504588,1.1725105189340812,3.076923076923077,0
25.0,4.0,8.95,5.97,6.0,5.0,14.0,5.0,12.94,1.96,50.87,1,1.4744645799011533,1.4298342541436466,2.7450980392156863,1
22.0,10.0,5.32,7.17,1.0,9.0,14.0,3.0,6.89,1.02,16.39,0,0.7317744154057773,1.2712177121771218,1.5384615384615385,0
40.0,9.0,13.56,8.47,2.0,9.0,3.0,6.0,14.66,1.16,100.0,2,1.5822637106184365,1.0732064421669107,0.32967032967032966,1
42.0,19.0,12.0,6.94,3.0,2.0,19.0,4.0,15.08,0.35,47.84,1,1.7045454545454546,1.2462809917355373,9.047619047619047,1
24.0,12.0,10.68,7.07,1.0,19.0,22.0,2.0,14.01,1.11,58.3,1,1.4895397489539748,1.2996289424860854,1.1518324607329842,1
40.0,8.0,9.38,7.58,7.0,2.0,23.0,3.0,10.52,1.58,26.86,0,1.2213541666666667,1.109704641350211,10.952380952380953,1
24.0,13.0,11.92,8.41,3.0,19.0,6.0,1.0,14.98,0.08,95.18,2,1.400705052878966,1.2462562396006656,0.31413612565445026,1
29.0,17.0,8.95,4.44,1.0,5.0,26.0,5.0,12.09,0.87,51.11,1,1.9713656387665197,1.3359116022099449,5.098039215686275,1
29.0,14.0,7.0,5.68,4.0,9.0,13.0,2.0,8.21,0.09,58.67,1,1.2110726643598617,1.1563380281690143,1.4285714285714286,1
38.0,9.0,5.6,5.99,3.0,17.0,29.0,6.0,9.45,0.49,64.79,1,0.9195402298850575,1.6578947368421053,1.6959064327485378,0
32.0,6.0,10.48,8.55,1.0,9.0,25.0,3.0,12.32,0.18,43.78,1,1.2115606936416186,1.164461247637051,2.7472527472527473,1
40.0,7.0,13.29,8.78,7.0,5.0,3.0,7.0,17.47,1.92,59.09,1,1.4966216216216217,1.30470500373413,0.5882352941176471,1
33.0,2.0,5.54,4.6,6.0,12.0,3.0,0.0,7.78,0.34,35.48,1,1.1787234042553194,1.3794326241134753,0.24793388429752067,1
28.0,14.0,5.8,4.6,7.0,5.0,23.0,8.0,8.71,0.3,48.64,1,1.2340425531914896,1.4762711864406783,4.509803921568627,1
33.0,15.0,8.34,8.67,3.0,11.0,27.0,2.0,12.91,1.94,11.3,0,0.95096921322691,1.5296208530805688,2.4324324324324325,0
20.0,3.0,12.07,5.48,7.0,13.0,13.0,2.0,16.29,1.03,79.87,2,2.163082437275986,1.3385373870172554,0.9923664122137404,2
38.0,5.0,6.94,5.21,2.0,16.0,24.0,4.0,11.07,1.52,38.67,1,1.3069679849340867,1.5724431818181819,1.4906832298136645,1
32.0,0.0,6.54,4.18,3.0,7.0,6.0,9.0,8.18,0.65,65.22,1,1.5280373831775704,1.2319277108433735,0.8450704225352114,1
32.0,3.0,10.2,5.38,5.0,4.0,14.0,0.0,11.39,1.07,50.49,1,1.8613138686131387,1.1058252427184467,3.414634146341464,1
23.0,10.0,8.99,7.47,3.0,3.0,11.0,2.0,12.78,0.01,28.84,0,1.1875825627476884,1.4059405940594059,3.5483870967741935,1
20.0,11.0,4.6,6.13,1.0,5.0,13.0,3.0,7.24,0.82,18.75,0,0.7383627608346709,1.5404255319148938,2.5490196078431375,0
36.0,4.0,4.81,6.58,7.0,10.0,12.0,1.0,9.45,1.11,36.45,1,0.7200598802395209,1.9246435845213852,1.188118811881188,0
27.0,15.0,10.43,8.59,7.0,4.0,29.0,5.0,12.83,1.03,53.795,1,1.2002301495972383,1.218423551756885,7.073170731707318,1
21.0,12.0,8.65,4.57,3.0,13.0,18.0,9.0,11.29,0.81,76.02,2,1.8522483940042827,1.2902857142857143,1.3740458015267176,1
27.0,12.0,13.71,4.36,4.0,9.0,11.0,3.0,16.81,1.58,64.08,1,3.073991031390135,1.2172338884866039,1.208791208791209,3
26.0,16.0,10.79,8.26,0.0,10.0,15.0,0.0,14.98,1.02,26.85,0,1.2906698564593302,1.3755739210284668,1.4851485148514851,1
21.0,6.0,4.1,7.87,2.0,2.0,25.0,2.0,6.17,1.27,0.0,0,0.5144291091593475,1.4690476190476194,11.904761904761905,0
41.0,7.0,8.81,5.32,5.0,7.0,15.0,6.0,13.58,0.37,67.69,1,1.6254612546125462,1.5241301907968574,2.1126760563380285,1
41.0,12.0,8.14,5.62,6.0,4.0,0.0,2.0,11.3,1.72,3.41,0,1.4230769230769231,1.3713592233009708,0.0,1
22.0,15.0,5.07,5.55,1.0,19.0,14.0,5.0,9.43,0.73,44.48,1,0.8973451327433629,1.8239845261121856,0.7329842931937173,0
37.0,3.0,13.23,7.24,6.0,9.0,4.0,5.0,16.33,0.96,77.51,2,1.8024523160762944,1.2250562640660163,0.43956043956043955,1
31.0,7.0,12.05,4.31,6.0,7.0,5.0,5.0,16.14,0.7,54.73,1,2.7324263038548757,1.328395061728395,0.7042253521126761,2
20.0,15.0,6.3,6.45,7.0,8.0,26.0,1.0,7.51,1.78,21.2,0,0.9618320610687023,1.1734375000000001,3.2098765432098766,0
41.0,9.0,6.56,4.67,3.0,14.0,24.0,9.0,10.76,1.8,74.41,2,1.3752620545073375,1.6156156156156158,1.702127659574468,1
31.0,11.0,4.32,8.1,3.0,0.0,20.0,5.0,7.42,0.45,0.0,0,0.5268292682926831,1.6787330316742082,200.0,0
24.0,11.0,8.99,5.9,3.0,4.0,16.0,1.0,9.77,1.51,16.13,0,1.4983333333333333,1.0748074807480748,3.9024390243902443,1
32.0,4.0,9.85,6.64,7.0,14.0,10.0,1.0,11.3,0.21,75.93,2,1.4614243323442138,1.1356783919597992,0.7092198581560284,1
36.0,15.0,8.21,4.15,2.0,3.0,26.0,3.0,12.18,0.06,39.42,1,1.931764705882353,1.4657039711191335,8.387096774193548,1
35.0,0.0,13.69,4.29,5.0,18.0,3.0,7.0,15.21,1.67,100.0,2,3.118451025056948,1.102973168963017,0.16574585635359115,3
34.0,8.0,4.56,7.38,0.0,9.0,17.0,5.0,6.33,0.26,35.93,1,0.6096256684491979,1.3583690987124466,1.8681318681318682,0
42.0,11.0,9.91,7.83,4.0,1.0,19.0,7.0,11.42,0.31,59.17,1,1.2496847414880203,1.1408591408591409,17.27272727272727,1
34.0,4.0,12.58,7.55,5.0,4.0,13.0,3.0,13.61,1.21,39.77,1,1.6444444444444446,1.0733438485804416,3.1707317073170733,1
24.0,19.0,8.81,7.69,4.0,17.0,22.0,2.0,12.46,1.63,52.16,1,1.1309370988446728,1.3984287317620652,1.286549707602339,1
40.0,2.0,4.03,4.52,6.0,5.0,8.0,6.0,6.11,0.38,37.33,1,0.8722943722943725,1.4794188861985473,1.5686274509803924,0
33.0,4.0,6.43,7.47,5.0,9.0,27.0,6.0,8.03,0.23,43.05,1,0.8494055482166447,1.229709035222052,2.967032967032967,0
21.0,1.0,7.24,4.91,1.0,14.0,2.0,1.0,9.52,0.15,43.45,1,1.445109780439122,1.2970027247956404,0.14184397163120568,1
30.0,13.0,13.66,4.49,0.0,8.0,2.0,0.0,16.66,0.05,64.74,1,2.9760348583878,1.2107558139534884,0.2469135802469136,2
38.0,1.0,13.12,7.79,0.0,12.0,10.0,7.0,16.13,0.23,54.27,1,1.6628643852978453,1.2201210287443267,0.8264462809917356,1
26.0,12.0,13.49,8.45,2.0,17.0,19.0,2.0,15.96,1.89,58.93,1,1.577777777777778,1.17439293598234,1.111111111111111,1
25.0,6.0,12.26,7.58,7.0,6.0,22.0,5.0,15.24,0.19,87.86,2,1.5963541666666667,1.2330097087378642,3.6065573770491803,1
21.0,9.0,7.52,8.03,5.0,1.0,21.0,6.0,10.23,1.2,24.12,0,0.9249692496924969,1.3425196850393704,19.09090909090909,0
25.0,12.0,8.99,8.96,3.0,15.0,29.0,7.0,17.35,1.84,70.72,2,0.9922737306843267,1.9086908690869089,1.9205298013245033,0
37.0,15.0,13.82,4.67,0.0,1.0,4.0,5.0,14.94,1.26,60.47,1,2.89727463312369,1.0732758620689655,3.6363636363636362,2
21.0,13.0,7.5,6.46,4.0,3.0,3.0,6.0,11.97,0.07,36.15,1,1.1432926829268293,1.5750000000000002,0.9677419354838709,1
32.0,10.0,6.61,7.01,3.0,1.0,11.0,4.0,8.59,1.19,0.0,0,0.9296765119549931,1.2801788375558867,10.0,0
34.0,9.0,9.47,8.07,2.0,16.0,23.0,2.0,13.36,1.81,49.43,1,1.1591187270501837,1.3960292580982234,1.4285714285714284,1
38.0,5.0,5.87,7.25,6.0,5.0,11.0,1.0,8.49,0.65,27.58,1,0.798639455782313,1.4221105527638191,2.1568627450980395,0
21.0,3.0,4.33,6.85,6.0,9.0,3.0,6.0,6.51,0.63,44.98,1,0.623021582733813,1.469525959367946,0.32967032967032966,0
39.0,0.0,13.46,7.52,5.0,13.0,2.0,7.0,16.92,0.5,82.33,2,1.7664041994750659,1.2477876106194692,0.15267175572519084,1
44.0,6.0,13.26,5.6,5.0,14.0,22.0,7.0,17.34,1.01,100.0,2,2.3263157894736843,1.2979041916167666,1.5602836879432624,2
25.0,8.0,5.63,8.62,1.0,11.0,1.0,5.0,8.43,0.48,53.795,1,0.6456422018348624,1.4712041884816756,0.0900900900900901,0
20.0,7.0,8.08,4.58,5.0,18.0,3.0,1.0,10.95,1.45,77.23,2,1.7264957264957266,1.3386308068459658,0.16574585635359115,1
43.0,4.0,12.31,5.59,1.0,10.0,23.0,8.0,13.55,1.29,86.62,2,2.163444639718805,1.0918614020950848,2.2772277227722775,2
34.0,18.0,10.61,4.16,3.0,0.0,3.0,5.0,15.31,0.8,49.93,1,2.4906103286384975,1.4295051353874886,30.0,2
42.0,9.0,8.99,5.36,7.0,7.0,25.0,9.0,12.34,1.45,66.1,1,1.6465201465201467,1.3575357535753576,3.5211267605633805,1
29.0,10.0,11.44,5.09,6.0,5.0,27.0,2.0,14.03,0.2,78.08,2,2.204238921001927,1.2157712305025996,5.294117647058824,2
38.0,14.0,12.97,4.25,7.0,11.0,6.0,4.0,17.03,1.5,65.54,1,2.9816091954022994,1.3029839326702373,0.5405405405405406,2
36.0,5.0,13.26,6.46,3.0,19.0,1.0,0.0,15.51,1.21,71.1,2,2.0213414634146343,1.160928143712575,0.05235602094240837,2
24.0,14.0,7.79,6.34,6.0,9.0,10.0,1.0,11.71,1.02,56.88,1,1.2096273291925468,1.4841571609632447,1.098901098901099,1
23.0,4.0,5.74,4.39,6.0,17.0,4.0,8.0,8.81,0.13,78.21,2,1.2783964365256126,1.5085616438356166,0.23391812865497075,1
29.0,18.0,13.13,5.31,0.0,11.0,27.0,9.0,15.97,1.24,83.21,1,2.426987060998152,1.2071050642479213,2.4324324324324325,2
43.0,18.0,4.93,8.77,2.0,19.0,12.0,9.0,6.16,0.99,69.88,1,0.5558060879368658,1.2246520874751492,0.6282722513089005,0
36.0,9.0,11.22,4.55,7.0,1.0,3.0,2.0,16.08,0.97,63.41,1,2.4129032258064522,1.420494699646643,2.727272727272727,2
29.0,11.0,5.4,5.53,1.0,6.0,8.0,7.0,9.75,0.64,46.3,1,0.9591474245115453,1.7727272727272727,1.3114754098360657,0
36.0,3.0,7.89,4.18,6.0,8.0,6.0,9.0,12.06,0.02,69.9,1,1.8434579439252339,1.5093867334167712,0.7407407407407408,1
39.0,17.0,8.12,4.74,0.0,17.0,29.0,7.0,10.34,0.85,66.84,1,1.677685950413223,1.2579075425790756,1.6959064327485378,1
43.0,15.0,5.59,7.5,7.0,8.0,24.0,4.0,7.75,0.8,39.96,1,0.7355263157894737,1.3620386643233744,2.9629629629629632,0
24.0,7.0,13.23,5.83,4.0,7.0,26.0,7.0,16.52,0.85,85.91,2,2.231028667790894,1.2393098274568641,3.6619718309859155,2
21.0,3.0,4.03,6.26,0.0,0.0,28.0,1.0,8.41,1.22,10.51,0,0.6336477987421385,2.036319612590799,280.0,0
25.0,11.0,12.94,4.78,3.0,4.0,12.0,1.0,17.68,0.6,63.29,1,2.651639344262295,1.3558282208588959,2.9268292682926833,2
40.0,1.0,12.84,7.41,4.0,15.0,9.0,3.0,14.92,0.54,95.45,2,1.7097203728362185,1.1530139103554868,0.5960264900662252,1
21.0,3.0,7.17,7.76,7.0,13.0,6.0,7.0,10.6,1.0,67.32,1,0.9122137404580153,1.4580467675378268,0.4580152671755725,0
32.0,4.0,11.04,4.91,0.0,12.0,17.0,1.0,14.94,1.18,54.37,1,2.2035928143712575,1.3411131059245962,1.4049586776859504,2
30.0,10.0,6.53,4.22,5.0,10.0,27.0,3.0,8.44,1.13,41.35,1,1.5115740740740744,1.2730015082956259,2.6732673267326734,1
30.0,8.0,11.59,4.4,2.0,19.0,17.0,7.0,14.22,1.76,100.0,2,2.5755555555555554,1.2164242942686057,0.8900523560209423,2
35.0,17.0,9.61,7.29,1.0,12.0,1.0,2.0,11.36,1.54,39.51,1,1.3004059539918809,1.1699279093717818,0.08264462809917356,1
30.0,10.0,7.0,4.68,5.0,14.0,20.0,7.0,10.8,0.1,73.64,2,1.4644351464435148,1.5211267605633805,1.4184397163120568,1
38.0,2.0,8.0,6.47,4.0,15.0,0.0,1.0,12.46,1.13,41.22,1,1.2176560121765603,1.5382716049382719,0.0,1
34.0,1.0,10.9,4.76,6.0,12.0,12.0,0.0,15.41,0.84,67.3,1,2.2427983539094654,1.4009090909090909,0.9917355371900827,2
44.0,8.0,13.06,4.85,2.0,7.0,22.0,5.0,16.74,0.72,81.24,2,2.638383838383839,1.2720364741641337,3.098591549295775,2
42.0,13.0,5.31,4.02,6.0,17.0,1.0,7.0,7.7,1.92,63.82,1,1.2888349514563109,1.4232902033271722,0.05847953216374269,1
42.0,3.0,9.71,5.6,0.0,18.0,3.0,8.0,13.35,0.91,74.47,2,1.703508771929825,1.3608562691131498,0.16574585635359115,1
35.0,8.0,6.54,4.45,5.0,14.0,8.0,9.0,11.0,1.44,73.37,2,1.4373626373626374,1.6566265060240966,0.5673758865248227,1
30.0,12.0,12.01,5.97,3.0,9.0,7.0,7.0,15.51,1.93,76.2,2,1.9785831960461286,1.2807597027250206,0.7692307692307693,1
41.0,17.0,4.7,6.99,4.0,3.0,25.0,1.0,7.35,0.3,16.94,0,0.6629055007052187,1.53125,8.064516129032258,0
35.0,14.0,10.89,5.84,3.0,5.0,17.0,0.0,15.57,0.11,65.47,1,1.8333333333333335,1.4167424931756143,3.3333333333333335,1
27.0,9.0,5.75,7.53,2.0,7.0,29.0,6.0,10.09,0.63,32.49,0,0.7536041939711665,1.7247863247863249,4.084507042253521,0
23.0,15.0,9.96,7.71,3.0,6.0,15.0,6.0,14.49,0.09,53.795,1,1.275288092189501,1.4403578528827037,2.459016393442623,1
27.0,11.0,12.36,7.48,1.0,11.0,3.0,2.0,16.97,0.23,69.56,1,1.6306068601583112,1.3619582664526484,0.2702702702702703,1
23.0,10.0,11.55,8.68,7.0,17.0,3.0,5.0,14.13,1.98,80.1,2,1.315489749430524,1.2128755364806867,0.17543859649122806,1
43.0,4.0,11.53,5.19,6.0,17.0,17.0,6.0,15.97,1.92,81.62,2,2.1795841209829865,1.3731728288907998,0.9941520467836257,2
44.0,1.0,9.18,4.95,2.0,18.0,1.0,8.0,12.46,1.38,74.94,2,1.8178217821782179,1.3426724137931036,0.055248618784530384,1
22.0,9.0,12.91,7.05,7.0,3.0,20.0,0.0,14.06,1.51,37.75,1,1.8055944055944058,1.080707148347425,6.451612903225806,1
22.0,0.0,9.88,6.97,2.0,0.0,10.0,2.0,13.42,0.28,16.92,0,1.3974540311173977,1.344689378757515,100.0,1
37.0,6.0,13.18,6.55,3.0,4.0,19.0,4.0,16.06,1.19,62.48,1,1.9819548872180452,1.2093373493975903,4.634146341463415,1
38.0,16.0,9.47,4.02,2.0,6.0,23.0,2.0,11.57,0.31,64.12,1,2.2985436893203888,1.2089864158829675,3.7704918032786887,2
32.0,15.0,9.06,6.78,0.0,10.0,3.0,7.0,13.94,0.76,62.56,1,1.3168604651162792,1.5218340611353711,0.297029702970297,1
40.0,2.0,6.22,8.66,4.0,10.0,23.0,9.0,7.44,0.69,55.06,1,0.7100456621004566,1.177215189873418,2.2772277227722775,0
24.0,13.0,9.45,5.67,5.0,9.0,13.0,5.0,14.23,1.23,51.16,1,1.6377816291161178,1.4900523560209427,1.4285714285714286,1
37.0,9.0,5.41,8.84,4.0,6.0,20.0,1.0,7.05,0.16,18.82,0,0.6051454138702461,1.2794918330308531,3.278688524590164,0
29.0,6.0,12.7,5.78,7.0,15.0,16.0,0.0,15.21,0.21,88.62,2,2.1598639455782314,1.1882812500000002,1.0596026490066226,2
41.0,16.0,10.76,4.7,6.0,0.0,29.0,9.0,13.43,1.22,84.66,2,2.2416666666666667,1.2366482504604053,290.0,2
40.0,5.0,13.94,5.99,5.0,0.0,29.0,4.0,17.86,1.27,64.76,1,2.2889983579638753,1.272079772079772,290.0,2
25.0,3.0,4.92,6.47,3.0,11.0,24.0,8.0,6.78,0.68,64.71,1,0.7488584474885845,1.3505976095617531,2.1621621621621623,0
20.0,16.0,6.41,7.15,7.0,15.0,7.0,9.0,11.35,0.29,74.25,2,0.8841379310344828,1.7434715821812596,0.4635761589403974,0
24.0,8.0,12.77,6.52,1.0,4.0,0.0,8.0,16.77,1.02,67.4,1,1.9290030211480365,1.303030303030303,0.0,1
28.0,3.0,7.95,6.68,1.0,13.0,27.0,0.0,12.11,0.11,52.13,1,1.172566371681416,1.5043478260869563,2.0610687022900764,1
31.0,6.0,8.66,4.12,4.0,17.0,18.0,2.0,10.09,1.43,68.17,1,2.052132701421801,1.1518264840182648,1.0526315789473684,2
33.0,1.0,12.61,5.27,6.0,8.0,18.0,5.0,15.52,0.28,68.43,1,2.3482309124767227,1.2210857592446893,2.2222222222222223,2
21.0,16.0,9.22,5.55,3.0,1.0,20.0,4.0,14.0,1.27,27.62,0,1.6318584070796462,1.502145922746781,18.18181818181818,1
36.0,7.0,5.93,8.94,2.0,11.0,6.0,3.0,8.01,1.33,48.89,1,0.6559734513274337,1.328358208955224,0.5405405405405406,0
33.0,14.0,12.92,5.48,1.0,9.0,0.0,1.0,14.5,1.61,58.63,1,2.315412186379928,1.1136712749615976,0.0,2
32.0,14.0,4.31,8.48,7.0,1.0,0.0,3.0,7.25,0.79,15.63,0,0.5023310023310023,1.6439909297052158,0.0,0
28.0,7.0,12.95,5.52,4.0,14.0,9.0,4.0,17.67,0.04,79.82,2,2.3042704626334523,1.3540229885057473,0.6382978723404256,2
44.0,15.0,4.51,4.48,3.0,3.0,12.0,1.0,7.46,1.62,14.93,0,0.9847161572052401,1.6182212581344904,3.8709677419354835,0
34.0,18.0,10.66,5.24,6.0,18.0,21.0,9.0,13.28,0.89,100.0,2,1.99625468164794,1.2342007434944238,1.160220994475138,1
44.0,10.0,4.72,5.36,7.0,3.0,29.0,0.0,8.32,1.69,0.0,0,0.8644688644688644,1.7261410788381746,9.35483870967742,0
41.0,1.0,11.06,8.89,6.0,8.0,4.0,6.0,15.81,1.55,60.08,1,1.2302558398220245,1.4166666666666667,0.4938271604938272,1
34.0,16.0,4.34,7.37,4.0,12.0,11.0,6.0,5.54,1.0,39.23,1,0.5809906291834003,1.2477477477477479,0.9090909090909092,0
43.0,15.0,12.42,8.66,5.0,9.0,27.0,7.0,14.03,2.0,69.69,1,1.4178082191780823,1.1206070287539935,2.967032967032967,1
30.0,14.0,8.66,8.17,4.0,13.0,28.0,9.0,10.19,0.92,88.19,2,1.0471584038694075,1.16324200913242,2.1374045801526718,1
35.0,12.0,4.93,6.89,6.0,2.0,2.0,5.0,6.27,1.39,18.52,0,0.7052932761087268,1.246520874751491,0.9523809523809523,0
36.0,14.0,11.07,7.38,1.0,2.0,28.0,0.0,13.28,1.34,20.42,0,1.4799465240641712,1.188898836168308,13.333333333333332,1
23.0,3.0,8.89,7.12,5.0,19.0,18.0,7.0,10.81,1.04,78.02,2,1.2313019390581719,1.2024471635150167,0.9424083769633507,1
20.0,15.0,5.91,7.33,7.0,15.0,3.0,1.0,9.1,1.17,65.06,1,0.7954239569313594,1.51414309484193,0.19867549668874174,0
27.0,11.0,4.16,5.32,4.0,8.0,14.0,2.0,6.47,1.6,23.11,0,0.7675276752767528,1.5187793427230047,1.7283950617283952,0
36.0,3.0,8.18,6.04,2.0,13.0,12.0,7.0,10.8,1.14,67.83,1,1.3322475570032573,1.3043478260869568,0.916030534351145,1
22.0,2.0,4.86,6.96,2.0,15.0,10.0,3.0,9.63,0.9,12.01,0,0.6883852691218131,1.9415322580645162,0.6622516556291391,0
39.0,16.0,4.94,4.18,1.0,8.0,25.0,4.0,6.56,1.32,32.51,0,1.1542056074766358,1.3015873015873014,3.0864197530864197,1
34.0,17.0,6.67,6.41,7.0,4.0,1.0,8.0,9.22,0.07,51.63,1,1.0245775729646698,1.3618906942392912,0.24390243902439027,1
34.0,17.0,10.3,8.3,2.0,9.0,28.0,6.0,12.33,0.22,64.13,1,1.2261904761904763,1.185576923076923,3.076923076923077,1
43.0,16.0,9.3,6.46,3.0,14.0,8.0,9.0,12.02,0.25,77.19,2,1.4176829268292686,1.278723404255319,0.5673758865248227,1
41.0,11.0,4.69,6.76,5.0,3.0,28.0,6.0,8.64,0.85,13.23,0,0.6836734693877552,1.803757828810021,9.032258064516128,0
33.0,3.0,13.68,5.01,1.0,13.0,11.0,0.0,17.95,1.74,64.93,1,2.677103718199609,1.302612481857765,0.8396946564885497,2
42.0,11.0,12.87,7.97,5.0,19.0,3.0,0.0,15.93,1.29,89.11,2,1.5947955390334572,1.228218966846569,0.15706806282722513,1
33.0,19.0,6.59,5.79,7.0,19.0,25.0,7.0,11.01,1.95,74.28,2,1.1188455008488964,1.6457399103139014,1.3089005235602094,1
43.0,14.0,5.22,8.78,6.0,6.0,18.0,9.0,9.36,0.08,23.61,0,0.5878378378378378,1.7593984962406015,2.9508196721311477,0
21.0,15.0,13.42,8.97,4.0,3.0,9.0,0.0,15.05,1.44,26.28,0,1.4796030871003307,1.113165680473373,2.903225806451613,1
32.0,10.0,8.61,8.58,3.0,16.0,10.0,9.0,10.59,0.63,53.795,2,0.9919354838709677,1.2158438576349024,0.6211180124223602,0
33.0,14.0,7.11,4.42,1.0,8.0,6.0,1.0,10.8,0.05,28.0,0,1.5730088495575223,1.4979195561719834,0.7407407407407408,1
43.0,16.0,8.9,5.67,4.0,3.0,12.0,3.0,13.8,1.65,38.91,1,1.5424610051993068,1.5333333333333334,3.8709677419354835,1
38.0,17.0,11.73,8.73,4.0,2.0,8.0,8.0,14.23,1.02,70.58,2,1.3284258210645528,1.2028740490278953,3.8095238095238093,1
26.0,4.0,5.68,8.02,4.0,18.0,11.0,6.0,7.6,0.43,60.89,1,0.6995073891625616,1.3148788927335642,0.6077348066298343,0
22.0,12.0,11.67,8.56,4.0,8.0,28.0,6.0,16.15,0.68,52.9,1,1.3475750577367205,1.3721325403568394,3.4567901234567904,1
34.0,18.0,11.49,6.86,4.0,7.0,1.0,9.0,13.29,1.58,72.82,2,1.6508620689655173,1.1466781708369282,0.14084507042253522,1
42.0,12.0,9.39,6.4,1.0,6.0,29.0,6.0,13.18,1.25,54.52,1,1.4446153846153846,1.3888303477344572,4.754098360655738,1
33.0,17.0,12.66,4.53,2.0,6.0,21.0,4.0,13.8,0.53,63.27,1,2.734341252699784,1.0815047021943573,3.4426229508196724,2
30.0,13.0,5.32,8.2,4.0,3.0,20.0,0.0,6.4,0.34,0.0,0,0.6409638554216869,1.1808118081180812,6.451612903225806,0
34.0,3.0,9.95,7.73,6.0,18.0,0.0,4.0,12.76,1.02,76.84,2,1.2707535121328224,1.2696517412935324,0.0,1
32.0,3.0,8.49,4.29,6.0,11.0,26.0,7.0,12.12,0.3,94.29,2,1.9339407744874717,1.410942956926659,2.3423423423423424,1
37.0,19.0,8.22,5.05,3.0,19.0,6.0,6.0,9.79,1.74,64.35,1,1.5961165048543693,1.176682692307692,0.31413612565445026,1
25.0,19.0,6.53,6.79,1.0,5.0,0.0,6.0,10.59,1.85,21.87,0,0.9477503628447026,1.5972850678733033,0.0,0
22.0,18.0,7.72,7.42,0.0,11.0,25.0,1.0,9.23,1.94,12.31,0,1.0265957446808511,1.1803069053708442,2.2522522522522523,1
38.0,12.0,5.08,4.69,2.0,19.0,24.0,0.0,8.21,1.67,32.76,0,1.0605427974947808,1.5849420849420852,1.256544502617801,1
32.0,11.0,6.52,5.22,4.0,3.0,15.0,3.0,8.75,1.77,22.56,0,1.2255639097744362,1.3217522658610275,4.838709677419355,1
44.0,6.0,6.72,4.97,6.0,1.0,3.0,7.0,10.73,1.63,39.09,1,1.3254437869822486,1.5733137829912025,2.727272727272727,1
42.0,11.0,11.21,5.1,4.0,14.0,29.0,0.0,15.43,1.92,34.52,0,2.155769230769231,1.3642793987621573,2.0567375886524824,2
24.0,3.0,4.49,8.6,1.0,5.0,7.0,1.0,5.75,1.69,0.0,0,0.5160919540229886,1.252723311546841,1.3725490196078431,0
29.0,1.0,10.51,6.46,1.0,17.0,16.0,6.0,12.28,0.92,89.28,2,1.6021341463414636,1.1573986804901037,0.935672514619883,1
26.0,1.0,6.21,7.69,4.0,4.0,20.0,5.0,10.78,0.65,26.46,0,0.7971758664955071,1.7083993660855785,4.878048780487806,0
44.0,4.0,4.82,7.97,6.0,3.0,18.0,5.0,7.48,1.17,16.92,0,0.59727385377943,1.5203252032520327,5.806451612903226,0
36.0,9.0,7.01,5.78,3.0,10.0,3.0,7.0,9.92,1.22,47.15,1,1.1921768707482994,1.3952180028129397,0.297029702970297,1
26.0,9.0,6.24,7.84,1.0,10.0,27.0,8.0,7.91,1.15,30.85,0,0.7858942065491185,1.247634069400631,2.6732673267326734,0
41.0,8.0,9.52,8.89,5.0,8.0,3.0,7.0,14.5,1.41,53.06,1,1.0589543937708565,1.5072765072765073,0.3703703703703704,1
31.0,12.0,7.57,7.49,6.0,2.0,7.0,0.0,12.26,1.4,21.41,0,0.9973649538866931,1.5984354628422426,3.333333333333333,0
44.0,10.0,13.66,6.08,6.0,10.0,9.0,3.0,14.67,0.17,100.0,2,2.2103559870550162,1.0661337209302326,0.8910891089108911,2
36.0,4.0,13.64,7.58,2.0,1.0,25.0,4.0,16.84,0.57,53.795,1,1.7760416666666667,1.225618631732169,22.727272727272727,1
32.0,9.0,8.44,8.5,3.0,8.0,28.0,8.0,12.93,1.78,58.27,1,0.9813953488372092,1.5140515222482436,3.4567901234567904,0
39.0,9.0,11.95,4.64,6.0,9.0,15.0,5.0,14.67,1.18,92.87,2,2.5210970464135025,1.2174273858921163,1.6483516483516485,2
44.0,5.0,4.13,5.33,7.0,10.0,18.0,5.0,6.88,0.66,40.98,1,0.7605893186003684,1.6264775413711585,1.7821782178217822,0
23.0,10.0,9.48,8.6,4.0,2.0,0.0,2.0,12.0,1.7,15.19,0,1.0896551724137933,1.2526096033402923,0.0,1
29.0,7.0,11.43,8.73,7.0,16.0,4.0,1.0,12.55,0.5,54.38,1,1.2944507361268403,1.0884648742411103,0.24844720496894407,1
22.0,0.0,6.17,6.42,6.0,10.0,1.0,1.0,10.33,0.82,36.4,1,0.9463190184049081,1.6475279106858056,0.09900990099009901,0
28.0,16.0,4.61,5.87,7.0,16.0,28.0,6.0,7.44,0.55,57.94,1,0.7721943048576215,1.5796178343949046,1.7391304347826086,0
32.0,6.0,5.56,5.41,3.0,18.0,26.0,4.0,8.68,1.74,62.18,1,1.0090744101633393,1.5335689045936398,1.43646408839779,1
37.0,13.0,8.42,6.49,7.0,3.0,15.0,9.0,10.44,1.46,59.37,1,1.2776934749620636,1.2253521126760563,4.838709677419355,1
34.0,16.0,9.06,8.67,5.0,1.0,12.0,0.0,13.2,0.92,0.0,0,1.0330672748004561,1.4410480349344976,10.909090909090908,1
23.0,8.0,7.81,4.75,6.0,13.0,29.0,4.0,11.98,1.86,60.11,1,1.6103092783505155,1.5145385587863467,2.213740458015267,1
34.0,16.0,8.4,6.1,3.0,14.0,5.0,0.0,11.61,1.85,45.42,1,1.3548387096774195,1.3658823529411763,0.3546099290780142,1
41.0,4.0,8.7,8.56,6.0,2.0,3.0,8.0,13.32,1.42,39.86,1,1.0046189376443417,1.513636363636364,1.4285714285714286,1
21.0,19.0,11.69,5.75,0.0,19.0,24.0,7.0,13.15,1.78,94.46,2,1.9982905982905983,1.1153519932145888,1.256544502617801,1
34.0,7.0,5.05,7.84,7.0,12.0,6.0,3.0,9.2,1.44,28.05,0,0.6360201511335013,1.7864077669902914,0.49586776859504134,0
27.0,5.0,11.69,5.95,7.0,12.0,1.0,0.0,14.92,1.26,76.72,2,1.9322314049586777,1.265479219677693,0.08264462809917356,1
27.0,10.0,10.89,8.02,4.0,17.0,22.0,7.0,12.81,0.84,75.62,2,1.3411330049261085,1.1656050955414012,1.286549707602339,1
36.0,18.0,11.42,8.91,2.0,19.0,9.0,4.0,12.95,0.55,69.41,1,1.267480577136515,1.1241319444444444,0.47120418848167533,1
31.0,3.0,11.34,5.94,4.0,6.0,13.0,0.0,13.54,0.12,71.82,2,1.8774834437086092,1.1835664335664335,2.1311475409836067,1
38.0,17.0,8.71,8.23,0.0,15.0,7.0,1.0,13.14,1.02,22.45,0,1.0456182472989197,1.4914869466515324,0.4635761589403974,1
29.0,0.0,6.11,8.94,4.0,15.0,2.0,4.0,10.26,0.24,44.53,1,0.6758849557522125,1.6521739130434783,0.13245033112582782,0
28.0,12.0,9.37,8.92,4.0,5.0,2.0,8.0,12.95,0.82,52.55,1,1.0388026607538803,1.3674762407602958,0.3921568627450981,1
24.0,13.0,13.58,6.17,2.0,5.0,26.0,9.0,14.94,0.47,75.71,2,2.1658692185007977,1.0921052631578947,5.098039215686275,2
25.0,0.0,9.89,6.43,7.0,3.0,1.0,7.0,14.71,0.91,64.87,1,1.5145482388973968,1.4724724724724725,0.3225806451612903,1
39.0,10.0,4.11,5.52,0.0,2.0,27.0,9.0,6.33,0.63,33.68,0,0.7313167259786478,1.5035629453681711,12.857142857142856,0
21.0,16.0,4.6,5.57,4.0,0.0,16.0,7.0,8.03,1.66,24.21,0,0.8112874779541446,1.7085106382978725,160.0,0
43.0,3.0,13.93,6.46,5.0,2.0,18.0,8.0,18.14,1.96,73.96,2,2.1234756097560976,1.2929436920883821,8.571428571428571,2
32.0,11.0,4.72,5.0,6.0,18.0,9.0,1.0,6.25,1.88,50.43,1,0.9254901960784314,1.2966804979253113,0.49723756906077343,0
25.0,9.0,4.46,7.56,4.0,8.0,11.0,6.0,8.07,1.24,20.34,0,0.5822454308093995,1.7697368421052633,1.3580246913580247,0
24.0,5.0,7.53,6.68,1.0,13.0,14.0,9.0,8.66,1.96,49.82,1,1.1106194690265487,1.1349934469200524,1.0687022900763359,1
44.0,0.0,13.69,8.49,4.0,18.0,22.0,4.0,15.1,0.8,91.12,2,1.5937136204889406,1.0949963741841915,1.2154696132596685,1
20.0,6.0,7.19,8.05,2.0,18.0,10.0,2.0,11.08,1.04,40.86,1,0.8822085889570552,1.5198902606310014,0.5524861878453038,0
40.0,15.0,8.1,5.61,1.0,12.0,8.0,9.0,9.72,0.51,68.01,1,1.4185639229422067,1.1853658536585368,0.6611570247933884,1
41.0,13.0,10.34,6.53,5.0,15.0,29.0,7.0,13.11,1.8,52.34,1,1.559577677224736,1.2557471264367817,1.9205298013245033,1
40.0,19.0,4.24,7.75,6.0,7.0,24.0,1.0,6.23,0.36,24.11,0,0.540127388535032,1.435483870967742,3.3802816901408455,0
25.0,19.0,12.98,4.97,5.0,15.0,12.0,3.0,15.66,1.22,100.0,2,2.560157790927022,1.1972477064220184,0.794701986754967,2
25.0,5.0,9.19,4.16,5.0,8.0,5.0,4.0,12.02,1.6,65.43,1,2.1572769953051645,1.2938643702906352,0.617283950617284,2
42.0,4.0,8.67,8.26,4.0,8.0,13.0,4.0,12.69,1.19,40.02,1,1.0370813397129188,1.4469783352337515,1.6049382716049383,1
35.0,17.0,12.61,4.69,5.0,2.0,14.0,3.0,13.93,0.16,75.74,2,2.6325678496868474,1.095987411487018,6.666666666666666,2
23.0,14.0,13.53,8.45,3.0,6.0,10.0,2.0,17.88,1.22,49.9,1,1.5824561403508772,1.3118121790168746,1.639344262295082,1
30.0,5.0,8.23,8.57,2.0,19.0,4.0,2.0,11.88,1.53,38.31,1,0.9492502883506344,1.4261704681872749,0.20942408376963348,0
43.0,18.0,5.72,6.3,0.0,17.0,1.0,4.0,8.39,0.38,52.71,1,0.89375,1.441580756013746,0.05847953216374269,0
42.0,0.0,12.16,8.03,1.0,9.0,6.0,9.0,16.63,1.47,62.99,1,1.4956949569495697,1.3564437194127243,0.6593406593406593,1
28.0,0.0,8.03,5.82,3.0,0.0,14.0,5.0,9.77,1.76,18.23,0,1.3564189189189189,1.2017220172201724,140.0,1
42.0,12.0,13.36,8.29,0.0,11.0,5.0,0.0,15.42,1.02,52.97,1,1.5923718712753279,1.1456166419019318,0.45045045045045046,1
22.0,2.0,13.5,8.12,2.0,15.0,13.0,3.0,15.05,0.82,76.8,2,1.642335766423358,1.1066176470588236,0.8609271523178809,1
38.0,9.0,5.15,4.39,1.0,11.0,3.0,9.0,7.68,0.05,57.83,1,1.1469933184855237,1.4628571428571429,0.2702702702702703,1
27.0,2.0,13.57,6.91,2.0,9.0,2.0,9.0,18.52,0.84,82.37,2,1.935805991440799,1.3547915142648135,0.21978021978021978,1
24.0,8.0,7.68,7.2,2.0,8.0,10.0,5.0,9.32,1.32,40.73,1,1.0520547945205478,1.1979434447300772,1.234567901234568,1
23.0,7.0,10.46,4.0,1.0,17.0,28.0,1.0,14.78,1.78,59.97,1,2.5512195121951224,1.399621212121212,1.6374269005847952,2
43.0,2.0,4.35,8.9,5.0,3.0,0.0,9.0,7.96,1.88,50.01,1,0.4833333333333333,1.7887640449438205,0.0,0
25.0,12.0,12.89,6.03,4.0,7.0,13.0,4.0,13.95,1.82,51.95,1,2.102773246329527,1.0739030023094687,1.8309859154929577,2
21.0,5.0,10.42,6.59,2.0,3.0,5.0,8.0,15.2,1.32,27.67,0,1.5575485799701048,1.4448669201520912,1.6129032258064515,1
39.0,12.0,10.44,4.97,5.0,15.0,28.0,2.0,15.32,1.37,74.39,2,2.0591715976331364,1.4535104364326377,1.8543046357615895,2
30.0,10.0,13.02,7.05,6.0,7.0,22.0,2.0,17.72,0.0,69.79,1,1.820979020979021,1.350609756097561,3.098591549295775,1
23.0,19.0,9.08,8.05,1.0,6.0,26.0,8.0,12.09,0.73,52.89,1,1.1141104294478528,1.3169934640522876,4.262295081967213,1
34.0,11.0,8.11,6.93,2.0,12.0,16.0,2.0,9.99,1.81,9.22,0,1.1536273115220483,1.2168087697929355,1.322314049586777,1
25.0,12.0,12.66,7.94,4.0,7.0,26.0,3.0,15.23,1.38,37.31,1,1.5746268656716416,1.193573667711599,3.6619718309859155,1
41.0,1.0,11.42,7.66,6.0,6.0,16.0,8.0,14.88,0.94,65.31,1,1.4716494845360826,1.2916666666666667,2.6229508196721314,1
36.0,15.0,13.49,5.19,1.0,4.0,22.0,3.0,16.01,0.21,73.43,2,2.5500945179584122,1.1780721118469464,5.365853658536586,2
43.0,5.0,13.4,6.46,7.0,17.0,10.0,4.0,17.23,0.49,81.66,2,2.0426829268292686,1.2762962962962963,0.5847953216374269,2
25.0,18.0,7.82,4.74,0.0,18.0,27.0,1.0,12.0,1.11,58.08,1,1.615702479338843,1.5151515151515151,1.4917127071823204,1
38.0,12.0,8.47,4.21,0.0,9.0,21.0,7.0,10.31,1.8,53.05,1,1.9651972157772626,1.2030338389731623,2.307692307692308,1
44.0,16.0,6.56,4.32,7.0,10.0,6.0,8.0,9.18,0.19,74.16,2,1.4841628959276016,1.3783783783783785,0.594059405940594,1
21.0,8.0,10.61,8.71,5.0,7.0,12.0,9.0,15.44,0.31,67.4,1,1.2043132803632235,1.4416433239962652,1.6901408450704227,1
34.0,16.0,7.65,8.92,0.0,9.0,7.0,3.0,9.65,1.31,14.84,0,0.8481152993348116,1.2451612903225806,0.7692307692307693,0
30.0,1.0,11.86,4.47,3.0,10.0,7.0,2.0,14.25,0.59,70.25,2,2.5951859956236327,1.1914715719063547,0.6930693069306931,2
27.0,18.0,5.22,5.68,7.0,15.0,8.0,3.0,6.36,0.34,65.72,1,0.9031141868512111,1.1954887218045114,0.5298013245033113,0
38.0,18.0,5.16,4.57,2.0,3.0,28.0,6.0,7.49,0.36,34.07,0,1.1049250535331907,1.4239543726235742,9.032258064516128,1
32.0,6.0,6.04,8.17,2.0,1.0,24.0,0.0,8.52,0.99,8.74,0,0.7303506650544136,1.3876221498371335,21.818181818181817,0
31.0,9.0,4.84,6.48,1.0,12.0,6.0,1.0,6.24,1.17,17.03,0,0.7355623100303951,1.2631578947368423,0.49586776859504134,0
24.0,9.0,10.2,7.11,3.0,6.0,24.0,9.0,11.21,1.81,69.69,1,1.4147018030513174,1.088349514563107,3.934426229508197,1
25.0,19.0,5.47,6.7,2.0,16.0,21.0,4.0,8.77,1.02,40.89,1,0.8044117647058824,1.5745062836624777,1.3043478260869563,0
41.0,8.0,5.6,7.55,1.0,12.0,8.0,8.0,7.81,1.38,38.66,1,0.7320261437908496,1.3701754385964913,0.6611570247933884,0
23.0,16.0,4.14,5.6,4.0,9.0,10.0,5.0,5.21,0.36,19.74,0,0.7263157894736842,1.2287735849056605,1.098901098901099,0
38.0,14.0,11.82,4.69,2.0,12.0,1.0,2.0,16.26,1.43,58.16,1,2.467640918580376,1.3640939597315438,0.08264462809917356,2
39.0,1.0,12.12,4.09,5.0,9.0,26.0,2.0,15.46,1.3,64.73,1,2.892601431980907,1.2651391162029462,2.857142857142857,2
20.0,3.0,5.62,6.23,2.0,6.0,17.0,6.0,7.3,0.43,16.94,0,0.8878357030015798,1.2762237762237763,2.7868852459016393,0
39.0,18.0,11.4,8.54,4.0,9.0,29.0,2.0,15.86,1.34,53.795,1,1.3194444444444446,1.3791304347826085,3.186813186813187,1
36.0,16.0,8.34,5.53,4.0,15.0,21.0,9.0,10.35,0.42,89.35,2,1.4813499111900532,1.2263033175355451,1.390728476821192,1
31.0,10.0,6.4,4.98,4.0,2.0,2.0,2.0,8.31,1.19,28.1,0,1.2598425196850394,1.2784615384615385,0.9523809523809523,1
34.0,6.0,10.21,8.63,4.0,3.0,17.0,9.0,14.79,1.34,33.98,0,1.1695303550973655,1.4345295829291949,5.483870967741935,1
20.0,17.0,5.78,6.46,1.0,3.0,15.0,6.0,7.5,1.39,46.46,1,0.8810975609756099,1.2755102040816326,4.838709677419355,0
33.0,6.0,11.57,4.26,2.0,3.0,7.0,8.0,16.09,1.82,74.1,2,2.6536697247706424,1.3787489288774635,2.258064516129032,2
25.0,16.0,4.48,8.4,2.0,15.0,22.0,8.0,8.69,1.9,58.1,1,0.5270588235294118,1.8973799126637554,1.456953642384106,0
24.0,6.0,13.59,7.5,0.0,8.0,7.0,2.0,15.83,1.62,62.92,1,1.7881578947368422,1.156318480642805,0.8641975308641976,1
30.0,3.0,4.72,6.11,5.0,5.0,5.0,7.0,5.86,1.76,50.28,1,0.7600644122383252,1.215767634854772,0.9803921568627452,0
23.0,7.0,9.79,7.76,2.0,9.0,24.0,0.0,11.12,0.04,43.9,1,1.2455470737913485,1.1243680485338727,2.6373626373626373,1
32.0,12.0,13.02,7.71,6.0,3.0,24.0,7.0,14.46,0.73,61.85,1,1.6670934699103714,1.1021341463414636,7.741935483870967,1
30.0,3.0,4.12,4.2,0.0,11.0,1.0,1.0,8.68,0.08,31.01,0,0.958139534883721,2.056872037914692,0.0900900900900901,0
22.0,5.0,8.99,7.38,4.0,9.0,15.0,3.0,11.61,1.02,25.8,0,1.2018716577540107,1.2772277227722773,1.6483516483516485,1
20.0,4.0,7.5,7.2,5.0,11.0,25.0,6.0,8.63,0.76,53.29,1,1.0273972602739727,1.135526315789474,2.2522522522522523,1
25.0,11.0,9.8,8.82,5.0,18.0,20.0,5.0,13.03,1.74,65.57,1,1.0986547085201794,1.316161616161616,1.1049723756906076,1
37.0,3.0,6.25,8.83,4.0,18.0,8.0,8.0,8.08,1.02,68.48,1,0.6998880179171333,1.2724409448818899,0.4419889502762431,0
43.0,8.0,4.65,6.46,1.0,0.0,18.0,7.0,6.59,1.3,18.26,0,0.7088414634146343,1.3873684210526316,180.0,0
29.0,3.0,10.26,6.95,7.0,3.0,20.0,1.0,11.9,0.73,38.44,1,1.4553191489361703,1.1486486486486487,6.451612903225806,1
24.0,18.0,8.17,4.71,7.0,12.0,14.0,3.0,12.22,1.21,48.98,1,1.6985446985446986,1.4776299879081016,1.15702479338843,1
42.0,13.0,10.22,4.33,0.0,7.0,23.0,0.0,11.22,1.63,32.1,1,2.306997742663657,1.0872093023255813,3.23943661971831,2
32.0,4.0,6.11,6.16,2.0,13.0,1.0,5.0,8.87,0.6,48.67,1,0.976038338658147,1.428341384863124,0.07633587786259542,0
31.0,17.0,7.39,7.45,0.0,15.0,14.0,3.0,8.74,1.02,29.81,0,0.9788079470198675,1.1668891855807746,0.9271523178807948,0
21.0,9.0,9.62,6.84,4.0,1.0,21.0,7.0,12.83,0.43,23.37,0,1.3861671469740633,1.3199588477366258,19.09090909090909,1
32.0,18.0,9.93,6.15,4.0,7.0,10.0,1.0,12.31,1.84,40.73,1,1.5888,1.2273180458624129,1.4084507042253522,1
27.0,11.0,7.72,8.09,6.0,12.0,19.0,7.0,8.83,0.06,58.28,1,0.9426129426129426,1.1291560102301792,1.5702479338842976,0
21.0,17.0,6.8,7.97,7.0,0.0,11.0,1.0,9.64,1.09,8.82,0,0.842627013630731,1.3971014492753626,110.0,0
39.0,16.0,6.74,7.66,1.0,11.0,14.0,7.0,10.02,1.97,39.85,1,0.8685567010309279,1.4649122807017543,1.2612612612612613,0
20.0,10.0,5.75,4.39,7.0,16.0,15.0,0.0,7.74,1.22,46.53,1,1.2806236080178175,1.3230769230769233,0.9316770186335402,1
24.0,2.0,7.25,7.98,5.0,6.0,29.0,1.0,11.31,1.11,34.55,0,0.8972772277227723,1.5387755102040819,4.754098360655738,0
28.0,16.0,5.99,8.6,5.0,15.0,27.0,4.0,8.47,1.36,33.38,0,0.6885057471264369,1.3908045977011496,1.7880794701986755,0
36.0,0.0,10.34,4.3,4.0,13.0,5.0,0.0,14.34,0.58,57.38,1,2.35,1.3735632183908046,0.3816793893129771,2
28.0,14.0,9.69,6.01,0.0,9.0,2.0,4.0,13.01,0.11,46.28,1,1.5859247135842882,1.3289070480081717,0.21978021978021978,1
30.0,8.0,7.83,8.94,5.0,2.0,5.0,4.0,12.31,0.5,28.66,0,0.8661504424778762,1.5523329129886507,2.380952380952381,0
34.0,14.0,7.26,7.0,6.0,11.0,22.0,6.0,10.45,0.35,60.17,1,1.0225352112676056,1.4198369565217392,1.981981981981982,1
43.0,2.0,8.99,6.57,6.0,7.0,25.0,1.0,8.12,1.85,19.77,0,1.3478260869565217,0.8932893289328933,3.5211267605633805,1
25.0,10.0,9.35,4.89,2.0,15.0,2.0,1.0,13.64,1.7,55.56,1,1.8737474949899802,1.4433862433862437,0.13245033112582782,1
42.0,12.0,13.19,6.83,2.0,0.0,20.0,5.0,17.32,0.64,58.24,1,1.9033189033189033,1.3032355154251318,200.0,1
22.0,10.0,10.86,6.2,0.0,16.0,12.0,9.0,15.75,1.67,86.14,2,1.7238095238095237,1.437043795620438,0.7453416149068323,1
36.0,19.0,11.44,4.64,7.0,5.0,11.0,2.0,12.81,0.42,65.38,1,2.4135021097046416,1.1100519930675912,2.1568627450980395,2
24.0,0.0,12.34,6.32,7.0,0.0,7.0,7.0,15.7,0.4,61.54,1,1.9221183800623054,1.2620578778135048,70.0,1
31.0,16.0,7.52,4.82,1.0,14.0,1.0,2.0,10.49,1.54,38.75,1,1.5284552845528454,1.3766404199475066,0.07092198581560284,1
37.0,12.0,4.63,7.65,2.0,12.0,6.0,9.0,8.31,0.65,46.93,1,0.5974193548387097,1.7568710359408037,0.49586776859504134,0
33.0,0.0,10.23,8.87,0.0,5.0,28.0,3.0,15.15,0.13,41.27,1,1.1404682274247493,1.4666021297192644,5.490196078431373,1
40.0,9.0,5.89,6.35,0.0,12.0,16.0,6.0,9.02,1.44,40.36,1,0.9131782945736434,1.5058430717863107,1.322314049586777,0
43.0,14.0,9.69,7.16,4.0,3.0,6.0,0.0,13.43,1.98,20.04,0,1.3347107438016528,1.3718079673135855,1.9354838709677418,1
30.0,6.0,11.4,6.15,5.0,0.0,0.0,0.0,13.79,1.13,31.05,0,1.824,1.1991304347826086,0.0,1
28.0,17.0,11.84,4.69,4.0,9.0,3.0,8.0,14.04,1.02,95.86,2,2.471816283924843,1.1758793969849246,0.32967032967032966,2
21.0,15.0,7.02,8.85,5.0,3.0,14.0,5.0,9.36,0.75,14.67,0,0.7843575418994414,1.3146067415730338,4.516129032258064,0
31.0,10.0,9.12,4.65,1.0,12.0,3.0,4.0,10.27,1.3,53.75,1,1.92,1.1138828633405642,0.24793388429752067,1
22.0,17.0,10.21,4.56,1.0,3.0,11.0,1.0,12.35,1.4,51.21,1,2.1909871244635197,1.197866149369544,3.5483870967741935,2
22.0,6.0,12.19,6.3,1.0,15.0,15.0,1.0,13.88,1.77,73.59,2,1.9046875,1.1293734743694062,0.9933774834437087,1
20.0,16.0,11.61,7.29,0.0,8.0,20.0,6.0,14.44,1.82,55.79,1,1.5710419485791611,1.233134073441503,2.469135802469136,1
27.0,17.0,13.88,5.77,0.0,3.0,17.0,5.0,16.72,1.72,53.86,1,2.3645655877342424,1.1959942775393417,5.483870967741935,2
41.0,11.0,4.08,4.96,7.0,19.0,13.0,7.0,8.14,1.3,64.53,1,0.8063241106719369,1.9473684210526319,0.6806282722513088,0
27.0,7.0,8.37,8.09,4.0,7.0,13.0,2.0,11.38,0.9,33.85,0,1.021978021978022,1.3435655253837075,1.8309859154929577,1
30.0,1.0,6.56,5.82,2.0,3.0,27.0,2.0,9.41,1.36,39.8,1,1.1081081081081081,1.412912912912913,8.709677419354838,1
28.0,6.0,5.2,4.97,6.0,8.0,10.0,4.0,7.13,1.33,49.71,1,1.0256410256410258,1.3452830188679246,1.234567901234568,1
24.0,3.0,13.12,5.83,5.0,10.0,27.0,9.0,17.53,0.44,100.0,2,2.2124789207419897,1.3260211800302575,2.6732673267326734,2
33.0,17.0,13.98,5.07,5.0,4.0,15.0,3.0,15.34,1.02,69.97,1,2.7040618955512574,1.0894886363636362,3.658536585365854,2
22.0,5.0,5.81,6.6,1.0,8.0,14.0,7.0,10.74,0.42,34.59,0,0.8671641791044776,1.8172588832487313,1.7283950617283952,0
40.0,8.0,4.38,7.34,7.0,7.0,21.0,5.0,7.28,1.8,24.57,0,0.5887096774193549,1.6250000000000002,2.9577464788732395,0
24.0,8.0,6.75,8.0,5.0,3.0,5.0,7.0,8.49,0.65,45.46,1,0.8333333333333334,1.2394160583941607,1.6129032258064515,0
24.0,13.0,12.35,5.14,3.0,19.0,29.0,6.0,14.77,1.61,100.0,2,2.356870229007634,1.1863453815261045,1.5183246073298429,2
38.0,7.0,6.94,4.83,1.0,0.0,23.0,1.0,8.0,0.75,8.1,0,1.4077079107505073,1.1363636363636365,230.0,1
33.0,18.0,4.57,4.1,6.0,19.0,12.0,8.0,6.24,1.53,49.83,1,1.0880952380952384,1.3361884368308352,0.6282722513089005,1
23.0,2.0,4.52,5.14,5.0,12.0,25.0,5.0,6.86,0.44,46.33,1,0.8625954198473282,1.484848484848485,2.066115702479339,0
44.0,17.0,8.27,4.12,4.0,4.0,27.0,5.0,11.49,1.53,58.83,1,1.9597156398104265,1.3727598566308246,6.585365853658537,1
32.0,4.0,13.32,5.73,5.0,19.0,16.0,1.0,14.84,0.36,87.17,2,2.2847341337907374,1.105812220566319,0.8376963350785339,2
29.0,13.0,6.86,4.73,0.0,9.0,3.0,8.0,12.02,0.98,57.01,1,1.4202898550724639,1.7270114942528736,0.32967032967032966,1
44.0,3.0,8.27,6.9,4.0,15.0,11.0,0.0,12.65,0.23,53.795,1,1.1814285714285713,1.5113500597371567,0.728476821192053,1
37.0,6.0,5.02,5.92,4.0,7.0,17.0,5.0,8.31,1.06,30.18,0,0.8338870431893688,1.6230468750000004,2.3943661971830985,0
27.0,19.0,8.94,4.47,4.0,11.0,26.0,7.0,11.13,1.64,61.73,1,1.9562363238512037,1.231194690265487,2.3423423423423424,1
27.0,11.0,10.97,6.0,3.0,2.0,7.0,1.0,12.46,1.51,34.77,0,1.7983606557377052,1.1255645889792232,3.333333333333333,1
26.0,1.0,6.71,5.05,3.0,3.0,11.0,2.0,7.77,0.1,32.88,0,1.3029126213592235,1.1409691629955947,3.5483870967741935,1
27.0,10.0,6.97,7.4,5.0,16.0,3.0,9.0,10.9,0.98,76.26,2,0.9293333333333333,1.541725601131542,0.18633540372670807,0
33.0,13.0,12.42,5.82,4.0,19.0,29.0,9.0,15.93,1.7,93.13,2,2.097972972972973,1.2723642172523961,1.5183246073298429,2
38.0,15.0,4.1,4.74,7.0,12.0,7.0,6.0,7.01,1.3,39.68,1,0.8471074380165289,1.6690476190476193,0.578512396694215,0
25.0,19.0,10.36,5.75,5.0,5.0,28.0,0.0,11.77,0.12,32.99,0,1.7709401709401709,1.1252390057361377,5.490196078431373,1
20.0,5.0,7.94,6.46,5.0,2.0,1.0,4.0,9.77,0.65,52.79,1,1.2103658536585367,1.2151741293532337,0.47619047619047616,1
42.0,3.0,6.98,7.98,7.0,13.0,28.0,5.0,11.24,1.11,44.28,1,0.8638613861386139,1.5875706214689265,2.1374045801526718,0
34.0,14.0,10.58,8.92,7.0,6.0,29.0,9.0,13.5,0.35,73.63,2,1.172949002217295,1.2640449438202248,4.754098360655738,1
20.0,0.0,12.35,4.13,5.0,2.0,3.0,6.0,17.2,1.36,54.51,1,2.9196217494089836,1.3815261044176708,1.4285714285714286,2
44.0,6.0,8.99,7.45,7.0,5.0,11.0,9.0,14.58,1.27,78.45,2,1.190728476821192,1.603960396039604,2.1568627450980395,1
36.0,11.0,4.31,5.32,6.0,12.0,24.0,9.0,8.51,0.4,89.11,2,0.7952029520295202,1.9297052154195014,1.9834710743801653,0
20.0,9.0,8.61,4.33,0.0,13.0,20.0,6.0,10.64,1.1,67.52,1,1.9435665914221218,1.2215843857634905,1.5267175572519085,1
34.0,4.0,8.63,4.07,4.0,14.0,21.0,2.0,10.55,1.62,57.88,1,2.0695443645083933,1.2084765177548682,1.4893617021276595,2
42.0,11.0,9.44,8.41,2.0,15.0,9.0,6.0,11.45,0.75,76.2,2,1.109283196239718,1.20020964360587,0.5960264900662252,1
21.0,17.0,10.71,5.77,6.0,0.0,14.0,0.0,15.66,0.49,35.06,1,1.8245315161839868,1.4486586493987048,140.0,1
33.0,9.0,4.19,8.97,1.0,14.0,14.0,3.0,6.53,1.4,17.57,0,0.46196251378169795,1.5221445221445222,0.9929078014184397,0
40.0,5.0,9.02,6.21,1.0,6.0,8.0,6.0,12.85,0.14,23.9,0,1.4294770206022187,1.4089912280701755,1.3114754098360657,1
27.0,11.0,9.88,4.94,4.0,8.0,8.0,6.0,14.72,1.67,62.52,1,1.9603174603174605,1.4749498997995991,0.9876543209876544,1
27.0,6.0,7.43,7.89,1.0,14.0,6.0,3.0,11.71,1.89,46.71,1,0.9299123904881101,1.555112881806109,0.425531914893617,0
38.0,17.0,10.68,8.63,4.0,13.0,26.0,0.0,14.07,1.93,38.63,1,1.2233676975945016,1.3051948051948052,1.984732824427481,1
26.0,1.0,6.28,8.08,1.0,18.0,1.0,7.0,7.96,0.87,49.29,1,0.7677261613691932,1.2476489028213167,0.055248618784530384,0
38.0,9.0,7.17,7.73,5.0,17.0,6.0,3.0,8.87,1.25,47.32,1,0.9157088122605364,1.220082530949106,0.3508771929824561,0
25.0,14.0,13.63,5.67,0.0,8.0,8.0,1.0,16.6,1.71,75.55,2,2.3622183708838826,1.2090313182811363,0.9876543209876544,2
25.0,11.0,7.48,4.32,6.0,0.0,17.0,3.0,12.29,0.45,41.14,1,1.6923076923076925,1.621372031662269,170.0,1
22.0,16.0,7.47,5.01,6.0,11.0,22.0,7.0,12.09,0.06,72.4,1,1.4618395303326812,1.5970937912813739,1.981981981981982,1
26.0,3.0,9.96,6.23,1.0,9.0,11.0,7.0,11.62,0.77,57.98,1,1.5734597156398105,1.15506958250497,1.208791208791209,1
38.0,6.0,13.71,8.78,6.0,6.0,6.0,4.0,15.86,1.77,70.86,2,1.543918918918919,1.1484431571325127,0.9836065573770493,1
27.0,8.0,13.83,7.61,1.0,13.0,18.0,1.0,17.19,1.01,56.6,1,1.793774319066148,1.23402727925341,1.3740458015267176,1
29.0,18.0,9.8,8.14,7.0,0.0,21.0,6.0,12.71,1.06,55.72,1,1.1893203883495147,1.2838383838383838,210.0,1
39.0,6.0,4.01,5.39,7.0,14.0,23.0,2.0,5.49,1.02,38.42,1,0.7304189435336976,1.3357664233576645,1.6312056737588654,0
34.0,1.0,13.01,7.42,7.0,0.0,15.0,5.0,15.49,1.15,70.33,2,1.7300531914893618,1.181540808543097,150.0,1
34.0,5.0,9.7,8.31,2.0,12.0,25.0,8.0,14.52,0.11,63.02,1,1.1533888228299642,1.4816326530612247,2.066115702479339,1
20.0,17.0,7.66,6.46,6.0,19.0,7.0,4.0,12.47,1.12,77.28,2,1.1676829268292683,1.606958762886598,0.36649214659685864,1
39.0,5.0,12.29,6.15,0.0,1.0,29.0,8.0,15.53,1.3,61.75,1,1.9664,1.2534301856335754,26.36363636363636,1
26.0,12.0,8.0,7.6,6.0,2.0,18.0,3.0,11.54,1.28,27.6,0,1.038961038961039,1.4246913580246914,8.571428571428571,1
23.0,18.0,4.34,6.8,5.0,3.0,5.0,8.0,6.23,1.46,40.89,1,0.6289855072463768,1.4031531531531534,1.6129032258064515,0
25.0,1.0,12.21,8.97,0.0,15.0,1.0,0.0,16.18,1.04,62.93,1,1.3461962513781698,1.314378554021121,0.06622516556291391,1
44.0,11.0,9.46,6.13,6.0,11.0,29.0,3.0,10.67,1.8,50.33,1,1.518459069020867,1.1161087866108785,2.6126126126126126,1
20.0,14.0,7.38,4.88,0.0,3.0,1.0,0.0,9.26,0.93,11.56,0,1.4819277108433737,1.2379679144385027,0.3225806451612903,1
24.0,10.0,6.51,6.36,6.0,11.0,28.0,8.0,7.53,1.04,57.49,1,1.0077399380804952,1.1391830559757943,2.5225225225225225,1
42.0,5.0,9.94,5.18,1.0,6.0,7.0,7.0,12.48,1.56,53.2,1,1.8825757575757578,1.2430278884462154,1.1475409836065575,1
20.0,17.0,6.08,6.81,3.0,19.0,26.0,7.0,10.48,1.67,70.2,2,0.8798842257597685,1.6957928802588997,1.3612565445026177,0
23.0,4.0,7.24,4.63,7.0,2.0,9.0,6.0,12.17,1.3,50.77,1,1.5306553911205076,1.6580381471389647,4.285714285714286,1
41.0,17.0,10.37,8.75,1.0,4.0,20.0,8.0,14.04,0.25,40.61,1,1.1717514124293784,1.340974212034384,4.878048780487806,1
21.0,2.0,12.82,8.3,4.0,11.0,20.0,2.0,16.8,0.66,55.07,1,1.526190476190476,1.30030959752322,1.8018018018018018,1
29.0,2.0,9.33,4.78,7.0,11.0,14.0,6.0,11.38,0.04,82.46,2,1.9118852459016393,1.2067868504772006,1.2612612612612613,1
24.0,9.0,11.59,4.86,6.0,19.0,19.0,5.0,14.67,0.59,100.0,2,2.336693548387097,1.2549187339606502,0.9947643979057591,2
29.0,18.0,11.63,6.56,2.0,6.0,26.0,4.0,15.58,1.14,69.86,1,1.7462462462462465,1.328218243819267,4.262295081967213,1
20.0,2.0,10.64,7.86,0.0,11.0,25.0,8.0,13.63,1.61,61.43,1,1.3366834170854272,1.2690875232774674,2.2522522522522523,1
32.0,11.0,6.46,5.1,4.0,1.0,19.0,3.0,7.81,1.17,23.81,0,1.2423076923076926,1.190548780487805,17.27272727272727,1
25.0,15.0,12.67,4.3,5.0,13.0,23.0,2.0,16.63,0.08,85.51,2,2.879545454545455,1.302270947533281,1.7557251908396947,2
32.0,16.0,8.36,6.73,7.0,15.0,2.0,2.0,10.24,0.52,54.99,1,1.2240117130307466,1.2104018912529553,0.13245033112582782,1
34.0,6.0,4.44,7.46,4.0,6.0,26.0,1.0,5.83,1.16,8.78,0,0.5873015873015874,1.2841409691629957,4.262295081967213,0
23.0,12.0,6.45,5.22,7.0,3.0,15.0,0.0,9.36,1.42,53.795,0,1.2124060150375942,1.4290076335877862,4.838709677419355,1
32.0,1.0,11.66,7.7,3.0,19.0,2.0,2.0,12.02,1.73,64.76,1,1.494871794871795,1.022108843537415,0.10471204188481674,1
43.0,3.0,4.69,8.75,6.0,4.0,7.0,7.0,8.21,1.94,25.7,0,0.5299435028248588,1.7139874739039667,1.707317073170732,0
39.0,9.0,5.47,4.69,0.0,13.0,18.0,5.0,9.03,1.78,26.29,0,1.1419624217118998,1.621184919210054,1.3740458015267176,1
43.0,6.0,10.94,6.56,1.0,9.0,11.0,1.0,12.97,0.93,25.65,0,1.6426426426426428,1.1748188405797102,1.208791208791209,1
34.0,16.0,12.93,4.28,0.0,4.0,17.0,7.0,17.79,1.49,59.57,1,2.952054794520548,1.3653108211818878,4.146341463414634,2
27.0,19.0,10.34,5.03,7.0,1.0,12.0,4.0,14.64,0.48,65.1,1,2.0155945419103314,1.4022988505747127,10.909090909090908,2
24.0,5.0,6.22,4.45,2.0,4.0,10.0,3.0,7.66,0.13,37.15,1,1.367032967032967,1.2120253164556964,2.439024390243903,1
34.0,18.0,4.53,6.02,4.0,2.0,28.0,0.0,8.52,0.11,11.43,0,0.7401960784313727,1.8401727861771058,13.333333333333332,0
23.0,4.0,10.15,8.1,4.0,9.0,12.0,0.0,12.56,0.48,25.45,0,1.2378048780487807,1.2253658536585366,1.3186813186813187,1
31.0,9.0,4.47,6.89,4.0,7.0,20.0,3.0,8.47,0.08,30.51,0,0.6394849785407726,1.8533916849015322,2.8169014084507045,0
32.0,8.0,10.13,5.11,1.0,9.0,26.0,8.0,14.33,1.7,51.33,1,1.9443378119001922,1.4007820136852394,2.857142857142857,1
21.0,12.0,6.26,4.2,1.0,1.0,2.0,9.0,7.87,0.98,29.79,0,1.455813953488372,1.237421383647799,1.8181818181818181,1
38.0,18.0,13.05,6.77,1.0,13.0,5.0,9.0,16.7,1.62,72.1,2,1.899563318777293,1.2699619771863118,0.3816793893129771,1
38.0,5.0,8.75,4.66,5.0,3.0,26.0,5.0,13.2,1.88,35.41,1,1.8382352941176472,1.4915254237288136,8.387096774193548,1
23.0,3.0,6.24,5.71,6.0,11.0,22.0,0.0,8.53,1.99,58.83,1,1.0740103270223753,1.3454258675078863,1.981981981981982,1
23.0,2.0,12.53,6.55,2.0,19.0,2.0,7.0,13.85,1.87,95.41,2,1.8842105263157896,1.0965954077593032,0.10471204188481674,1
30.0,2.0,6.54,8.52,5.0,13.0,24.0,8.0,7.65,1.43,32.99,0,0.7587006960556846,1.1521084337349399,1.83206106870229,0
24.0,3.0,7.07,4.41,7.0,15.0,25.0,1.0,8.51,0.88,44.59,1,1.567627494456763,1.1868898186889818,1.6556291390728477,1
39.0,4.0,12.34,7.34,5.0,4.0,0.0,5.0,13.36,1.2,60.15,1,1.6586021505376345,1.0739549839228295,0.0,1
30.0,7.0,7.09,4.07,5.0,15.0,13.0,6.0,9.4,1.63,70.7,2,1.7002398081534773,1.3073713490959669,0.8609271523178809,1
29.0,15.0,8.1,7.15,7.0,3.0,22.0,0.0,10.3,1.8,16.54,1,1.1172413793103448,1.25609756097561,7.096774193548387,1
27.0,2.0,7.48,6.76,0.0,2.0,19.0,4.0,12.02,1.91,33.7,0,1.0903790087463558,1.5857519788918204,9.047619047619047,1
25.0,11.0,5.16,8.06,3.0,0.0,6.0,4.0,8.76,1.46,0.0,0,0.6323529411764706,1.6653992395437263,60.0,0
25.0,7.0,4.39,6.66,7.0,3.0,24.0,2.0,9.36,1.08,25.2,0,0.6494082840236686,2.0846325167037865,7.741935483870967,0
27.0,12.0,11.25,5.76,6.0,8.0,8.0,1.0,15.85,1.94,62.64,1,1.9197952218430037,1.39647577092511,0.9876543209876544,1
42.0,3.0,10.45,5.21,0.0,0.0,0.0,0.0,12.46,1.92,53.795,1,1.9679849340866291,1.1810426540284362,0.0,1
34.0,13.0,6.82,4.43,7.0,15.0,9.0,5.0,10.9,0.96,95.04,2,1.5055187637969099,1.5751445086705202,0.5960264900662252,1
33.0,13.0,6.96,6.67,1.0,2.0,12.0,6.0,11.71,1.3,32.56,0,1.0280649926144756,1.6586402266288953,5.714285714285714,1
30.0,12.0,13.45,8.44,7.0,5.0,11.0,1.0,18.08,1.62,52.75,1,1.5749414519906324,1.3343173431734316,2.1568627450980395,1
31.0,5.0,13.88,6.57,2.0,12.0,3.0,1.0,18.42,0.87,73.34,2,2.08095952023988,1.3175965665236051,0.24793388429752067,2
32.0,16.0,8.73,7.7,7.0,16.0,6.0,4.0,12.88,1.66,68.7,1,1.1192307692307693,1.4586636466591167,0.37267080745341613,1
27.0,3.0,12.02,5.49,5.0,14.0,9.0,5.0,14.19,0.22,68.44,1,2.150268336314848,1.1707920792079207,0.6382978723404256,2
37.0,7.0,11.37,6.24,0.0,11.0,21.0,2.0,12.7,0.96,40.11,1,1.7933753943217665,1.107236268526591,1.8918918918918919,1
44.0,16.0,6.97,5.62,6.0,7.0,24.0,2.0,9.92,0.97,49.27,1,1.2185314685314685,1.4031117397454032,3.3802816901408455,1
20.0,2.0,4.59,4.55,4.0,15.0,28.0,0.0,5.81,1.37,49.57,1,0.9870967741935485,1.2388059701492538,1.8543046357615895,0
34.0,16.0,5.43,6.08,6.0,2.0,6.0,5.0,10.42,0.23,38.55,1,0.8786407766990291,1.8842676311030744,2.857142857142857,0
27.0,8.0,12.38,7.82,5.0,3.0,14.0,8.0,14.81,1.02,67.44,1,1.5631313131313131,1.1866987179487178,4.516129032258064,1
30.0,1.0,11.31,5.97,6.0,6.0,18.0,1.0,16.14,1.8,53.94,1,1.8632619439868208,1.4145486415425066,2.9508196721311477,1
31.0,12.0,10.64,7.25,0.0,14.0,6.0,0.0,14.73,0.61,44.57,1,1.4476190476190478,1.3715083798882681,0.425531914893617,1
31.0,19.0,5.31,7.79,4.0,10.0,25.0,8.0,7.96,0.65,62.53,1,0.6730038022813688,1.4713493530499078,2.4752475247524752,0
23.0,1.0,10.4,5.61,7.0,15.0,13.0,4.0,11.87,1.55,73.93,2,1.821366024518389,1.1304761904761904,0.8609271523178809,1
35.0,19.0,11.72,7.99,0.0,13.0,20.0,7.0,13.67,0.83,61.67,1,1.4487021013597035,1.1565143824027073,1.5267175572519085,1
23.0,10.0,12.61,5.69,7.0,12.0,13.0,3.0,16.3,1.67,77.34,2,2.1778929188255614,1.2824547600314715,1.0743801652892562,2
24.0,14.0,4.13,5.28,0.0,8.0,17.0,7.0,8.45,0.8,28.62,0,0.7676579925650557,1.9976359338061467,2.0987654320987654,0
43.0,10.0,10.84,5.11,7.0,17.0,9.0,4.0,15.76,1.02,85.44,2,2.0806142034548945,1.440585009140768,0.5263157894736842,2
24.0,2.0,4.19,5.0,5.0,2.0,2.0,5.0,5.72,1.05,33.72,0,0.8215686274509805,1.3333333333333333,0.9523809523809523,0
27.0,2.0,11.07,7.69,7.0,19.0,5.0,5.0,12.69,1.87,83.51,2,1.4210526315789473,1.136078782452999,0.2617801047120419,1
29.0,11.0,10.36,8.44,0.0,4.0,28.0,5.0,11.53,0.65,31.87,0,1.2131147540983607,1.1022944550669216,6.829268292682928,1
36.0,4.0,5.48,5.15,1.0,1.0,21.0,1.0,7.52,0.73,3.61,0,1.043809523809524,1.3476702508960572,19.09090909090909,1
28.0,19.0,11.66,4.43,6.0,16.0,22.0,9.0,15.94,1.94,96.52,2,2.5739514348785875,1.3554421768707483,1.3664596273291925,2
41.0,6.0,4.68,5.57,4.0,15.0,21.0,9.0,6.47,1.48,39.27,1,0.8253968253968254,1.3535564853556488,1.390728476821192,0
38.0,6.0,12.26,7.29,7.0,19.0,8.0,8.0,15.45,1.55,100.0,2,1.658998646820027,1.25,0.41884816753926696,1
33.0,12.0,6.62,5.84,2.0,12.0,13.0,6.0,9.41,0.59,58.96,1,1.1144781144781146,1.400297619047619,1.0743801652892562,1
27.0,8.0,10.89,6.75,3.0,19.0,20.0,2.0,13.19,1.06,87.73,2,1.5897810218978103,1.200181983621474,1.0471204188481675,1
28.0,12.0,13.24,7.72,6.0,10.0,20.0,1.0,16.71,0.63,70.98,2,1.6930946291560103,1.252623688155922,1.9801980198019802,1
41.0,11.0,7.4,6.04,5.0,7.0,23.0,3.0,10.41,0.52,28.18,0,1.205211726384365,1.3880000000000001,3.23943661971831,1
30.0,12.0,9.03,9.0,4.0,4.0,7.0,7.0,11.37,1.07,42.32,1,0.9923076923076922,1.2453450164293538,1.707317073170732,0
42.0,9.0,8.63,5.49,1.0,1.0,0.0,8.0,12.39,1.98,41.13,1,1.5438282647584975,1.4192439862542956,0.0,1
20.0,0.0,5.58,8.89,4.0,3.0,2.0,9.0,7.7,0.43,38.61,1,0.6206896551724138,1.3556338028169015,0.6451612903225806,0
33.0,7.0,9.9,5.02,2.0,2.0,28.0,1.0,13.47,0.49,55.95,1,1.9335937500000004,1.347,13.333333333333332,1
24.0,15.0,11.43,6.46,5.0,1.0,21.0,5.0,16.26,0.49,51.15,1,1.7423780487804879,1.4102341717259326,19.09090909090909,1
40.0,12.0,13.17,7.75,4.0,2.0,5.0,7.0,17.09,1.58,65.62,1,1.6777070063694268,1.2878673700075358,2.380952380952381,1
33.0,2.0,12.51,7.51,6.0,15.0,0.0,2.0,15.18,1.02,73.73,2,1.6438896189224705,1.2038065027755749,0.0,1
23.0,2.0,9.1,8.06,1.0,19.0,17.0,8.0,13.09,0.77,99.1,2,1.1151960784313726,1.422826086956522,0.8900523560209423,1
41.0,4.0,11.19,5.72,5.0,8.0,9.0,3.0,15.43,1.69,68.44,1,1.922680412371134,1.3666961913197522,1.1111111111111112,1
42.0,10.0,12.01,8.65,1.0,5.0,22.0,4.0,14.31,0.59,43.87,1,1.3725714285714286,1.1816680429397193,4.313725490196079,1
44.0,6.0,8.99,4.6,5.0,14.0,16.0,6.0,12.75,0.78,91.94,2,1.9127659574468088,1.4026402640264026,1.1347517730496455,1
20.0,9.0,8.99,4.15,3.0,4.0,25.0,4.0,7.89,0.15,31.94,0,2.1152941176470588,0.8679867986798679,6.097560975609756,2
41.0,9.0,8.38,5.5,2.0,8.0,20.0,3.0,12.65,0.24,54.5,1,1.4964285714285717,1.491745283018868,2.469135802469136,1
42.0,19.0,12.42,7.99,3.0,5.0,0.0,3.0,14.6,0.27,49.93,1,1.5352286773794808,1.1661341853035143,0.0,1
38.0,1.0,9.97,7.36,6.0,2.0,21.0,4.0,14.72,0.69,45.71,1,1.336461126005362,1.461767626613704,10.0,1
27.0,2.0,11.24,6.18,6.0,12.0,22.0,2.0,14.54,1.05,80.96,2,1.7898089171974525,1.2821869488536155,1.8181818181818183,1
34.0,7.0,8.99,5.28,6.0,14.0,7.0,8.0,8.26,0.0,68.46,1,1.671003717472119,0.9086908690869087,0.49645390070921985,1
40.0,10.0,13.64,4.3,0.0,10.0,28.0,1.0,16.32,0.38,41.75,1,3.1000000000000005,1.1877729257641922,2.7722772277227725,3
34.0,12.0,8.04,5.69,6.0,9.0,11.0,6.0,10.43,0.35,68.13,1,1.3886010362694299,1.2813267813267815,1.208791208791209,1
28.0,6.0,10.54,6.3,1.0,14.0,18.0,3.0,12.12,0.51,78.78,2,1.646875,1.1390977443609023,1.2765957446808511,1
40.0,12.0,4.19,7.44,3.0,5.0,13.0,7.0,5.46,0.33,42.39,1,0.5557029177718833,1.2727272727272727,2.5490196078431375,0
28.0,1.0,5.27,7.23,1.0,13.0,29.0,6.0,7.56,0.39,34.32,0,0.718963165075034,1.4078212290502794,2.213740458015267,0
29.0,5.0,11.82,8.74,5.0,10.0,18.0,7.0,14.65,1.97,49.35,1,1.3371040723981902,1.229026845637584,1.7821782178217822,1
39.0,8.0,13.68,4.5,7.0,19.0,14.0,3.0,16.13,1.19,100.0,2,2.973913043478261,1.1705370101596517,0.7329842931937173,2
44.0,19.0,7.2,5.68,1.0,9.0,16.0,1.0,8.26,1.53,38.29,1,1.2456747404844293,1.1315068493150684,1.7582417582417582,1
40.0,1.0,4.37,6.41,0.0,15.0,27.0,6.0,7.69,1.64,33.82,0,0.6712749615975423,1.7203579418344521,1.7880794701986755,0
28.0,17.0,7.61,7.35,1.0,11.0,15.0,8.0,9.19,1.34,30.05,0,1.0214765100671142,1.191958495460441,1.3513513513513513,1
22.0,15.0,4.17,6.48,5.0,6.0,18.0,5.0,6.01,1.41,30.55,0,0.6337386018237082,1.4074941451990632,2.9508196721311477,0
39.0,11.0,5.92,8.56,4.0,6.0,4.0,6.0,7.4,1.26,43.38,1,0.6836027713625866,1.2292358803986712,0.6557377049180328,0
44.0,6.0,11.52,7.04,5.0,17.0,21.0,5.0,14.6,1.3,97.77,2,1.6134453781512605,1.2564543889845095,1.2280701754385963,1
30.0,6.0,13.37,4.2,3.0,14.0,18.0,1.0,14.75,1.86,57.13,1,3.109302325581395,1.0950259836674092,1.2765957446808511,3
25.0,16.0,4.87,4.57,6.0,5.0,3.0,8.0,6.9,0.37,61.67,1,1.0428265524625269,1.3883299798792759,0.5882352941176471,1
21.0,12.0,9.58,7.77,2.0,18.0,4.0,4.0,12.39,0.55,67.93,1,1.2172808132147397,1.2799586776859506,0.22099447513812154,1
26.0,10.0,6.54,7.58,4.0,7.0,4.0,2.0,8.21,0.19,22.83,0,0.8515625,1.2364457831325304,0.5633802816901409,0
37.0,5.0,5.39,4.77,7.0,19.0,24.0,3.0,8.17,1.67,44.04,1,1.106776180698152,1.4881602914389802,1.256544502617801,1
21.0,13.0,6.19,4.29,3.0,14.0,23.0,3.0,8.56,0.9,33.74,0,1.4100227790432804,1.3608903020667726,1.6312056737588654,1
36.0,5.0,9.78,6.89,7.0,3.0,0.0,8.0,14.22,1.81,48.61,1,1.3991416309012876,1.439271255060729,0.0,1
30.0,5.0,4.65,7.18,0.0,17.0,17.0,4.0,8.83,0.82,28.28,0,0.6387362637362638,1.8589473684210527,0.9941520467836257,0
31.0,1.0,8.34,4.68,4.0,12.0,27.0,1.0,13.31,0.89,52.47,1,1.7447698744769877,1.5770142180094788,2.231404958677686,1
38.0,19.0,5.35,6.37,1.0,0.0,14.0,5.0,8.47,0.9,28.58,0,0.8268933539412674,1.5541284403669728,140.0,0
41.0,14.0,6.73,5.53,3.0,7.0,20.0,6.0,10.03,1.22,42.73,1,1.1953818827708704,1.4685212298682282,2.8169014084507045,1
43.0,16.0,8.99,8.66,4.0,9.0,27.0,7.0,10.7,1.53,36.84,1,1.0262557077625571,1.177117711771177,2.967032967032967,1
44.0,7.0,12.83,5.1,6.0,16.0,18.0,4.0,15.43,0.7,86.07,2,2.467307692307693,1.1933488012374323,1.1180124223602483,2
26.0,4.0,11.08,7.67,6.0,9.0,22.0,7.0,14.3,1.26,72.77,2,1.4259974259974262,1.2790697674418605,2.417582417582418,1
39.0,16.0,12.68,6.59,3.0,0.0,13.0,5.0,15.2,0.41,54.47,1,1.8953662182361735,1.189358372456964,130.0,1
25.0,19.0,7.83,4.06,6.0,0.0,26.0,3.0,11.01,1.02,37.2,1,1.8822115384615388,1.3883984867591426,260.0,1
40.0,0.0,7.13,6.58,1.0,4.0,5.0,6.0,8.45,1.09,43.41,1,1.0673652694610778,1.1687413554633472,1.2195121951219514,1
43.0,17.0,7.81,4.5,5.0,0.0,17.0,8.0,11.95,1.78,52.65,1,1.6978260869565218,1.5107458912768648,170.0,1
20.0,14.0,4.19,7.3,3.0,19.0,7.0,9.0,9.13,1.79,48.31,1,0.5662162162162163,2.128205128205128,0.36649214659685864,0
36.0,4.0,11.25,6.83,0.0,12.0,4.0,3.0,12.51,0.97,47.26,1,1.6233766233766234,1.1022026431718062,0.3305785123966942,1
30.0,6.0,7.5,4.05,4.0,8.0,21.0,8.0,11.7,0.05,88.74,2,1.8072289156626509,1.5394736842105263,2.5925925925925926,1
41.0,17.0,7.13,5.02,4.0,15.0,7.0,3.0,9.1,1.69,47.12,1,1.3925781250000002,1.2586445366528354,0.4635761589403974,1
37.0,5.0,9.98,7.88,4.0,7.0,28.0,0.0,11.77,0.0,64.29,1,1.2506265664160403,1.16765873015873,3.943661971830986,1
40.0,4.0,8.36,5.38,3.0,13.0,5.0,3.0,12.13,0.96,72.67,2,1.5255474452554745,1.4338061465721044,0.3816793893129771,1
36.0,18.0,13.81,6.5,1.0,16.0,9.0,1.0,14.99,0.04,78.95,2,2.0924242424242427,1.0776419841840403,0.5590062111801242,2
26.0,9.0,7.56,5.56,3.0,3.0,2.0,5.0,10.41,0.71,26.81,0,1.335689045936396,1.3590078328981725,0.6451612903225806,1
36.0,14.0,10.14,8.61,3.0,6.0,12.0,7.0,11.15,1.27,49.29,1,1.1641791044776122,1.0888671875,1.9672131147540985,1
39.0,9.0,7.12,6.68,6.0,16.0,6.0,5.0,10.34,0.74,77.35,2,1.0501474926253689,1.4321329639889198,0.37267080745341613,1
28.0,15.0,13.91,7.48,5.0,15.0,29.0,8.0,16.76,1.85,90.58,2,1.8350923482849604,1.196288365453248,1.9205298013245033,1
36.0,11.0,8.45,4.42,4.0,13.0,3.0,5.0,13.11,1.28,54.0,1,1.8694690265486726,1.5333333333333334,0.22900763358778625,1
39.0,17.0,10.34,6.46,1.0,15.0,12.0,6.0,14.22,1.29,72.86,2,1.5762195121951221,1.3620689655172415,0.794701986754967,1
41.0,0.0,8.99,5.3,2.0,1.0,5.0,4.0,6.77,0.75,23.3,0,1.664814814814815,0.7447744774477447,4.545454545454545,1
41.0,15.0,11.33,5.55,7.0,14.0,15.0,7.0,13.75,0.08,100.0,2,2.0053097345132747,1.2029746281714786,1.0638297872340425,2
27.0,5.0,6.69,7.44,1.0,10.0,21.0,1.0,11.42,1.48,22.1,0,0.8872679045092838,1.6818851251840943,2.0792079207920793,0
36.0,2.0,8.49,6.85,6.0,12.0,26.0,1.0,12.39,1.43,42.24,1,1.22158273381295,1.442374854481956,2.1487603305785123,1
26.0,1.0,12.83,5.87,3.0,3.0,20.0,7.0,16.21,1.06,67.15,1,2.1490787269681744,1.2536736272235114,6.451612903225806,2
20.0,1.0,13.71,7.27,0.0,0.0,28.0,5.0,16.95,0.83,45.72,1,1.860244233378562,1.227371469949312,280.0,1
32.0,12.0,8.25,4.82,1.0,14.0,0.0,1.0,10.84,1.08,50.92,1,1.6768292682926829,1.2982035928143714,0.0,1
42.0,8.0,12.35,4.32,4.0,11.0,29.0,5.0,15.69,1.49,84.65,2,2.7941176470588234,1.2602409638554217,2.6126126126126126,2
38.0,15.0,4.53,8.27,0.0,8.0,14.0,7.0,8.62,1.43,16.98,0,0.5412186379928317,1.8617710583153346,1.7283950617283952,0
43.0,4.0,12.48,6.82,2.0,6.0,12.0,5.0,13.99,1.32,51.1,1,1.8034682080924855,1.1120826709062004,1.9672131147540985,1
38.0,6.0,10.3,6.46,2.0,2.0,29.0,8.0,15.18,1.81,53.795,1,1.5701219512195124,1.4596153846153845,13.809523809523808,1
36.0,12.0,8.89,5.54,7.0,15.0,25.0,5.0,10.85,1.22,78.17,2,1.5762411347517733,1.206896551724138,1.6556291390728477,1
32.0,19.0,12.9,5.86,0.0,3.0,1.0,2.0,15.69,0.03,60.07,1,2.1644295302013425,1.206923076923077,0.3225806451612903,2
35.0,12.0,12.45,4.41,6.0,13.0,19.0,8.0,13.54,1.24,92.99,2,2.7605321507760534,1.0788844621513944,1.450381679389313,2
27.0,6.0,6.97,8.28,2.0,12.0,28.0,9.0,10.17,1.23,49.68,1,0.8317422434367543,1.4384724186704385,2.31404958677686,0
38.0,9.0,11.91,6.96,0.0,19.0,27.0,4.0,14.44,0.14,73.38,2,1.6869688385269124,1.20233139050791,1.413612565445026,1
37.0,14.0,4.99,4.42,4.0,18.0,18.0,5.0,6.99,0.86,74.11,2,1.1039823008849559,1.3732809430255404,0.9944751381215469,1
20.0,5.0,12.23,8.02,0.0,1.0,5.0,3.0,17.17,1.3,22.74,0,1.5061576354679804,1.3925385239253854,4.545454545454545,1
33.0,4.0,10.75,6.22,3.0,9.0,10.0,2.0,13.46,1.41,41.74,1,1.7009493670886078,1.2405529953917052,1.098901098901099,1
38.0,1.0,4.88,7.83,7.0,18.0,16.0,9.0,7.54,1.79,61.81,1,0.6153846153846154,1.5140562248995986,0.8839779005524862,0
34.0,14.0,10.83,4.06,6.0,14.0,8.0,5.0,13.68,1.68,69.84,1,2.603365384615385,1.2516010978957,0.5673758865248227,2
37.0,15.0,9.81,4.14,4.0,6.0,4.0,2.0,11.27,0.23,71.46,2,2.3136792452830193,1.1372351160443996,0.6557377049180328,2
21.0,18.0,9.95,4.85,4.0,14.0,4.0,1.0,12.52,1.22,49.15,1,2.0101010101010104,1.245771144278607,0.28368794326241137,2
41.0,8.0,6.91,5.05,2.0,16.0,15.0,5.0,9.26,1.19,57.02,1,1.3417475728155341,1.3209700427960056,0.9316770186335402,1
32.0,18.0,6.66,7.82,5.0,15.0,3.0,7.0,9.52,0.61,55.8,1,0.8409090909090909,1.4082840236686391,0.19867549668874174,0
37.0,6.0,11.63,7.53,5.0,16.0,19.0,2.0,16.06,0.37,77.19,2,1.524246395806029,1.3691389599317987,1.1801242236024843,1
25.0,3.0,6.57,7.08,0.0,15.0,28.0,5.0,8.34,0.4,39.51,1,0.9150417827298051,1.250374812593703,1.8543046357615895,0
38.0,2.0,8.46,8.42,6.0,17.0,12.0,8.0,11.89,0.36,79.4,2,0.9929577464788734,1.389018691588785,0.7017543859649122,0
23.0,19.0,10.95,5.24,7.0,16.0,16.0,0.0,12.1,1.61,63.13,1,2.050561797752809,1.0950226244343892,0.9937888198757763,2
20.0,10.0,4.8,8.52,3.0,3.0,8.0,2.0,7.07,0.3,0.0,0,0.5568445475638051,1.442857142857143,2.5806451612903225,0
27.0,0.0,9.95,8.55,4.0,1.0,24.0,1.0,12.84,1.02,23.64,0,1.1502890173410403,1.2776119402985076,21.818181818181817,1
42.0,5.0,9.89,6.17,6.0,16.0,12.0,7.0,11.19,0.44,86.53,2,1.5773524720893144,1.12012012012012,0.7453416149068323,1
26.0,10.0,10.84,4.47,4.0,16.0,15.0,8.0,12.02,1.43,90.36,2,2.3719912472647704,1.0987202925045705,0.9316770186335402,2
22.0,0.0,7.7,7.63,4.0,1.0,14.0,9.0,9.94,0.32,39.5,1,0.9961190168175938,1.2743589743589743,12.727272727272727,0
29.0,6.0,8.49,5.68,2.0,1.0,9.0,5.0,12.02,0.05,54.13,1,1.4688581314878895,1.39930151338766,8.181818181818182,1
29.0,5.0,7.3,7.97,4.0,14.0,9.0,2.0,10.82,0.75,45.89,1,0.9045848822800495,1.4621621621621623,0.6382978723404256,0
38.0,13.0,12.08,4.82,7.0,15.0,19.0,9.0,14.06,0.61,100.0,2,2.4552845528455287,1.154351395730706,1.2582781456953642,2
32.0,1.0,5.31,6.7,5.0,9.0,27.0,7.0,6.72,0.8,57.49,1,0.7808823529411765,1.2421441774491684,2.967032967032967,0
21.0,3.0,13.63,6.54,7.0,1.0,15.0,9.0,14.79,1.51,63.84,1,2.0527108433734944,1.0772032046613256,13.636363636363635,2
20.0,10.0,10.35,4.5,1.0,7.0,22.0,6.0,11.71,0.02,88.44,2,2.25,1.120574162679426,3.098591549295775,2
42.0,14.0,12.87,5.82,2.0,11.0,19.0,1.0,16.59,0.08,52.88,1,2.1739864864864864,1.279105628373169,1.7117117117117118,2
42.0,17.0,8.26,4.42,0.0,13.0,0.0,6.0,12.68,0.51,77.38,2,1.8274336283185841,1.5167464114832536,0.0,1
37.0,0.0,7.32,6.32,1.0,13.0,10.0,0.0,8.95,1.78,13.62,0,1.1401869158878506,1.206199460916442,0.7633587786259542,1
26.0,2.0,13.01,8.21,2.0,11.0,12.0,7.0,15.62,0.34,76.87,2,1.565583634175692,1.1914569031273836,1.0810810810810811,1
27.0,2.0,4.99,5.35,6.0,1.0,24.0,4.0,7.41,1.99,13.42,0,0.9155963302752295,1.455795677799607,21.818181818181817,0
20.0,6.0,5.17,7.82,2.0,13.0,17.0,8.0,8.75,1.61,55.79,1,0.6527777777777778,1.6603415559772297,1.297709923664122,0
44.0,0.0,6.99,4.92,7.0,11.0,4.0,2.0,8.72,0.91,60.43,1,1.3924302788844622,1.229901269393512,0.3603603603603604,1
42.0,10.0,13.6,7.37,3.0,8.0,3.0,6.0,18.41,1.5,68.15,1,1.820615796519411,1.3437956204379562,0.3703703703703704,1
22.0,5.0,10.33,8.58,1.0,7.0,23.0,7.0,14.24,1.04,54.45,1,1.1900921658986177,1.3652924256951102,3.23943661971831,1
43.0,19.0,9.54,5.62,1.0,19.0,5.0,0.0,14.36,1.13,62.39,1,1.6678321678321677,1.4896265560165975,0.2617801047120419,1
42.0,2.0,11.05,8.5,7.0,15.0,14.0,5.0,13.16,1.16,81.47,2,1.2848837209302326,1.180269058295964,0.9271523178807948,1
27.0,18.0,8.17,6.53,5.0,9.0,22.0,1.0,11.52,1.3,37.26,1,1.2322775263951735,1.3929866989117292,2.417582417582418,1
41.0,1.0,11.58,5.58,1.0,6.0,1.0,7.0,15.51,0.12,63.04,1,2.0387323943661975,1.3279109589041096,0.1639344262295082,2
44.0,17.0,7.93,8.48,4.0,14.0,3.0,5.0,11.77,1.23,28.87,0,0.9242424242424242,1.4657534246575343,0.2127659574468085,0
34.0,11.0,12.26,4.16,5.0,8.0,13.0,2.0,13.35,1.43,66.07,1,2.8779342723004695,1.0800970873786409,1.6049382716049383,2
24.0,9.0,6.67,4.14,4.0,3.0,3.0,3.0,11.66,0.62,42.03,1,1.57311320754717,1.722304283604136,0.9677419354838709,1
22.0,4.0,6.78,7.0,4.0,5.0,27.0,6.0,11.49,1.96,22.09,0,0.9549295774647888,1.6700581395348837,5.294117647058824,0
38.0,8.0,9.22,7.98,5.0,11.0,28.0,8.0,10.7,0.29,67.97,1,1.1410891089108912,1.148068669527897,2.5225225225225225,1
20.0,1.0,8.31,7.76,0.0,14.0,17.0,9.0,11.48,1.82,67.55,1,1.0572519083969467,1.3650416171224733,1.2056737588652482,1
34.0,1.0,10.48,4.4,6.0,18.0,25.0,1.0,12.74,1.35,79.94,2,2.328888888888889,1.2041587901701323,1.3812154696132595,2
27.0,5.0,7.64,8.75,5.0,1.0,19.0,8.0,12.16,1.33,25.16,0,0.8632768361581921,1.5710594315245479,17.27272727272727,0
21.0,9.0,6.31,7.52,0.0,18.0,15.0,5.0,10.1,1.75,52.95,1,0.8280839895013123,1.575663026521061,0.8287292817679557,0
22.0,17.0,8.7,8.75,5.0,19.0,8.0,1.0,10.59,1.66,53.39,1,0.983050847457627,1.203409090909091,0.41884816753926696,0
43.0,11.0,9.61,5.65,0.0,19.0,7.0,7.0,10.75,0.69,82.9,2,1.671304347826087,1.1071060762100928,0.36649214659685864,1
33.0,3.0,8.99,7.47,4.0,1.0,10.0,3.0,7.6,1.02,4.93,0,1.1875825627476884,0.8360836083608361,9.09090909090909,1
43.0,16.0,9.57,8.3,6.0,14.0,13.0,7.0,10.72,0.1,62.55,1,1.1392857142857142,1.1085832471561532,0.9219858156028369,1
33.0,14.0,7.19,5.9,6.0,11.0,16.0,6.0,8.76,0.93,62.13,1,1.1983333333333335,1.2016460905349793,1.4414414414414416,1
30.0,5.0,7.92,8.82,5.0,0.0,12.0,6.0,11.46,1.88,26.6,0,0.8878923766816144,1.4289276807980051,120.0,0
35.0,15.0,8.99,5.32,3.0,13.0,7.0,6.0,10.77,0.55,52.75,1,1.6586715867158672,1.1848184818481848,0.5343511450381679,1
23.0,16.0,13.31,5.58,5.0,3.0,13.0,1.0,16.18,0.1,64.29,1,2.34330985915493,1.2065622669649514,4.193548387096774,2
39.0,2.0,10.83,8.6,0.0,10.0,10.0,7.0,14.23,1.17,64.25,1,1.2448275862068967,1.3019213174748399,0.9900990099009901,1
24.0,9.0,8.99,8.85,6.0,6.0,8.0,1.0,8.24,0.71,10.99,0,1.0044692737430168,0.9064906490649065,1.3114754098360657,1
41.0,4.0,10.45,5.43,2.0,12.0,7.0,5.0,12.72,0.76,64.95,1,1.8896925858951177,1.2056872037914694,0.578512396694215,1
40.0,13.0,12.49,4.68,4.0,13.0,13.0,9.0,16.34,1.16,97.93,2,2.6129707112970717,1.2978554408260525,0.9923664122137404,2
33.0,12.0,8.02,7.8,3.0,6.0,14.0,6.0,10.48,1.24,48.3,1,1.0151898734177216,1.2906403940886702,2.295081967213115,1
42.0,5.0,12.3,8.65,4.0,10.0,25.0,6.0,14.7,0.87,75.32,2,1.4057142857142857,1.1854838709677418,2.4752475247524752,1
35.0,11.0,5.54,7.0,7.0,19.0,0.0,6.0,7.32,1.02,53.795,1,0.7802816901408451,1.2978723404255321,0.0,0
37.0,7.0,12.23,7.17,2.0,19.0,23.0,3.0,15.61,1.99,73.49,2,1.6822558459422285,1.2660178426601785,1.2041884816753925,1
26.0,4.0,9.4,7.81,4.0,10.0,11.0,4.0,13.64,1.91,43.97,1,1.188369152970923,1.4357894736842105,1.0891089108910892,1
29.0,14.0,6.23,4.77,5.0,8.0,4.0,6.0,9.11,1.41,38.44,1,1.2792607802874747,1.4391785150078988,0.4938271604938272,1
26.0,15.0,8.07,8.87,1.0,3.0,24.0,7.0,9.53,0.32,36.21,1,0.8996655518394651,1.1664626682986536,7.741935483870967,0
20.0,0.0,13.88,5.82,3.0,1.0,13.0,2.0,18.23,0.72,57.13,1,2.3445945945945947,1.304005722460658,11.818181818181817,2
42.0,15.0,11.84,7.14,5.0,1.0,24.0,5.0,13.13,1.77,41.24,1,1.6353591160220995,1.0996649916247907,21.818181818181817,1
40.0,4.0,9.75,6.34,4.0,8.0,21.0,8.0,12.64,0.85,47.48,1,1.5139751552795033,1.2832487309644671,2.5925925925925926,1
38.0,2.0,5.15,6.34,1.0,18.0,15.0,9.0,7.19,1.91,61.35,1,0.7996894409937889,1.3695238095238096,0.8287292817679557,0
35.0,19.0,8.18,7.51,7.0,14.0,18.0,4.0,12.93,0.98,56.4,1,1.0749014454664916,1.5615942028985508,1.2765957446808511,1
38.0,14.0,6.63,8.97,4.0,17.0,27.0,3.0,10.58,1.72,46.51,1,0.7309812568908489,1.572065378900446,1.5789473684210524,0
23.0,12.0,4.71,7.3,4.0,15.0,15.0,8.0,7.98,0.07,42.36,1,0.6364864864864865,1.6590436590436592,0.9933774834437087,0
37.0,15.0,9.42,7.97,2.0,1.0,6.0,3.0,13.09,0.87,26.59,0,1.1672862453531598,1.375,5.454545454545454,1
21.0,10.0,12.89,4.14,6.0,11.0,14.0,2.0,16.02,1.4,80.57,2,3.0400943396226423,1.233256351039261,1.2612612612612613,3
20.0,1.0,10.76,8.05,5.0,0.0,22.0,6.0,12.35,1.73,53.795,1,1.320245398773006,1.1372007366482504,220.0,1
34.0,5.0,6.5,5.5,7.0,1.0,7.0,4.0,10.34,1.22,48.2,1,1.1607142857142858,1.5666666666666667,6.363636363636363,1
24.0,5.0,9.74,4.63,4.0,13.0,20.0,0.0,12.71,0.35,64.04,1,2.0591966173361524,1.2916666666666667,1.5267175572519085,2
39.0,13.0,13.43,4.57,5.0,6.0,20.0,7.0,16.97,1.77,65.71,1,2.8758029978586723,1.254249815225425,3.278688524590164,2
30.0,10.0,11.23,7.4,1.0,16.0,13.0,0.0,12.41,1.15,50.79,1,1.4973333333333334,1.0953221535745807,0.8074534161490683,1
29.0,7.0,10.89,8.99,2.0,14.0,19.0,8.0,12.46,0.22,57.26,1,1.1980198019801982,1.1337579617834395,1.3475177304964538,1
21.0,7.0,13.68,7.33,1.0,16.0,2.0,0.0,17.04,0.93,82.58,2,1.8411843876177658,1.2365747460087082,0.12422360248447203,1
22.0,0.0,11.99,5.31,1.0,8.0,27.0,3.0,14.83,1.4,61.17,1,2.216266173752311,1.226633581472291,3.3333333333333335,2
42.0,6.0,8.99,5.02,2.0,12.0,23.0,5.0,7.28,0.9,55.67,1,1.7558593750000002,0.800880088008801,1.9008264462809918,1
32.0,5.0,7.48,6.63,5.0,1.0,10.0,3.0,9.44,1.74,9.07,0,1.111441307578009,1.245382585751979,9.09090909090909,1
31.0,7.0,13.65,4.33,1.0,14.0,21.0,8.0,17.18,0.85,100.0,2,3.0812641083521446,1.2494545454545454,1.4893617021276595,3
39.0,18.0,8.9,6.0,0.0,19.0,13.0,0.0,10.14,1.17,63.14,1,1.459016393442623,1.1266666666666667,0.6806282722513088,1
24.0,19.0,5.12,7.33,5.0,10.0,21.0,9.0,7.86,1.02,57.1,1,0.6890982503364738,1.5057471264367817,2.0792079207920793,0
24.0,7.0,8.59,6.46,6.0,18.0,1.0,8.0,11.68,1.03,79.96,2,1.3094512195121952,1.3440736478711162,0.055248618784530384,1
25.0,13.0,10.97,6.13,6.0,13.0,3.0,3.0,13.2,0.45,89.42,2,1.7608346709470308,1.192411924119241,0.22900763358778625,1
28.0,17.0,13.98,5.0,4.0,3.0,20.0,6.0,18.26,0.45,94.93,2,2.7411764705882358,1.296875,6.451612903225806,2
21.0,15.0,7.24,8.09,2.0,10.0,26.0,5.0,8.47,0.56,50.12,1,0.8840048840048841,1.1539509536784742,2.5742574257425743,0
40.0,8.0,9.14,7.72,6.0,15.0,25.0,6.0,13.6,0.09,80.26,2,1.1687979539641946,1.4718614718614718,1.6556291390728477,1
31.0,14.0,12.8,8.3,2.0,1.0,4.0,1.0,16.69,0.33,55.29,1,1.5238095238095237,1.293798449612403,3.6363636363636362,1
22.0,9.0,7.55,5.07,5.0,1.0,18.0,5.0,10.34,1.02,30.18,0,1.460348162475822,1.3516339869281047,16.363636363636363,1
39.0,15.0,5.09,6.02,0.0,8.0,9.0,5.0,9.79,0.26,35.85,1,0.8316993464052288,1.8863198458574182,1.1111111111111112,0
41.0,3.0,13.49,8.91,7.0,3.0,20.0,2.0,17.3,0.27,46.24,1,1.4972253052164262,1.2729948491537897,6.451612903225806,1
31.0,19.0,8.88,4.79,0.0,7.0,20.0,3.0,13.6,1.94,34.8,0,1.815950920245399,1.5144766146993318,2.8169014084507045,1
43.0,12.0,9.03,7.36,0.0,17.0,1.0,5.0,11.92,0.85,73.84,2,1.210455764075067,1.3055859802847756,0.05847953216374269,1
36.0,4.0,10.21,5.19,0.0,14.0,20.0,5.0,13.02,0.81,60.8,1,1.9300567107750475,1.2628516003879728,1.4184397163120568,1
29.0,6.0,4.04,6.5,3.0,1.0,2.0,0.0,7.16,0.54,10.4,0,0.6121212121212122,1.7294685990338166,1.8181818181818181,0
43.0,8.0,13.31,8.0,7.0,10.0,14.0,9.0,14.57,1.02,84.38,2,1.64320987654321,1.0865026099925428,1.3861386138613863,1
33.0,7.0,7.61,6.44,2.0,16.0,18.0,7.0,12.24,1.19,74.33,2,1.1636085626911314,1.5875486381322959,1.1180124223602483,1
42.0,15.0,7.97,8.03,1.0,6.0,20.0,8.0,11.64,0.84,53.795,1,0.980319803198032,1.4423791821561338,3.278688524590164,0
36.0,5.0,5.74,6.13,2.0,7.0,24.0,1.0,9.21,0.79,12.17,0,0.9213483146067417,1.5770547945205482,3.3802816901408455,0
37.0,15.0,7.78,6.46,6.0,9.0,29.0,3.0,12.02,1.4,41.28,1,1.1859756097560976,1.5253807106598984,3.186813186813187,1
38.0,5.0,12.04,6.18,7.0,2.0,1.0,5.0,17.01,1.9,70.08,2,1.9171974522292994,1.4011532125205934,0.47619047619047616,1
36.0,13.0,12.0,4.75,2.0,12.0,24.0,1.0,13.65,1.76,58.87,1,2.4742268041237114,1.1280991735537191,1.9834710743801653,2
33.0,0.0,13.36,6.01,2.0,16.0,2.0,6.0,17.36,0.24,100.0,2,2.18657937806874,1.2897473997028233,0.12422360248447203,2
28.0,10.0,8.03,7.71,7.0,9.0,28.0,5.0,11.35,1.3,43.86,1,1.028169014084507,1.3960639606396066,3.076923076923077,1
27.0,12.0,11.09,8.24,0.0,18.0,14.0,7.0,13.93,0.01,100.0,2,1.329736211031175,1.2448614834673817,0.7734806629834253,1
32.0,18.0,9.07,6.3,0.0,8.0,22.0,6.0,13.98,1.27,40.35,1,1.4171875000000003,1.52453653217012,2.7160493827160495,1
32.0,16.0,12.04,6.97,3.0,15.0,27.0,9.0,16.44,0.93,87.78,2,1.702970297029703,1.354200988467875,1.7880794701986755,1
44.0,10.0,11.13,8.22,5.0,4.0,13.0,0.0,14.92,0.98,34.54,0,1.3377403846153846,1.3285841495992876,3.1707317073170733,1
26.0,7.0,7.68,8.07,2.0,8.0,16.0,9.0,10.21,1.18,48.04,1,0.9400244798041616,1.3123393316195375,1.9753086419753088,0
28.0,4.0,7.37,7.29,4.0,8.0,15.0,9.0,11.03,1.49,55.72,1,0.9972936400541272,1.4765729585006693,1.8518518518518519,0
41.0,9.0,6.52,8.08,7.0,5.0,16.0,4.0,9.65,1.46,33.3,0,0.7970660146699267,1.4577039274924473,3.1372549019607847,0
41.0,6.0,9.77,6.88,5.0,9.0,23.0,5.0,11.77,0.09,52.78,1,1.3997134670487106,1.192502532928065,2.5274725274725274,1
30.0,9.0,13.64,4.02,6.0,17.0,8.0,6.0,16.44,1.47,96.28,2,3.310679611650486,1.1965065502183407,0.4678362573099415,3
33.0,3.0,6.0,4.21,7.0,10.0,2.0,3.0,7.85,1.66,64.84,1,1.3921113689095128,1.2868852459016393,0.19801980198019803,1
23.0,8.0,4.95,8.9,3.0,14.0,21.0,8.0,7.95,0.14,58.03,1,0.55,1.5742574257425743,1.4893617021276595,0
32.0,13.0,5.19,4.72,7.0,6.0,13.0,0.0,9.07,0.65,16.8,0,1.0767634854771786,1.714555765595463,2.1311475409836067,1
21.0,1.0,11.83,6.02,6.0,13.0,2.0,2.0,12.98,1.58,75.13,2,1.9330065359477127,1.088013411567477,0.15267175572519084,1
42.0,8.0,7.5,8.67,0.0,7.0,5.0,9.0,12.02,1.02,47.0,1,0.8551881413911061,1.581578947368421,0.7042253521126761,0
24.0,0.0,6.24,4.98,6.0,18.0,22.0,1.0,7.32,1.39,75.96,2,1.2283464566929134,1.1545741324921137,1.2154696132596685,1
30.0,9.0,7.53,8.22,2.0,14.0,14.0,1.0,10.6,1.0,30.02,0,0.9050480769230769,1.3892529488859764,0.9929078014184397,0
25.0,10.0,10.45,8.09,0.0,18.0,18.0,0.0,13.74,1.96,56.31,1,1.2759462759462759,1.3023696682464456,0.9944751381215469,1
37.0,19.0,9.47,8.93,7.0,17.0,14.0,2.0,13.51,1.87,63.55,1,1.0487264673311187,1.4117032392894462,0.8187134502923976,1
40.0,2.0,11.44,5.41,5.0,16.0,12.0,9.0,12.02,0.56,94.88,2,2.076225045372051,1.0415944540727904,0.7453416149068323,2
29.0,5.0,7.39,5.58,1.0,2.0,4.0,4.0,10.06,0.77,25.33,0,1.301056338028169,1.3431241655540722,1.9047619047619047,1
23.0,5.0,8.52,8.51,0.0,2.0,0.0,5.0,9.79,0.86,15.75,0,0.9895470383275261,1.1357308584686776,0.0,0
28.0,1.0,5.02,5.17,0.0,6.0,11.0,7.0,8.79,0.21,39.98,1,0.952561669829222,1.716796875,1.8032786885245902,0
25.0,17.0,4.73,6.74,3.0,9.0,14.0,3.0,7.77,0.81,10.19,0,0.6915204678362574,1.6086956521739129,1.5384615384615385,0
21.0,1.0,8.62,7.54,1.0,16.0,24.0,0.0,10.95,1.55,37.01,1,1.1282722513089005,1.2557339449541285,1.4906832298136645,1
36.0,11.0,7.02,6.46,5.0,14.0,18.0,8.0,8.96,1.69,63.64,1,1.0701219512195121,1.258426966292135,1.2765957446808511,1
24.0,4.0,10.13,8.69,7.0,7.0,1.0,2.0,11.61,1.77,20.6,0,1.1524459613196816,1.1348973607038122,0.14084507042253522,1
44.0,19.0,4.43,7.33,4.0,16.0,2.0,7.0,6.61,0.03,56.76,1,0.5962314939434724,1.45916114790287,0.12422360248447203,0
25.0,6.0,5.22,4.24,4.0,2.0,6.0,3.0,8.05,1.58,29.01,0,1.2027649769585254,1.5131578947368425,2.857142857142857,1
31.0,15.0,12.65,4.68,7.0,3.0,27.0,2.0,15.56,1.01,50.99,1,2.6464435146443517,1.2203921568627452,8.709677419354838,2
42.0,19.0,9.66,4.95,4.0,7.0,10.0,2.0,12.99,0.41,54.48,1,1.912871287128713,1.3309426229508197,1.4084507042253522,1
40.0,0.0,11.12,5.22,2.0,12.0,27.0,3.0,13.57,1.0,52.96,1,2.0902255639097747,1.2094474153297685,2.231404958677686,2
29.0,0.0,12.42,7.65,4.0,0.0,9.0,3.0,17.1,1.69,41.27,1,1.6025806451612903,1.3658146964856233,90.0,1
41.0,16.0,8.64,4.44,2.0,17.0,7.0,6.0,11.62,0.87,88.78,2,1.9030837004405288,1.3295194508009152,0.4093567251461988,1
40.0,0.0,11.61,5.75,5.0,10.0,1.0,1.0,14.3,1.98,53.07,1,1.9846153846153847,1.2211784799316825,0.09900990099009901,1
44.0,19.0,9.25,8.56,5.0,5.0,13.0,7.0,10.44,1.23,43.92,1,1.0681293302540416,1.1165775401069518,2.5490196078431375,1
25.0,12.0,6.23,6.78,0.0,15.0,12.0,1.0,9.63,0.98,53.27,1,0.9055232558139535,1.5213270142180095,0.794701986754967,0
27.0,8.0,7.38,5.33,7.0,18.0,6.0,0.0,10.79,0.59,55.18,1,1.3591160220994476,1.442513368983957,0.3314917127071823,1
21.0,14.0,8.9,8.79,4.0,16.0,26.0,7.0,12.23,0.02,60.88,1,1.0011248593925761,1.358888888888889,1.6149068322981366,1
31.0,2.0,7.17,5.22,3.0,17.0,20.0,3.0,11.72,1.22,57.82,1,1.3477443609022557,1.612104539202201,1.1695906432748537,1
32.0,13.0,7.36,8.53,5.0,10.0,8.0,5.0,11.41,1.15,66.1,1,0.8528389339513327,1.529490616621984,0.7920792079207921,0
44.0,10.0,7.37,7.63,1.0,13.0,6.0,0.0,11.84,1.03,31.71,0,0.9534282018111255,1.5850066934404283,0.4580152671755725,0
40.0,11.0,5.23,7.7,1.0,11.0,0.0,2.0,6.47,1.08,13.37,0,0.6705128205128206,1.2138836772983115,0.0,0
26.0,12.0,4.85,7.82,7.0,19.0,0.0,6.0,7.12,1.69,60.48,1,0.6123737373737373,1.4383838383838385,0.0,0
29.0,12.0,4.46,6.53,7.0,6.0,5.0,5.0,6.73,0.63,44.48,1,0.6726998491704375,1.4758771929824563,0.819672131147541,0
32.0,0.0,5.11,8.07,5.0,16.0,24.0,7.0,8.74,1.1,56.84,1,0.6254589963280294,1.6775431861804224,1.4906832298136645,0
36.0,9.0,7.44,8.18,0.0,4.0,0.0,1.0,10.23,1.36,16.51,0,0.8985507246376813,1.356763925729443,0.0,0
40.0,2.0,9.94,5.8,7.0,13.0,15.0,6.0,14.05,0.42,91.76,2,1.6847457627118645,1.399402390438247,1.1450381679389314,1
33.0,3.0,5.88,6.0,6.0,12.0,2.0,3.0,8.42,1.85,39.86,1,0.9639344262295082,1.408026755852843,0.1652892561983471,0
21.0,15.0,12.88,8.44,1.0,11.0,12.0,5.0,14.77,1.47,61.0,1,1.5081967213114758,1.137904468412943,1.0810810810810811,1
41.0,7.0,12.08,6.62,7.0,13.0,20.0,3.0,14.24,0.11,53.795,2,1.7976190476190477,1.169129720853859,1.5267175572519085,1
30.0,15.0,9.21,8.33,1.0,8.0,3.0,8.0,10.94,1.73,21.64,0,1.0925266903914592,1.175080558539205,0.3703703703703704,1
20.0,16.0,11.24,7.13,6.0,3.0,16.0,0.0,13.03,1.86,10.46,0,1.5546334716459198,1.1490299823633157,5.161290322580645,1
32.0,18.0,7.66,6.97,0.0,18.0,9.0,0.0,9.53,1.59,32.49,0,1.0834512022630836,1.2280927835051545,0.49723756906077343,1
40.0,14.0,4.37,4.15,6.0,0.0,3.0,4.0,5.43,0.85,21.57,0,1.0282352941176471,1.2147651006711409,30.0,1
23.0,15.0,13.04,5.39,0.0,12.0,19.0,4.0,16.9,1.99,76.63,2,2.375227686703097,1.2861491628614916,1.5702479338842976,2
38.0,14.0,5.28,6.51,4.0,5.0,26.0,7.0,7.88,0.25,25.31,0,0.7987897125567324,1.4646840148698885,5.098039215686275,0
40.0,1.0,13.48,6.94,3.0,0.0,11.0,6.0,14.57,1.07,70.01,2,1.9147727272727273,1.072901325478645,110.0,1
30.0,10.0,9.72,7.15,0.0,16.0,25.0,2.0,12.2,0.34,53.795,1,1.340689655172414,1.2423625254582484,1.5527950310559004,1
27.0,0.0,7.06,7.58,0.0,2.0,12.0,7.0,11.68,0.88,17.78,0,0.9192708333333334,1.6312849162011174,5.714285714285714,0
30.0,14.0,8.96,7.28,0.0,16.0,3.0,3.0,12.0,1.85,60.06,1,1.2140921409214094,1.324503311258278,0.18633540372670807,1
23.0,18.0,9.02,8.24,5.0,1.0,15.0,2.0,13.97,1.59,24.96,0,1.0815347721822541,1.5317982456140353,13.636363636363635,1
36.0,3.0,4.23,5.48,7.0,6.0,18.0,1.0,7.39,1.56,7.45,0,0.7580645161290324,1.7066974595842954,2.9508196721311477,0
26.0,10.0,7.55,7.21,7.0,0.0,6.0,8.0,12.4,0.71,51.01,1,1.0328317373461013,1.6209150326797388,60.0,1
27.0,4.0,11.4,4.26,4.0,14.0,0.0,6.0,13.21,1.02,92.25,2,2.6146788990825693,1.1486956521739131,0.0,2
22.0,2.0,9.1,6.4,5.0,3.0,15.0,4.0,11.26,0.74,31.43,0,1.4,1.223913043478261,4.838709677419355,1
41.0,12.0,6.44,6.46,4.0,5.0,1.0,8.0,10.24,0.08,53.51,1,0.9817073170731708,1.5657492354740061,0.19607843137254904,0
21.0,9.0,7.35,5.9,3.0,12.0,0.0,2.0,12.3,1.28,48.8,1,1.2249999999999999,1.6510067114093963,0.0,1
42.0,10.0,12.63,5.77,3.0,12.0,13.0,5.0,16.93,0.73,64.77,1,2.1516183986371384,1.3299293008641004,1.0743801652892562,2
34.0,17.0,8.99,4.3,7.0,19.0,19.0,7.0,12.47,0.31,100.0,2,2.0431818181818184,1.3718371837183718,0.9947643979057591,2
43.0,1.0,9.28,6.33,7.0,0.0,4.0,8.0,10.62,1.87,42.85,1,1.4432348367029548,1.1321961620469083,40.0,1
41.0,6.0,13.61,8.97,1.0,1.0,26.0,3.0,16.07,1.27,30.17,0,1.5005512679162072,1.1721371261852662,23.636363636363633,1
41.0,8.0,7.21,5.49,6.0,5.0,14.0,0.0,8.56,1.88,23.85,0,1.2898032200357783,1.170998632010944,2.7450980392156863,1
24.0,9.0,8.8,7.68,6.0,10.0,9.0,7.0,11.05,1.17,67.42,1,1.1311053984575836,1.2415730337078652,0.8910891089108911,1
43.0,17.0,12.12,6.74,5.0,17.0,20.0,9.0,14.16,0.13,100.0,2,1.7719298245614035,1.1587561374795419,1.1695906432748537,1
20.0,6.0,11.59,5.63,4.0,12.0,1.0,2.0,14.14,0.06,89.78,2,2.0226876090750436,1.2095808383233535,0.08264462809917356,2
23.0,6.0,6.66,4.45,3.0,11.0,10.0,5.0,11.01,1.8,40.57,1,1.4637362637362639,1.628698224852071,0.9009009009009009,1
34.0,2.0,5.51,5.08,3.0,19.0,15.0,3.0,7.11,0.08,63.5,1,1.0637065637065637,1.2673796791443852,0.7853403141361256,1
39.0,11.0,11.01,7.91,7.0,6.0,18.0,5.0,13.23,1.23,65.08,1,1.3745318352059925,1.190819081908191,2.9508196721311477,1
38.0,6.0,6.58,5.4,5.0,19.0,3.0,2.0,8.62,0.6,67.15,1,1.1963636363636363,1.2904191616766467,0.15706806282722513,1
22.0,16.0,13.23,4.72,1.0,6.0,9.0,6.0,15.41,1.38,62.57,1,2.744813278008299,1.156039009752438,1.4754098360655739,2
39.0,0.0,5.29,5.66,7.0,6.0,21.0,1.0,7.73,0.57,32.53,0,0.9184027777777778,1.4341372912801487,3.4426229508196724,0
30.0,4.0,7.18,6.92,7.0,1.0,21.0,4.0,9.16,1.02,39.08,1,1.0227920227920229,1.2582417582417584,19.09090909090909,1
36.0,15.0,4.55,7.52,0.0,10.0,11.0,2.0,9.32,1.46,5.09,0,0.5971128608923885,2.0043010752688173,1.0891089108910892,0
32.0,14.0,11.03,5.94,4.0,0.0,1.0,4.0,13.71,0.62,49.12,1,1.8261589403973508,1.2318059299191377,10.0,1
30.0,1.0,12.91,6.49,1.0,12.0,14.0,2.0,14.37,1.1,67.18,1,1.9590288315629742,1.1045349730976173,1.15702479338843,1
21.0,8.0,10.36,6.27,6.0,11.0,8.0,8.0,13.23,1.55,63.44,1,1.6263736263736266,1.2648183556405355,0.7207207207207208,1
32.0,6.0,13.38,4.05,7.0,12.0,11.0,7.0,15.12,1.41,100.0,2,3.224096385542169,1.1216617210682491,0.9090909090909092,3
21.0,3.0,5.29,5.98,6.0,6.0,1.0,1.0,7.15,0.7,27.17,0,0.8700657894736842,1.326530612244898,0.1639344262295082,0
40.0,19.0,4.88,6.94,2.0,11.0,17.0,7.0,7.02,1.5,17.23,0,0.6931818181818181,1.4096385542168675,1.5315315315315317,0
28.0,17.0,12.38,6.85,1.0,16.0,15.0,7.0,13.88,1.85,77.25,2,1.7812949640287772,1.1121794871794872,0.9316770186335402,1
28.0,3.0,12.56,7.75,1.0,7.0,18.0,9.0,16.44,1.22,69.94,1,1.6,1.2985781990521328,2.535211267605634,1
27.0,12.0,12.31,7.35,0.0,2.0,14.0,2.0,16.48,1.41,27.91,0,1.6523489932885909,1.3279613215149073,6.666666666666666,1
36.0,0.0,11.99,5.38,3.0,6.0,24.0,9.0,14.57,1.73,77.9,2,2.1879562043795624,1.205128205128205,3.934426229508197,2
20.0,2.0,7.62,5.28,4.0,18.0,29.0,4.0,11.38,1.69,61.65,1,1.41635687732342,1.4740932642487048,1.6022099447513811,1
44.0,15.0,6.17,6.32,1.0,19.0,15.0,1.0,8.73,0.7,55.32,1,0.9610591900311527,1.3923444976076558,0.7853403141361256,0
30.0,3.0,13.29,7.66,0.0,7.0,14.0,9.0,14.95,1.98,69.62,1,1.7126288659793814,1.116504854368932,1.971830985915493,1
27.0,15.0,7.07,4.47,6.0,13.0,26.0,5.0,9.66,0.06,89.21,2,1.5470459518599564,1.3472803347280335,1.984732824427481,1
29.0,18.0,7.98,8.74,2.0,13.0,14.0,1.0,11.21,1.97,13.67,0,0.9027149321266968,1.3873762376237624,1.0687022900763359,0
44.0,0.0,11.0,6.72,5.0,1.0,11.0,3.0,12.16,0.49,49.87,1,1.6129032258064517,1.0954954954954956,10.0,1
26.0,4.0,8.99,5.53,6.0,5.0,21.0,2.0,10.55,0.88,36.3,1,1.596802841918295,1.1606160616061607,4.11764705882353,1
22.0,18.0,12.19,7.47,7.0,15.0,11.0,0.0,16.16,1.77,70.43,2,1.6103038309114928,1.3148901545972336,0.728476821192053,1
22.0,10.0,4.7,4.22,5.0,8.0,9.0,7.0,9.14,0.49,64.26,1,1.0879629629629632,1.9041666666666668,1.1111111111111112,1
37.0,12.0,11.91,6.42,3.0,14.0,20.0,7.0,13.32,0.45,72.29,1,1.8266871165644174,1.109075770191507,1.4184397163120568,1
24.0,19.0,10.02,6.43,5.0,18.0,14.0,0.0,11.02,1.29,70.01,2,1.534456355283308,1.0889328063241108,0.7734806629834253,1
31.0,4.0,9.73,4.81,1.0,14.0,22.0,5.0,11.02,1.41,53.795,2,1.9816700610997968,1.121057985757884,1.5602836879432624,1
31.0,3.0,8.58,8.19,2.0,11.0,26.0,0.0,13.28,0.01,26.99,0,1.034981905910736,1.5299539170506913,2.3423423423423424,1
38.0,3.0,6.77,7.98,1.0,8.0,3.0,8.0,10.83,0.9,53.795,1,0.8378712871287128,1.5764192139737994,0.3703703703703704,0
25.0,3.0,8.64,4.76,5.0,15.0,9.0,0.0,12.98,0.98,59.87,1,1.7777777777777781,1.4851258581235698,0.5960264900662252,1
21.0,3.0,8.5,5.82,4.0,5.0,25.0,2.0,11.57,1.02,33.09,0,1.4358108108108107,1.3453488372093023,4.901960784313726,1
31.0,19.0,9.84,4.5,6.0,19.0,18.0,8.0,12.95,1.09,100.0,1,2.139130434782609,1.3028169014084507,0.9424083769633507,2
38.0,17.0,6.82,8.24,7.0,14.0,22.0,0.0,9.01,0.31,51.15,1,0.8177458033573142,1.3020231213872833,1.5602836879432624,0
24.0,17.0,4.78,5.62,5.0,12.0,13.0,1.0,9.15,0.65,38.35,1,0.8356643356643357,1.8750000000000002,1.0743801652892562,0
31.0,15.0,5.45,6.2,7.0,9.0,9.0,3.0,9.77,1.43,32.03,0,0.8650793650793651,1.7603603603603604,0.989010989010989,0
36.0,8.0,10.99,5.62,4.0,13.0,16.0,6.0,13.56,1.02,67.78,1,1.9213286713286715,1.2227231740306583,1.2213740458015268,1
36.0,17.0,4.22,5.55,5.0,2.0,21.0,7.0,6.54,1.18,19.86,0,0.7469026548672567,1.513888888888889,10.0,0
29.0,1.0,12.56,7.74,3.0,11.0,28.0,0.0,16.51,0.15,67.04,1,1.6020408163265307,1.3041074249605056,2.5225225225225225,1
44.0,3.0,10.94,7.74,2.0,0.0,26.0,0.0,12.04,1.36,30.37,0,1.3954081632653061,1.0905797101449275,260.0,1
42.0,11.0,11.68,6.46,4.0,15.0,26.0,4.0,16.12,1.8,70.52,2,1.7804878048780488,1.3684210526315792,1.7218543046357617,1
36.0,6.0,12.36,7.29,0.0,9.0,10.0,7.0,15.14,1.01,89.94,2,1.672530446549391,1.215088282504013,1.098901098901099,1
34.0,14.0,5.23,6.56,3.0,8.0,17.0,0.0,8.0,0.99,14.58,0,0.7852852852852854,1.5009380863039399,2.0987654320987654,0
31.0,6.0,12.22,4.14,1.0,17.0,1.0,2.0,15.9,1.98,75.89,1,2.882075471698114,1.2905844155844155,0.05847953216374269,2
35.0,16.0,9.05,4.33,5.0,0.0,10.0,5.0,12.63,1.27,42.62,1,2.042889390519188,1.380327868852459,100.0,2
43.0,15.0,12.86,5.92,2.0,9.0,7.0,0.0,14.92,1.61,53.4,1,2.1362126245847177,1.1512345679012346,0.7692307692307693,2
38.0,18.0,12.87,7.75,2.0,6.0,18.0,2.0,17.64,1.29,53.795,1,1.6394904458598727,1.3600616808018506,2.9508196721311477,1
27.0,8.0,4.24,8.57,5.0,9.0,24.0,0.0,9.19,0.44,18.53,0,0.489042675893887,2.117511520737327,2.6373626373626373,0
40.0,13.0,7.83,4.15,0.0,11.0,15.0,3.0,10.93,0.57,48.75,1,1.8423529411764705,1.3783102143757882,1.3513513513513513,1
36.0,16.0,9.26,5.84,6.0,10.0,3.0,8.0,12.51,1.33,78.35,2,1.558922558922559,1.3365384615384617,0.297029702970297,1
42.0,10.0,10.78,5.12,6.0,8.0,13.0,4.0,14.0,0.91,52.9,1,2.0651340996168583,1.286764705882353,1.6049382716049383,2
24.0,1.0,6.86,8.08,4.0,4.0,21.0,2.0,9.8,0.81,13.69,0,0.8386308068459658,1.4080459770114944,5.121951219512195,0
41.0,19.0,6.52,8.23,5.0,3.0,16.0,9.0,11.3,0.04,39.28,1,0.7827130852340936,1.706948640483384,5.161290322580645,0
35.0,15.0,7.81,5.03,7.0,19.0,10.0,6.0,9.79,1.77,77.53,2,1.5224171539961013,1.2376738305941846,0.5235602094240838,1
25.0,13.0,9.01,7.55,2.0,12.0,25.0,5.0,10.44,1.77,30.67,0,1.1777777777777778,1.145993413830955,2.066115702479339,1
27.0,13.0,13.51,7.66,0.0,7.0,25.0,8.0,18.23,0.92,79.26,2,1.740979381443299,1.3394562821454814,3.5211267605633805,1
44.0,0.0,11.62,4.89,6.0,15.0,2.0,3.0,13.47,1.4,67.85,1,2.328657314629259,1.1493174061433449,0.13245033112582782,2
37.0,2.0,8.29,6.17,0.0,0.0,3.0,3.0,12.29,0.36,17.65,0,1.3221690590111643,1.464839094159714,30.0,1
32.0,6.0,4.54,7.1,6.0,16.0,20.0,8.0,6.36,1.01,56.97,1,0.6305555555555556,1.370689655172414,1.2422360248447204,0
32.0,14.0,5.69,4.13,1.0,14.0,12.0,1.0,10.53,0.88,60.95,1,1.3451536643026007,1.8186528497409324,0.851063829787234,1
34.0,18.0,8.56,6.02,0.0,14.0,16.0,9.0,12.72,1.31,66.64,1,1.3986928104575167,1.4688221709006928,1.1347517730496455,1
28.0,10.0,12.14,4.77,4.0,17.0,29.0,1.0,16.81,0.94,84.4,2,2.492813141683779,1.3733660130718952,1.6959064327485378,2
32.0,1.0,7.81,6.71,7.0,5.0,14.0,8.0,12.61,1.0,40.37,1,1.1468428781204112,1.5941845764854614,2.7450980392156863,1
34.0,18.0,8.99,8.21,2.0,1.0,20.0,6.0,10.72,0.59,26.76,0,1.0818291215403129,1.1793179317931795,18.18181818181818,1
29.0,8.0,12.92,6.62,3.0,4.0,19.0,4.0,15.65,0.1,56.66,1,1.9226190476190477,1.2019969278033795,4.634146341463415,1
35.0,18.0,13.14,4.18,6.0,18.0,9.0,4.0,16.73,1.83,94.49,2,3.070093457943926,1.263595166163142,0.49723756906077343,3
26.0,4.0,6.16,4.15,0.0,6.0,25.0,8.0,10.37,0.02,60.27,1,1.4494117647058824,1.656549520766773,4.0983606557377055,1
36.0,17.0,4.44,7.03,0.0,8.0,22.0,9.0,6.41,0.56,28.79,0,0.6227208976157084,1.4118942731277533,2.7160493827160495,0
42.0,15.0,7.05,5.64,7.0,1.0,23.0,4.0,11.71,0.9,42.27,1,1.2282229965156795,1.637762237762238,20.909090909090907,1
40.0,3.0,10.96,6.86,3.0,6.0,11.0,8.0,12.84,0.64,58.45,1,1.574712643678161,1.1609403254972874,1.8032786885245902,1
41.0,11.0,13.51,4.82,1.0,13.0,7.0,7.0,17.97,1.1,88.97,2,2.7459349593495936,1.3203526818515796,0.5343511450381679,2
26.0,6.0,4.77,7.88,0.0,14.0,2.0,5.0,7.82,0.92,6.74,0,0.5977443609022556,1.6057494866529778,0.14184397163120568,0
33.0,13.0,4.28,8.3,3.0,11.0,28.0,4.0,7.34,0.51,24.94,0,0.5095238095238095,1.6757990867579908,2.5225225225225225,0
34.0,11.0,12.84,8.45,3.0,19.0,14.0,4.0,15.34,0.18,85.36,2,1.5017543859649125,1.1854714064914993,0.7329842931937173,1
40.0,2.0,11.48,5.52,7.0,3.0,9.0,4.0,12.89,0.28,63.98,1,2.04270462633452,1.113126079447323,2.903225806451613,2
26.0,4.0,13.92,7.3,4.0,12.0,23.0,0.0,16.31,0.97,83.2,2,1.8810810810810812,1.1633380884450784,1.9008264462809918,1
28.0,16.0,7.97,6.46,1.0,8.0,6.0,4.0,10.68,1.69,39.15,1,1.214939024390244,1.3234200743494422,0.7407407407407408,1
38.0,9.0,8.16,7.81,4.0,11.0,29.0,2.0,11.08,0.2,17.34,0,1.031605562579014,1.341404358353511,2.6126126126126126,1
35.0,9.0,5.72,4.6,3.0,9.0,24.0,5.0,9.68,1.35,30.25,0,1.2170212765957449,1.6632302405498283,2.6373626373626373,1
27.0,10.0,5.16,7.81,7.0,8.0,28.0,8.0,7.57,1.58,40.23,1,0.6523388116308471,1.4391634980988595,3.4567901234567904,0
37.0,16.0,9.79,6.2,7.0,6.0,9.0,5.0,12.42,0.55,52.6,1,1.5539682539682538,1.2558139534883723,1.4754098360655739,1
42.0,4.0,7.64,8.28,2.0,11.0,6.0,0.0,12.26,1.02,16.25,0,0.9116945107398569,1.5839793281653747,0.5405405405405406,0
37.0,12.0,4.8,7.69,4.0,15.0,17.0,7.0,8.81,1.37,35.18,1,0.6161745827984595,1.7979591836734696,1.1258278145695364,0
39.0,9.0,12.87,5.88,7.0,14.0,19.0,8.0,13.96,1.42,100.0,2,2.1521739130434785,1.0763299922899,1.3475177304964538,2
26.0,8.0,5.98,8.52,7.0,6.0,27.0,9.0,10.23,1.78,49.82,1,0.6937354988399073,1.6825657894736843,4.426229508196721,0
32.0,16.0,11.49,5.42,2.0,7.0,13.0,3.0,16.45,0.8,70.02,2,2.081521739130435,1.4193270060396894,1.8309859154929577,2
37.0,0.0,6.82,8.83,2.0,6.0,11.0,9.0,11.58,0.49,33.05,0,0.7637178051511758,1.6734104046242775,1.8032786885245902,0
29.0,3.0,12.13,7.84,5.0,10.0,7.0,4.0,16.47,1.09,72.84,2,1.527707808564232,1.3466884709730171,0.6930693069306931,1
26.0,3.0,5.18,8.95,4.0,3.0,24.0,2.0,8.7,0.13,0.0,0,0.5723756906077349,1.6477272727272727,7.741935483870967,0
36.0,17.0,11.56,4.27,0.0,17.0,6.0,7.0,13.67,1.02,88.21,2,2.6453089244851267,1.1723842195540308,0.3508771929824561,2
33.0,8.0,4.98,5.37,1.0,18.0,4.0,2.0,8.6,1.77,33.06,0,0.910420475319927,1.6929133858267715,0.22099447513812154,0
43.0,17.0,8.47,7.71,4.0,6.0,0.0,3.0,12.25,1.06,32.7,0,1.0845070422535212,1.4294049008168028,0.0,1
22.0,13.0,11.34,8.61,5.0,12.0,14.0,9.0,13.47,0.87,80.06,2,1.3019517795637199,1.1774475524475525,1.15702479338843,1
31.0,14.0,5.73,4.14,7.0,8.0,8.0,6.0,7.75,0.53,55.73,1,1.351415094339623,1.3293310463121784,0.9876543209876544,1
32.0,5.0,6.86,4.0,1.0,17.0,11.0,1.0,9.45,0.5,43.52,1,1.6731707317073172,1.357758620689655,0.6432748538011696,1
21.0,9.0,12.65,5.28,7.0,6.0,21.0,0.0,12.02,0.47,58.34,1,2.3513011152416357,0.9427450980392157,3.4426229508196724,2
22.0,14.0,12.85,8.26,0.0,19.0,17.0,3.0,15.02,1.66,75.09,2,1.5370813397129188,1.15984555984556,0.8900523560209423,1
24.0,10.0,4.45,7.84,1.0,15.0,10.0,7.0,7.67,1.97,37.59,1,0.5604534005037783,1.6857142857142857,0.6622516556291391,0
30.0,17.0,5.68,5.7,1.0,4.0,9.0,0.0,10.28,1.07,26.18,0,0.9793103448275862,1.7785467128027683,2.1951219512195124,0
27.0,17.0,5.17,4.01,1.0,6.0,9.0,9.0,7.35,0.16,53.13,1,1.2579075425790756,1.394686907020873,1.4754098360655739,1
42.0,16.0,5.8,6.77,3.0,5.0,17.0,2.0,10.66,1.5,31.3,0,0.844250363901019,1.8067796610169493,3.3333333333333335,0
42.0,11.0,13.7,5.19,3.0,1.0,25.0,3.0,16.59,1.75,41.51,1,2.5897920604914932,1.2021739130434783,22.727272727272727,2
31.0,6.0,9.52,7.73,1.0,6.0,0.0,3.0,10.92,1.86,36.29,1,1.2158365261813537,1.1351351351351353,0.0,1
26.0,15.0,8.68,6.23,0.0,8.0,27.0,2.0,9.9,1.26,41.76,1,1.3712480252764612,1.1275626423690206,3.3333333333333335,1
34.0,10.0,13.84,7.39,7.0,12.0,19.0,2.0,16.19,1.01,83.44,2,1.847797062750334,1.1614060258249643,1.5702479338842976,1
43.0,13.0,9.57,8.26,6.0,16.0,25.0,6.0,11.61,1.24,58.6,1,1.1447368421052633,1.2006204756980352,1.5527950310559004,1
36.0,2.0,10.61,6.68,0.0,16.0,10.0,7.0,14.98,0.03,82.35,2,1.564896755162242,1.3986928104575165,0.6211180124223602,1
23.0,18.0,8.99,5.68,0.0,14.0,28.0,9.0,11.28,1.31,58.77,1,1.5553633217993081,1.2409240924092408,1.9858156028368794,1
41.0,17.0,7.82,7.85,0.0,17.0,1.0,3.0,12.36,1.42,49.38,1,0.9836477987421385,1.5606060606060606,0.05847953216374269,0
44.0,9.0,9.94,5.33,7.0,14.0,25.0,7.0,13.3,1.44,83.31,2,1.8305709023941068,1.3247011952191237,1.773049645390071,1
32.0,10.0,4.7,8.46,5.0,10.0,10.0,7.0,7.44,1.13,29.32,0,0.5490654205607477,1.55,0.9900990099009901,0
37.0,12.0,6.56,4.36,5.0,11.0,24.0,5.0,8.64,1.4,78.18,2,1.4708520179372198,1.2972972972972976,2.1621621621621623,1
20.0,9.0,5.97,8.18,2.0,16.0,1.0,0.0,9.3,1.28,19.3,0,0.7210144927536232,1.5321252059308075,0.06211180124223602,0
35.0,17.0,4.16,4.46,1.0,11.0,26.0,6.0,7.63,0.23,46.6,1,0.912280701754386,1.7910798122065728,2.3423423423423424,0
32.0,19.0,9.37,4.28,6.0,6.0,8.0,6.0,11.94,1.8,68.25,1,2.139269406392694,1.2608236536430835,1.3114754098360657,2
29.0,15.0,9.61,5.82,6.0,6.0,0.0,4.0,14.36,1.25,51.59,1,1.6233108108108107,1.478887744593203,0.0,1
31.0,5.0,7.84,8.78,1.0,9.0,29.0,5.0,11.4,1.46,43.17,1,0.882882882882883,1.4357682619647356,3.186813186813187,0
21.0,12.0,6.69,8.92,2.0,15.0,22.0,8.0,11.04,0.69,60.95,1,0.7416851441241686,1.6259204712812958,1.456953642384106,0
42.0,3.0,10.52,5.01,0.0,10.0,5.0,2.0,14.0,1.84,32.49,0,2.0587084148727985,1.3182674199623352,0.49504950495049505,2
22.0,13.0,5.35,4.74,4.0,15.0,21.0,3.0,7.62,1.01,55.93,1,1.1053719008264462,1.398165137614679,1.390728476821192,1
29.0,0.0,9.19,5.76,4.0,1.0,1.0,8.0,13.14,1.36,67.84,1,1.5682593856655291,1.4144241119483316,0.9090909090909091,1
21.0,10.0,11.68,5.69,7.0,1.0,14.0,9.0,13.6,1.9,61.52,1,2.01727115716753,1.1544991511035654,12.727272727272727,2
42.0,10.0,5.64,7.8,2.0,17.0,0.0,1.0,9.03,1.83,15.08,0,0.7139240506329114,1.5731707317073171,0.0,0
32.0,7.0,8.99,6.22,6.0,4.0,25.0,8.0,14.14,1.29,67.3,1,1.42246835443038,1.5555555555555556,6.097560975609756,1
32.0,11.0,11.61,7.9,4.0,13.0,23.0,4.0,13.21,0.33,70.48,2,1.45125,1.1280956447480788,1.7557251908396947,1
37.0,1.0,4.6,7.74,3.0,7.0,23.0,2.0,7.25,1.9,8.85,0,0.586734693877551,1.542553191489362,3.23943661971831,0
32.0,11.0,4.19,6.89,1.0,5.0,17.0,7.0,6.43,1.97,27.01,0,0.5994277539341918,1.4988344988344988,3.3333333333333335,0
26.0,4.0,13.74,8.17,4.0,8.0,3.0,8.0,15.19,0.21,76.03,2,1.6614268440145104,1.097543352601156,0.3703703703703704,1
33.0,4.0,5.93,4.98,7.0,5.0,28.0,0.0,10.23,0.9,34.54,0,1.1673228346456692,1.6965174129353235,5.490196078431373,1
39.0,12.0,12.22,4.81,5.0,16.0,12.0,4.0,15.21,1.1,98.07,2,2.4887983706720984,1.234577922077922,0.7453416149068323,2
36.0,8.0,9.62,7.75,7.0,7.0,3.0,8.0,12.01,0.18,69.22,1,1.2254777070063694,1.2355967078189303,0.4225352112676057,1
40.0,9.0,6.64,5.22,5.0,2.0,14.0,1.0,9.66,0.38,21.18,0,1.2481203007518797,1.4332344213649852,6.666666666666666,1
31.0,0.0,5.3,4.01,6.0,11.0,1.0,0.0,9.32,1.08,27.49,0,1.2895377128953773,1.725925925925926,0.0900900900900901,1
44.0,2.0,8.97,8.56,6.0,12.0,26.0,7.0,10.04,1.93,42.6,1,1.035796766743649,1.1069459757442115,2.1487603305785123,1
35.0,17.0,8.07,7.11,3.0,17.0,8.0,5.0,11.26,0.06,51.91,1,1.1192787794729542,1.3782129742962057,0.4678362573099415,1
43.0,11.0,10.99,6.22,7.0,10.0,11.0,1.0,13.91,1.82,41.87,1,1.7389240506329116,1.254283137962128,1.0891089108910892,1
31.0,2.0,13.04,7.63,1.0,1.0,13.0,2.0,17.61,1.8,50.93,1,1.6869340232858991,1.3401826484018267,11.818181818181817,1
34.0,8.0,12.05,5.67,7.0,13.0,19.0,4.0,15.27,1.71,79.21,2,2.0883882149046795,1.25679012345679,1.450381679389313,2
44.0,1.0,6.74,8.77,3.0,0.0,3.0,0.0,8.29,0.76,21.25,0,0.7598647125140925,1.211988304093567,30.0,0
32.0,2.0,12.79,4.34,1.0,14.0,14.0,1.0,15.34,0.98,78.37,2,2.880630630630631,1.1900698215671064,0.9929078014184397,2
44.0,13.0,12.33,7.2,1.0,17.0,3.0,0.0,15.81,0.81,49.44,1,1.689041095890411,1.2719227674979887,0.17543859649122806,1
26.0,3.0,13.29,7.89,6.0,17.0,4.0,6.0,14.47,1.9,87.41,2,1.6633291614518149,1.0806572068707994,0.23391812865497075,1
39.0,18.0,8.59,6.35,4.0,16.0,9.0,6.0,13.13,1.04,76.61,2,1.3317829457364343,1.510932105868815,0.5590062111801242,1
24.0,12.0,11.69,7.77,7.0,0.0,11.0,9.0,12.96,0.16,70.68,2,1.4853875476493013,1.099236641221374,110.0,1
20.0,6.0,8.99,8.63,5.0,13.0,11.0,4.0,11.04,0.55,55.96,1,1.0297823596792668,1.2145214521452143,0.8396946564885497,1
36.0,11.0,7.11,7.72,2.0,19.0,7.0,9.0,8.12,0.92,77.96,2,0.9092071611253199,1.1262135922330097,0.36649214659685864,0
22.0,2.0,13.94,5.55,4.0,15.0,3.0,5.0,17.67,1.91,80.42,1,2.4672566371681417,1.2585470085470087,0.19867549668874174,2
32.0,8.0,4.38,6.81,7.0,3.0,2.0,2.0,7.2,1.14,16.67,0,0.633863965267728,1.6071428571428574,0.6451612903225806,0
33.0,1.0,5.62,8.56,6.0,5.0,26.0,1.0,7.03,1.39,19.8,0,0.648960739030023,1.2290209790209792,5.098039215686275,0
43.0,8.0,12.93,6.25,0.0,15.0,0.0,9.0,17.35,0.18,91.99,2,2.036220472440945,1.3315425940138144,0.0,2
37.0,11.0,4.61,7.41,3.0,19.0,17.0,8.0,6.42,1.75,57.59,1,0.6138482023968043,1.3630573248407643,0.8900523560209423,0
23.0,11.0,12.87,6.33,6.0,5.0,19.0,1.0,12.02,1.08,57.33,1,2.001555209953344,0.9267540478026215,3.7254901960784315,2
37.0,14.0,11.15,4.61,7.0,14.0,24.0,0.0,12.86,1.84,72.07,2,2.367303609341826,1.143111111111111,1.702127659574468,2
24.0,1.0,4.37,4.29,0.0,0.0,13.0,8.0,9.08,0.89,28.38,0,0.9954441913439637,2.0313199105145414,130.0,0
44.0,17.0,8.29,8.76,1.0,6.0,16.0,7.0,12.32,1.37,31.57,0,0.9356659142212189,1.4684147794994042,2.6229508196721314,0
35.0,12.0,11.54,7.06,6.0,10.0,5.0,7.0,15.44,0.94,91.62,2,1.611731843575419,1.3264604810996565,0.49504950495049505,1
20.0,13.0,9.83,4.52,4.0,0.0,5.0,6.0,11.01,0.29,58.16,1,2.127705627705628,1.108761329305136,50.0,2
40.0,4.0,13.36,8.29,7.0,7.0,9.0,8.0,16.45,0.54,88.44,2,1.5923718712753279,1.2221396731054979,1.267605633802817,1
33.0,9.0,12.68,6.61,0.0,13.0,18.0,2.0,15.98,0.13,79.64,2,1.8897168405365126,1.2503912363067293,1.3740458015267176,1
34.0,11.0,7.33,7.86,0.0,4.0,9.0,7.0,9.86,0.88,35.69,1,0.9208542713567839,1.3270524899057874,2.1951219512195124,0
28.0,9.0,4.85,4.63,5.0,12.0,24.0,0.0,7.14,1.3,23.7,0,1.025369978858351,1.4424242424242426,1.9834710743801653,1
34.0,10.0,13.44,8.53,6.0,14.0,29.0,0.0,17.85,0.49,53.795,2,1.5573580533024336,1.3183161004431316,2.0567375886524824,1
36.0,1.0,9.17,6.95,0.0,8.0,25.0,5.0,10.26,0.98,46.68,1,1.300709219858156,1.1067961165048543,3.0864197530864197,1
44.0,4.0,4.74,7.69,5.0,7.0,2.0,7.0,8.24,0.92,26.31,0,0.6084724005134788,1.7024793388429753,0.28169014084507044,0
43.0,6.0,12.17,4.16,5.0,18.0,0.0,7.0,14.75,1.07,100.0,2,2.8568075117370895,1.202118989405053,0.0,2
23.0,5.0,12.69,5.58,1.0,16.0,17.0,9.0,16.35,0.37,89.98,2,2.234154929577465,1.2783424550430025,1.0559006211180124,2
31.0,2.0,10.39,5.34,7.0,18.0,14.0,0.0,12.18,1.07,69.72,1,1.9099264705882355,1.1611058150619638,0.7734806629834253,1
24.0,12.0,8.48,8.75,5.0,17.0,19.0,0.0,10.43,0.73,43.55,1,0.9581920903954804,1.2156177156177155,1.111111111111111,0
24.0,2.0,10.62,4.93,1.0,17.0,14.0,8.0,13.97,0.57,77.77,2,2.1113320079522864,1.303171641791045,0.8187134502923976,2
30.0,5.0,11.07,7.54,5.0,3.0,17.0,8.0,12.02,1.17,59.16,1,1.448952879581152,1.0760966875559534,5.483870967741935,1
25.0,10.0,12.93,4.21,5.0,1.0,9.0,6.0,17.83,0.3,69.67,1,3.0,1.3683806600153492,8.181818181818182,2
26.0,16.0,13.56,4.99,6.0,4.0,21.0,0.0,15.56,1.8,61.1,1,2.664047151277014,1.1390922401171304,5.121951219512195,2
43.0,9.0,9.14,5.69,6.0,16.0,21.0,9.0,10.55,1.87,100.0,2,1.5785837651122625,1.1417748917748918,1.3043478260869563,1
33.0,11.0,11.98,7.97,1.0,6.0,18.0,1.0,15.34,1.32,38.03,1,1.4845105328376704,1.269867549668874,2.9508196721311477,1
43.0,16.0,13.65,7.95,0.0,15.0,16.0,7.0,16.33,0.61,89.22,2,1.6956521739130435,1.1876363636363636,1.0596026490066226,1
30.0,3.0,5.51,8.76,3.0,0.0,14.0,7.0,9.56,1.25,13.07,0,0.6218961625282167,1.7040998217468808,140.0,0
32.0,1.0,4.18,8.58,4.0,11.0,24.0,4.0,7.29,1.2,19.42,0,0.48156682027649766,1.7032710280373835,2.1621621621621623,0
21.0,10.0,12.69,4.41,4.0,18.0,3.0,1.0,15.73,0.78,96.22,2,2.813747228381375,1.2298670836591088,0.16574585635359115,2
44.0,6.0,5.95,8.15,1.0,8.0,24.0,2.0,9.54,0.57,8.91,0,0.7212121212121212,1.5768595041322313,2.9629629629629632,0
26.0,1.0,4.42,6.26,0.0,15.0,4.0,4.0,5.93,0.34,47.33,1,0.6949685534591196,1.3119469026548674,0.26490066225165565,0
39.0,17.0,5.6,8.33,6.0,6.0,6.0,2.0,9.31,0.43,14.79,0,0.66429418742586,1.6333333333333335,0.9836065573770493,0
23.0,10.0,7.84,4.45,6.0,14.0,18.0,9.0,10.79,1.31,95.33,2,1.7230769230769232,1.358942065491184,1.2765957446808511,1
27.0,7.0,6.19,8.11,3.0,11.0,18.0,0.0,10.47,1.77,13.99,0,0.753958587088916,1.6645468998410176,1.6216216216216217,0
39.0,19.0,7.05,6.46,2.0,3.0,14.0,5.0,8.6,0.77,28.95,0,1.0746951219512195,1.202797202797203,4.516129032258064,1
41.0,13.0,13.75,5.67,4.0,5.0,0.0,4.0,15.95,0.24,79.89,2,2.3830155979202776,1.151624548736462,0.0,2
40.0,11.0,11.04,4.14,1.0,5.0,23.0,2.0,15.84,0.03,40.76,1,2.6037735849056607,1.421903052064632,4.509803921568627,2
38.0,17.0,11.12,4.62,2.0,14.0,7.0,8.0,14.33,0.81,78.33,1,2.3559322033898304,1.2771836007130126,0.49645390070921985,2
32.0,10.0,4.95,6.23,4.0,2.0,18.0,5.0,9.67,0.47,41.22,1,0.7819905213270142,1.914851485148515,8.571428571428571,0
33.0,7.0,11.32,8.09,4.0,1.0,16.0,7.0,15.08,0.65,63.76,1,1.3821733821733824,1.320490367775832,14.545454545454545,1
29.0,1.0,11.39,7.87,6.0,4.0,8.0,6.0,16.1,0.48,55.19,1,1.4291091593475533,1.401218450826806,1.9512195121951221,1
30.0,14.0,10.6,5.18,3.0,7.0,19.0,1.0,12.87,1.33,61.38,1,2.007575757575758,1.202803738317757,2.676056338028169,2
21.0,8.0,6.28,4.76,7.0,18.0,22.0,9.0,7.64,1.28,78.83,2,1.2921810699588478,1.1974921630094044,1.2154696132596685,1
44.0,18.0,8.23,5.95,3.0,15.0,15.0,4.0,12.44,1.82,58.07,1,1.360330578512397,1.4933973589435774,0.9933774834437087,1
28.0,19.0,12.46,8.42,2.0,18.0,8.0,4.0,16.68,1.4,75.53,2,1.4624413145539907,1.3280254777070062,0.4419889502762431,1
36.0,7.0,10.7,4.46,7.0,15.0,18.0,5.0,14.18,0.33,100.0,2,2.3464912280701755,1.312962962962963,1.1920529801324504,2
22.0,18.0,11.33,6.71,4.0,5.0,15.0,5.0,14.65,1.5,68.15,1,1.6637298091042585,1.2817147856517936,2.9411764705882355,1
43.0,4.0,9.87,4.44,4.0,0.0,20.0,2.0,14.53,0.36,41.76,1,2.174008810572687,1.4573721163490472,200.0,2
25.0,10.0,8.5,6.35,3.0,17.0,25.0,3.0,12.02,1.12,84.85,2,1.3178294573643412,1.3976744186046512,1.461988304093567,1
24.0,10.0,11.59,4.63,3.0,7.0,26.0,0.0,15.06,0.15,58.11,1,2.4503171247357294,1.2882805816937555,3.6619718309859155,2
24.0,7.0,4.68,4.4,7.0,4.0,12.0,0.0,5.88,0.09,53.795,0,1.04,1.2301255230125525,2.9268292682926833,1
41.0,18.0,10.73,4.95,4.0,11.0,18.0,4.0,12.29,0.93,74.52,2,2.124752475247525,1.1348107109879961,1.6216216216216217,2
34.0,7.0,13.97,5.28,6.0,17.0,4.0,3.0,16.72,0.21,98.47,2,2.596654275092937,1.1883439943141434,0.23391812865497075,2
42.0,18.0,11.8,5.38,4.0,9.0,26.0,6.0,16.08,0.61,82.27,2,2.153284671532847,1.3512605042016805,2.857142857142857,2
36.0,17.0,6.91,7.23,0.0,12.0,1.0,6.0,10.84,0.68,43.27,1,0.9427012278308322,1.5463623395149786,0.08264462809917356,0
28.0,9.0,6.78,4.27,5.0,11.0,3.0,3.0,11.68,1.54,56.59,1,1.5514874141876434,1.697674418604651,0.2702702702702703,1
22.0,6.0,10.67,4.4,3.0,15.0,11.0,9.0,11.85,0.67,67.98,1,2.371111111111111,1.1002785515320335,0.728476821192053,2
39.0,8.0,12.96,4.94,2.0,13.0,17.0,1.0,15.49,0.99,74.4,2,2.5714285714285716,1.186064318529862,1.297709923664122,2
36.0,0.0,9.78,8.36,6.0,10.0,2.0,9.0,11.42,1.55,63.35,1,1.1560283687943262,1.1558704453441297,0.19801980198019803,1
29.0,18.0,9.27,7.14,1.0,9.0,20.0,3.0,10.42,0.41,43.45,1,1.2803867403314917,1.112059765208111,2.197802197802198,1
32.0,4.0,5.6,7.65,1.0,9.0,24.0,7.0,7.66,1.61,18.77,0,0.7225806451612903,1.3438596491228072,2.6373626373626373,0
37.0,18.0,11.15,5.85,4.0,15.0,18.0,1.0,13.13,1.66,63.22,1,1.873949579831933,1.1671111111111112,1.1920529801324504,1
37.0,0.0,11.02,5.07,5.0,18.0,25.0,4.0,13.7,1.98,84.76,2,2.1315280464216633,1.2320143884892087,1.3812154696132595,2
36.0,14.0,13.67,4.19,6.0,9.0,21.0,6.0,15.23,0.89,91.57,2,3.1864801864801864,1.1060275962236747,2.307692307692308,3
43.0,15.0,7.0,6.44,6.0,3.0,3.0,9.0,9.95,0.74,56.51,1,1.070336391437309,1.4014084507042253,0.9677419354838709,1
22.0,6.0,11.56,6.87,2.0,7.0,3.0,5.0,16.24,1.4,56.96,1,1.6585365853658538,1.392795883361921,0.4225352112676057,1
22.0,11.0,8.34,8.49,0.0,10.0,15.0,8.0,12.33,0.12,57.51,1,0.9708963911525029,1.4609004739336493,1.4851485148514851,0
25.0,7.0,9.58,8.41,7.0,5.0,10.0,1.0,13.95,0.08,50.63,1,1.1257344300822563,1.4411157024793388,1.9607843137254903,1
32.0,4.0,12.16,6.12,3.0,3.0,28.0,3.0,16.38,0.67,64.54,1,1.954983922829582,1.33605220228385,9.032258064516128,1
43.0,9.0,6.22,6.12,0.0,4.0,25.0,6.0,8.78,1.46,21.5,0,1.0,1.389240506329114,6.097560975609756,0
34.0,4.0,7.43,4.81,6.0,17.0,25.0,7.0,11.27,0.23,79.79,2,1.5132382892057028,1.49667994687915,1.461988304093567,1
44.0,16.0,11.73,5.29,2.0,2.0,12.0,4.0,15.75,1.27,67.18,1,2.1762523191094623,1.331360946745562,5.714285714285714,2
28.0,4.0,8.99,8.63,0.0,6.0,20.0,4.0,11.52,0.54,26.1,0,1.0297823596792668,1.2673267326732673,3.278688524590164,1
23.0,14.0,4.92,4.71,4.0,11.0,14.0,3.0,9.36,1.3,34.06,0,1.022869022869023,1.8645418326693228,1.2612612612612613,1
33.0,12.0,8.3,8.84,1.0,2.0,6.0,8.0,11.13,0.91,29.98,0,0.9284116331096198,1.325,2.857142857142857,0
24.0,0.0,9.87,6.52,4.0,16.0,26.0,5.0,10.94,0.23,80.55,2,1.4909365558912386,1.0972918756268808,1.6149068322981366,1
21.0,10.0,13.1,6.28,3.0,2.0,13.0,3.0,16.67,0.49,58.06,1,2.053291536050157,1.2628787878787882,6.19047619047619,2
30.0,0.0,5.88,4.87,4.0,10.0,3.0,2.0,9.59,0.44,53.87,1,1.1830985915492958,1.6036789297658864,0.297029702970297,1
28.0,10.0,12.06,7.31,2.0,5.0,7.0,8.0,15.27,0.33,48.28,1,1.62753036437247,1.2557565789473684,1.3725490196078431,1
43.0,17.0,5.31,6.3,6.0,10.0,11.0,6.0,7.16,0.94,41.49,1,0.8296875,1.3234750462107212,1.0891089108910892,0
22.0,17.0,6.42,5.85,2.0,3.0,12.0,8.0,9.35,1.91,34.34,0,1.0789915966386556,1.4340490797546013,3.8709677419354835,1
28.0,15.0,6.43,5.32,3.0,16.0,24.0,3.0,9.03,1.32,66.92,1,1.1863468634686347,1.3828483920367536,1.4906832298136645,1
22.0,12.0,12.77,4.33,3.0,0.0,8.0,2.0,17.67,1.67,35.24,1,2.8826185101580135,1.3729603729603732,80.0,2
44.0,6.0,5.99,6.6,1.0,11.0,8.0,9.0,10.29,1.96,53.44,1,0.8940298507462687,1.689655172413793,0.7207207207207208,0
21.0,0.0,11.87,5.56,0.0,2.0,1.0,7.0,15.92,1.08,55.08,1,2.0971731448763253,1.3299916457811196,0.47619047619047616,2
31.0,15.0,8.62,6.46,1.0,15.0,2.0,3.0,10.34,0.48,53.16,1,1.3140243902439024,1.1857798165137616,0.13245033112582782,1
29.0,0.0,13.99,7.62,4.0,2.0,20.0,9.0,16.31,1.86,81.45,2,1.8121761658031088,1.1575585521646556,9.523809523809524,1
28.0,16.0,12.39,5.66,0.0,13.0,11.0,2.0,14.91,1.4,62.99,1,2.151041666666667,1.1937550040032026,0.8396946564885497,2
34.0,5.0,11.4,7.35,3.0,16.0,16.0,3.0,14.37,1.92,64.67,1,1.5302013422818794,1.2495652173913043,0.9937888198757763,1
27.0,1.0,12.71,5.29,2.0,18.0,3.0,1.0,13.83,1.3,80.24,2,2.358070500927644,1.0796252927400467,0.16574585635359115,2
32.0,16.0,10.34,7.64,4.0,6.0,26.0,3.0,13.71,1.55,44.4,1,1.3359173126614987,1.3132183908045978,4.262295081967213,1
24.0,5.0,12.44,4.08,7.0,10.0,29.0,6.0,14.87,1.78,78.09,2,2.9760765550239237,1.1858054226475279,2.871287128712871,2
30.0,13.0,6.61,4.76,1.0,15.0,13.0,2.0,9.86,1.52,46.03,1,1.3600823045267492,1.4694485842026825,0.8609271523178809,1
21.0,17.0,4.98,5.23,6.0,18.0,20.0,0.0,6.02,1.13,50.67,1,0.9343339587242027,1.18503937007874,1.1049723756906076,0
43.0,5.0,10.16,7.86,5.0,4.0,8.0,9.0,12.45,0.94,43.52,1,1.2763819095477387,1.2134502923976607,1.9512195121951221,1
34.0,9.0,8.35,4.33,5.0,0.0,7.0,7.0,12.42,1.65,55.82,1,1.8848758465011286,1.4698224852071007,70.0,1
25.0,17.0,8.26,4.94,3.0,9.0,0.0,5.0,11.26,1.54,61.99,1,1.6388888888888888,1.3468899521531101,0.0,1
27.0,8.0,9.27,5.79,6.0,17.0,29.0,2.0,13.43,0.73,74.07,2,1.5738539898132429,1.433297758804696,1.6959064327485378,1
24.0,7.0,7.61,4.05,0.0,9.0,12.0,7.0,11.41,1.0,42.4,1,1.8337349397590366,1.4798962386511025,1.3186813186813187,1
35.0,9.0,10.26,7.81,4.0,0.0,27.0,5.0,14.68,1.27,32.22,0,1.2970922882427307,1.416988416988417,270.0,1
37.0,16.0,4.31,6.8,0.0,12.0,2.0,0.0,5.34,0.06,0.0,0,0.6246376811594203,1.2108843537414968,0.1652892561983471,0
25.0,5.0,13.7,8.5,2.0,3.0,29.0,8.0,15.75,0.5,62.42,1,1.5930232558139534,1.1413043478260871,9.35483870967742,1
24.0,13.0,13.25,4.16,3.0,11.0,13.0,8.0,16.45,0.5,89.98,2,3.110328638497653,1.2322097378277153,1.1711711711711712,3
35.0,5.0,13.35,5.36,7.0,15.0,18.0,8.0,18.11,1.77,100.0,2,2.445054945054945,1.346468401486989,1.1920529801324504,2
32.0,6.0,7.65,7.66,3.0,18.0,26.0,5.0,11.37,0.66,71.32,2,0.9858247422680413,1.4670967741935483,1.43646408839779,0
24.0,11.0,9.32,7.38,4.0,11.0,5.0,5.0,12.15,1.09,51.61,1,1.2459893048128343,1.2898089171974523,0.45045045045045046,1
32.0,2.0,13.54,5.22,4.0,5.0,3.0,3.0,15.06,1.66,69.63,1,2.5451127819548875,1.1041055718475075,0.5882352941176471,2
36.0,13.0,13.02,6.98,6.0,15.0,19.0,7.0,15.99,0.52,96.7,2,1.8389830508474576,1.21875,1.2582781456953642,1
37.0,18.0,11.9,7.97,0.0,11.0,0.0,8.0,14.66,0.25,63.33,1,1.4745972738537794,1.2216666666666667,0.0,1
27.0,15.0,8.07,4.17,7.0,9.0,27.0,6.0,12.18,1.9,78.26,2,1.889929742388759,1.4908200734394124,2.967032967032967,1
32.0,6.0,9.64,7.59,5.0,4.0,9.0,6.0,12.29,1.41,55.06,1,1.2535760728218468,1.261806981519507,2.1951219512195124,1
38.0,7.0,11.93,5.26,5.0,18.0,12.0,1.0,14.21,0.35,74.77,2,2.2257462686567164,1.1812136325852038,0.6629834254143646,2
22.0,17.0,6.73,8.74,1.0,11.0,11.0,1.0,8.09,1.64,21.97,0,0.7613122171945702,1.1844802342606149,0.990990990990991,0
43.0,12.0,10.26,6.69,7.0,7.0,10.0,9.0,11.45,1.57,69.61,1,1.5110456553755522,1.1052123552123552,1.4084507042253522,1
27.0,8.0,12.28,4.17,0.0,3.0,3.0,1.0,15.04,1.68,50.45,1,2.8758782201405153,1.2148626817447497,0.9677419354838709,2
21.0,10.0,11.07,6.02,5.0,6.0,16.0,3.0,13.46,0.55,46.11,1,1.808823529411765,1.2050134288272158,2.6229508196721314,1
27.0,8.0,8.79,8.83,4.0,4.0,14.0,8.0,12.01,0.9,40.65,1,0.9843225083986562,1.3509561304836897,3.414634146341464,0
32.0,14.0,8.99,7.65,4.0,10.0,20.0,4.0,13.7,1.39,55.24,1,1.16,1.507150715071507,1.9801980198019802,1
32.0,19.0,13.89,5.5,7.0,16.0,28.0,1.0,15.05,0.78,81.67,2,2.480357142857143,1.075768406004289,1.7391304347826086,2
20.0,1.0,10.02,6.88,4.0,2.0,2.0,3.0,13.0,0.14,45.47,1,1.4355300859598854,1.2845849802371543,0.9523809523809523,1
25.0,12.0,11.86,7.0,0.0,1.0,28.0,6.0,16.31,0.27,46.6,1,1.6704225352112676,1.3637123745819397,25.454545454545453,1
43.0,10.0,11.27,4.12,3.0,18.0,9.0,4.0,14.09,1.19,88.36,2,2.670616113744076,1.2392260334212841,0.49723756906077343,2
38.0,18.0,11.01,4.89,6.0,1.0,20.0,7.0,14.09,0.75,76.94,2,2.2064128256513027,1.2682268226822684,18.18181818181818,2
35.0,1.0,11.16,6.76,1.0,13.0,13.0,0.0,14.11,0.01,83.78,2,1.6268221574344024,1.2531083481349912,0.9923664122137404,1
27.0,2.0,8.54,6.01,1.0,0.0,18.0,4.0,11.1,1.53,25.79,0,1.397708674304419,1.2847222222222223,180.0,1
20.0,5.0,8.74,4.95,4.0,15.0,20.0,3.0,10.18,0.83,64.87,1,1.730693069306931,1.1515837104072397,1.3245033112582782,1
35.0,2.0,8.68,7.86,2.0,14.0,3.0,2.0,10.19,0.63,66.12,1,1.0904522613065326,1.1605922551252847,0.2127659574468085,1
28.0,10.0,4.33,6.44,7.0,17.0,24.0,6.0,6.05,1.43,66.08,1,0.6620795107033639,1.3656884875846502,1.4035087719298245,0
32.0,5.0,6.41,5.55,0.0,1.0,13.0,9.0,10.58,0.91,52.06,1,1.1345132743362834,1.6251920122887866,11.818181818181817,1
30.0,15.0,5.55,4.81,7.0,10.0,5.0,0.0,7.65,1.39,37.94,1,1.1303462321792261,1.3539823008849559,0.49504950495049505,1
32.0,16.0,12.86,7.06,5.0,16.0,11.0,5.0,12.02,0.03,100.0,2,1.7960893854748605,0.9274691358024691,0.6832298136645962,1
44.0,18.0,6.75,7.33,7.0,12.0,29.0,7.0,10.99,0.02,63.81,1,0.9084791386271871,1.6043795620437957,2.396694214876033,0
32.0,2.0,5.38,7.35,5.0,11.0,25.0,1.0,9.12,1.12,27.46,0,0.7221476510067114,1.6642335766423357,2.2522522522522523,0
29.0,17.0,5.2,5.1,7.0,1.0,1.0,5.0,9.08,1.96,27.91,0,1.0000000000000002,1.7132075471698114,0.9090909090909091,1
23.0,6.0,11.0,6.98,7.0,17.0,16.0,0.0,12.19,0.54,76.54,2,1.5536723163841808,1.098198198198198,0.935672514619883,1
25.0,8.0,4.06,8.53,6.0,9.0,0.0,5.0,7.33,1.37,25.07,0,0.4704519119351101,1.762019230769231,0.0,0
26.0,19.0,8.71,5.77,3.0,11.0,16.0,5.0,13.47,0.34,75.66,2,1.4838160136286205,1.52894438138479,1.4414414414414416,1
24.0,11.0,5.19,5.05,4.0,16.0,24.0,4.0,6.35,0.62,60.41,1,1.0077669902912623,1.2003780718336483,1.4906832298136645,1
30.0,4.0,12.5,7.86,2.0,13.0,4.0,6.0,14.66,0.16,80.27,2,1.57035175879397,1.1634920634920636,0.3053435114503817,1
32.0,2.0,13.58,4.88,4.0,18.0,15.0,4.0,14.79,1.76,97.19,2,2.7269076305220885,1.0811403508771928,0.8287292817679557,2
44.0,10.0,13.59,6.46,7.0,12.0,13.0,7.0,16.87,0.62,98.52,2,2.0716463414634148,1.2322863403944486,1.0743801652892562,2
38.0,3.0,8.42,4.5,7.0,2.0,19.0,1.0,9.88,0.46,31.95,0,1.8304347826086957,1.15962441314554,9.047619047619047,1
42.0,4.0,10.45,5.34,2.0,7.0,9.0,5.0,13.37,1.46,66.6,1,1.9209558823529411,1.2672985781990522,1.267605633802817,1
29.0,0.0,10.0,6.05,1.0,4.0,20.0,4.0,13.88,0.4,55.76,1,1.6260162601626018,1.3742574257425744,4.878048780487806,1
29.0,10.0,7.5,4.32,2.0,11.0,24.0,9.0,9.16,0.48,59.75,1,1.6968325791855203,1.2052631578947368,2.1621621621621623,1
30.0,11.0,8.44,8.36,1.0,0.0,2.0,1.0,12.46,0.21,1.86,0,0.9976359338061466,1.4590163934426232,20.0,0
40.0,12.0,4.64,6.57,1.0,15.0,2.0,6.0,5.88,1.93,44.27,1,0.6956521739130435,1.2405063291139242,0.13245033112582782,0
26.0,8.0,11.96,6.94,7.0,11.0,27.0,3.0,13.56,0.5,71.34,2,1.6988636363636365,1.1243781094527363,2.4324324324324325,1
37.0,1.0,6.41,5.86,0.0,16.0,17.0,5.0,8.53,1.99,35.76,1,1.075503355704698,1.3102918586789554,1.0559006211180124,1
23.0,4.0,8.61,7.35,6.0,8.0,23.0,4.0,12.79,0.35,35.85,1,1.1557046979865773,1.468427095292767,2.8395061728395063,1
21.0,12.0,8.81,6.16,2.0,12.0,22.0,3.0,13.21,0.04,51.59,1,1.4073482428115016,1.4826038159371493,1.8181818181818183,1
33.0,15.0,9.61,7.81,3.0,3.0,17.0,1.0,11.49,1.79,24.17,0,1.2149178255372945,1.1833161688980434,5.483870967741935,1
32.0,15.0,12.18,8.11,3.0,3.0,3.0,6.0,13.56,1.16,49.83,1,1.4835566382460414,1.1042345276872965,0.9677419354838709,1
31.0,2.0,10.92,7.36,2.0,14.0,6.0,4.0,15.31,0.7,52.4,1,1.4638069705093835,1.3892921960072597,0.425531914893617,1
26.0,3.0,10.63,6.46,6.0,9.0,0.0,2.0,14.23,1.03,52.28,1,1.6204268292682928,1.32618825722274,0.0,1
21.0,10.0,9.27,7.91,4.0,5.0,15.0,5.0,10.9,0.52,42.66,1,1.1573033707865168,1.1632870864461047,2.9411764705882355,1
32.0,13.0,8.99,6.46,3.0,2.0,16.0,7.0,8.19,1.27,39.4,1,1.3704268292682928,0.9009900990099009,7.619047619047619,1
33.0,2.0,8.02,4.56,4.0,14.0,7.0,9.0,12.51,1.23,79.18,2,1.721030042918455,1.5406403940886702,0.49645390070921985,1
36.0,15.0,13.57,4.58,3.0,5.0,5.0,9.0,14.85,0.16,100.0,2,2.89957264957265,1.0863204096561814,0.9803921568627452,2
28.0,14.0,13.96,6.46,7.0,10.0,1.0,1.0,15.29,1.82,69.95,1,2.128048780487805,1.0874822190611664,0.09900990099009901,2
36.0,9.0,11.3,5.07,0.0,1.0,25.0,9.0,13.39,0.92,54.81,1,2.1856866537717603,1.174561403508772,22.727272727272727,2
27.0,8.0,6.28,8.08,1.0,1.0,9.0,3.0,9.89,0.39,19.51,0,0.7677261613691932,1.5501567398119123,8.181818181818182,0
21.0,10.0,5.02,5.23,1.0,0.0,16.0,2.0,6.73,0.61,20.37,0,0.9418386491557222,1.3144531250000002,160.0,0
43.0,15.0,8.15,6.15,1.0,10.0,18.0,6.0,12.42,1.73,42.66,1,1.304,1.5054545454545454,1.7821782178217822,1
32.0,9.0,12.57,7.27,7.0,4.0,27.0,9.0,16.57,0.77,79.1,2,1.7055630936227952,1.307813733228098,6.585365853658537,1
22.0,16.0,11.22,4.79,0.0,5.0,3.0,7.0,14.46,1.12,56.69,1,2.294478527607362,1.2773851590106007,0.5882352941176471,2
35.0,18.0,12.84,7.69,1.0,2.0,12.0,7.0,14.3,1.9,38.37,1,1.6482670089858793,1.1051004636785162,5.714285714285714,1
25.0,1.0,10.16,7.45,6.0,9.0,20.0,3.0,15.11,1.3,83.73,2,1.3456953642384106,1.47270955165692,2.197802197802198,1
38.0,1.0,5.3,6.72,1.0,4.0,26.0,9.0,8.26,1.35,45.9,1,0.777126099706745,1.5296296296296297,6.341463414634147,0
26.0,5.0,5.15,6.83,0.0,19.0,25.0,5.0,7.96,0.5,36.32,1,0.7431457431457432,1.516190476190476,1.3089005235602094,0
29.0,18.0,4.48,4.53,7.0,8.0,18.0,5.0,9.46,1.34,37.24,1,0.9676025917926567,2.065502183406114,2.2222222222222223,0
32.0,7.0,9.67,6.18,4.0,18.0,15.0,2.0,14.13,0.79,80.36,2,1.5398089171974523,1.4462640736949848,0.8287292817679557,1
21.0,2.0,6.43,4.43,3.0,4.0,12.0,7.0,9.26,1.82,52.09,1,1.4194260485651216,1.418070444104135,2.9268292682926833,1
34.0,13.0,11.34,5.54,0.0,11.0,29.0,2.0,12.02,0.26,52.58,1,2.0106382978723407,1.0506993006993006,2.6126126126126126,2
24.0,15.0,10.86,6.46,0.0,11.0,4.0,1.0,12.24,0.57,43.85,1,1.6554878048780488,1.1167883211678833,0.3603603603603604,1
41.0,0.0,7.18,6.87,2.0,15.0,11.0,8.0,11.89,0.13,85.56,2,1.0301291248206599,1.6332417582417584,0.728476821192053,1
23.0,2.0,5.77,7.71,1.0,6.0,6.0,8.0,10.15,0.76,50.42,1,0.7387964148527528,1.7291311754684842,0.9836065573770493,0
39.0,17.0,5.02,6.87,5.0,13.0,26.0,8.0,7.26,0.3,46.88,1,0.7202295552367288,1.4179687500000002,1.984732824427481,0
23.0,8.0,11.37,4.97,4.0,8.0,8.0,2.0,15.38,1.02,44.61,1,2.242603550295858,1.3408892763731475,0.9876543209876544,2
37.0,5.0,8.5,6.97,5.0,14.0,4.0,1.0,12.55,1.85,49.88,1,1.2022630834512025,1.4593023255813955,0.28368794326241137,1
23.0,0.0,7.24,7.78,2.0,10.0,3.0,3.0,9.15,1.34,38.51,1,0.918781725888325,1.2465940054495914,0.297029702970297,0
36.0,9.0,12.57,4.69,4.0,3.0,9.0,1.0,16.02,0.21,67.23,1,2.624217118997912,1.2644041041831098,2.903225806451613,2
31.0,5.0,9.94,8.08,1.0,10.0,15.0,7.0,11.96,0.68,62.43,1,1.2151589242053789,1.1912350597609564,1.4851485148514851,1
41.0,11.0,8.99,6.78,5.0,9.0,10.0,9.0,13.34,1.93,64.97,1,1.306686046511628,1.4675467546754675,1.098901098901099,1
36.0,3.0,11.43,4.02,7.0,5.0,28.0,0.0,13.05,0.27,59.48,1,2.774271844660195,1.131830008673027,5.490196078431373,2
29.0,12.0,12.16,6.6,1.0,16.0,8.0,1.0,15.84,1.11,59.52,1,1.8149253731343287,1.2920065252854813,0.49689440993788814,1
41.0,16.0,10.86,5.98,1.0,8.0,23.0,5.0,13.16,0.71,67.87,1,1.7861842105263157,1.2007299270072993,2.8395061728395063,1
20.0,7.0,8.4,5.48,3.0,5.0,4.0,8.0,9.54,2.0,43.03,1,1.5053763440860215,1.1223529411764706,0.7843137254901962,1
41.0,19.0,7.79,7.86,4.0,5.0,24.0,9.0,9.28,0.57,32.99,0,0.9786432160804021,1.1761723700887199,4.705882352941177,0
43.0,2.0,11.72,8.5,4.0,3.0,10.0,4.0,15.34,0.1,51.54,1,1.3627906976744186,1.2978003384094754,3.225806451612903,1
37.0,11.0,9.18,7.81,2.0,19.0,29.0,4.0,11.14,1.4,64.52,1,1.1605562579013906,1.2004310344827587,1.5183246073298429,1
37.0,6.0,11.04,8.23,7.0,10.0,8.0,2.0,14.56,0.65,78.27,2,1.325330132052821,1.3070017953321367,0.7920792079207921,1
33.0,11.0,12.9,8.54,0.0,2.0,16.0,7.0,15.56,1.32,49.08,1,1.4930555555555558,1.196923076923077,7.619047619047619,1
34.0,1.0,13.16,8.56,1.0,17.0,27.0,5.0,16.93,0.21,68.25,1,1.5196304849884525,1.2767722473604826,1.5789473684210524,1
31.0,13.0,6.78,4.57,1.0,15.0,21.0,9.0,9.75,1.05,81.56,2,1.4518201284796575,1.4171511627906976,1.390728476821192,1
23.0,4.0,5.88,6.28,5.0,15.0,10.0,1.0,8.11,0.75,43.04,1,0.9216300940438872,1.3561872909698998,0.6622516556291391,0
32.0,8.0,6.61,4.0,2.0,11.0,20.0,4.0,8.19,1.07,48.1,1,1.6121951219512198,1.2205663189269746,1.8018018018018018,1
39.0,10.0,11.51,6.53,4.0,13.0,5.0,3.0,12.02,1.71,54.25,1,1.7360482654600302,1.0353143841515935,0.3816793893129771,1
31.0,4.0,7.7,8.62,3.0,8.0,25.0,9.0,11.24,1.95,48.37,1,0.8830275229357799,1.441025641025641,3.0864197530864197,0
26.0,2.0,5.73,5.0,4.0,6.0,15.0,8.0,9.69,1.51,46.66,1,1.123529411764706,1.6620926243567753,2.459016393442623,1
30.0,16.0,4.98,7.2,3.0,13.0,18.0,3.0,6.62,1.53,30.24,0,0.6821917808219179,1.3031496062992125,1.3740458015267176,0
32.0,1.0,7.27,7.22,3.0,19.0,13.0,7.0,10.93,1.06,76.55,2,0.9931693989071039,1.4830393487109905,0.6806282722513088,0
25.0,0.0,5.36,4.8,4.0,19.0,2.0,0.0,7.08,0.19,63.24,1,1.0938775510204084,1.2967032967032968,0.10471204188481674,1
34.0,6.0,5.56,5.19,5.0,9.0,9.0,4.0,7.45,1.33,43.6,1,1.051039697542533,1.316254416961131,0.989010989010989,1
34.0,13.0,10.84,6.31,1.0,10.0,20.0,8.0,13.97,0.3,78.85,2,1.6911076443057724,1.276965265082267,1.9801980198019802,1
38.0,4.0,4.2,4.94,3.0,6.0,22.0,2.0,6.36,0.49,26.26,0,0.8333333333333334,1.4790697674418607,3.6065573770491803,0
30.0,18.0,5.18,6.92,5.0,9.0,3.0,5.0,8.83,1.42,68.84,1,0.7378917378917379,1.672348484848485,0.32967032967032966,0
42.0,10.0,12.44,6.42,2.0,18.0,21.0,9.0,17.26,1.31,87.9,2,1.9079754601226995,1.3763955342902714,1.160220994475138,1
21.0,1.0,12.45,6.6,2.0,10.0,20.0,5.0,14.05,0.63,60.84,1,1.8582089552238807,1.1195219123505977,1.9801980198019802,1
33.0,7.0,7.29,4.67,3.0,5.0,1.0,5.0,10.57,1.54,29.19,0,1.528301886792453,1.4303112313937754,0.19607843137254904,1
21.0,8.0,4.88,6.59,1.0,7.0,12.0,3.0,9.57,1.88,18.81,0,0.7294469357249627,1.921686746987952,1.6901408450704227,0
23.0,2.0,11.05,4.25,3.0,0.0,10.0,6.0,12.76,1.09,55.67,1,2.540229885057472,1.1443946188340806,100.0,2
36.0,1.0,7.6,8.41,2.0,7.0,11.0,2.0,10.07,1.36,10.5,0,0.8930669800235017,1.307792207792208,1.5492957746478875,0
22.0,6.0,4.45,5.72,6.0,4.0,0.0,5.0,5.94,0.54,29.74,0,0.7646048109965636,1.3054945054945057,0.0,0
32.0,4.0,5.58,8.28,2.0,9.0,21.0,9.0,9.15,1.94,55.65,1,0.6658711217183771,1.6109154929577467,2.307692307692308,0
28.0,4.0,5.37,7.51,4.0,9.0,20.0,4.0,9.05,0.55,20.33,0,0.7056504599211565,1.6544789762340038,2.197802197802198,0
26.0,19.0,9.89,7.83,6.0,3.0,8.0,2.0,13.55,1.77,53.795,1,1.2471626733921817,1.3563563563563563,2.5806451612903225,1
34.0,12.0,12.98,5.57,1.0,1.0,11.0,1.0,16.15,1.86,27.29,0,2.289241622574956,1.234709480122324,10.0,2
42.0,19.0,11.93,5.14,4.0,14.0,6.0,0.0,15.92,1.44,70.81,2,2.2767175572519087,1.3233582709891938,0.425531914893617,2
30.0,5.0,9.47,6.03,6.0,19.0,16.0,7.0,10.61,1.62,91.26,2,1.5448613376835238,1.108672936259143,0.8376963350785339,1
39.0,19.0,8.22,4.12,5.0,9.0,28.0,0.0,13.05,0.92,54.94,1,1.9478672985781993,1.5685096153846154,3.076923076923077,1
21.0,17.0,10.19,8.59,6.0,1.0,9.0,4.0,12.08,1.84,30.86,0,1.1726121979286537,1.173955296404276,8.181818181818182,1
34.0,1.0,8.44,5.94,5.0,5.0,14.0,4.0,9.93,1.49,52.86,1,1.3973509933774833,1.1627634660421546,2.7450980392156863,1
33.0,5.0,6.46,8.94,5.0,13.0,26.0,0.0,11.22,0.65,34.21,0,0.7146017699115045,1.7103658536585369,1.984732824427481,0
39.0,8.0,10.79,7.81,6.0,4.0,6.0,8.0,15.11,0.07,67.24,1,1.3640960809102403,1.3875114784205693,1.4634146341463417,1
41.0,2.0,12.73,4.4,6.0,1.0,18.0,4.0,16.79,1.08,62.37,1,2.828888888888889,1.308651597817615,16.363636363636363,2
30.0,0.0,7.73,7.3,0.0,13.0,13.0,8.0,9.15,1.68,36.2,1,1.0445945945945947,1.1685823754789273,0.9923664122137404,1
32.0,0.0,12.42,5.35,6.0,12.0,24.0,5.0,16.65,1.72,63.93,1,2.278899082568808,1.3298722044728435,1.9834710743801653,2
36.0,18.0,8.31,5.22,5.0,1.0,26.0,6.0,11.75,1.67,35.59,1,1.56203007518797,1.3971462544589774,23.636363636363633,1
31.0,4.0,8.01,5.28,3.0,8.0,29.0,6.0,11.94,0.43,53.795,1,1.4888475836431228,1.4722564734895192,3.5802469135802473,1
43.0,12.0,4.28,8.58,4.0,2.0,29.0,1.0,9.19,0.85,0.0,0,0.49308755760368667,2.098173515981735,13.809523809523808,0
40.0,18.0,10.95,6.5,5.0,14.0,10.0,4.0,12.73,1.23,76.04,2,1.6590909090909092,1.1520361990950228,0.7092198581560284,1
34.0,11.0,12.08,7.35,1.0,2.0,1.0,1.0,15.1,1.34,41.53,1,1.6214765100671142,1.2397372742200328,0.47619047619047616,1
35.0,15.0,10.64,5.4,7.0,11.0,0.0,3.0,14.65,0.67,60.74,1,1.9345454545454546,1.3640595903165735,0.0,1
24.0,18.0,5.51,6.61,6.0,5.0,25.0,2.0,8.24,1.39,27.65,0,0.8211624441132638,1.468805704099822,4.901960784313726,0
39.0,2.0,5.03,5.75,5.0,18.0,14.0,5.0,6.25,1.18,56.98,1,0.8598290598290599,1.2183235867446394,0.7734806629834253,0
32.0,11.0,9.73,5.61,3.0,16.0,11.0,4.0,11.18,1.13,53.33,1,1.704028021015762,1.1373346897253307,0.6832298136645962,1
38.0,4.0,8.02,5.23,7.0,5.0,8.0,0.0,11.43,1.33,45.61,1,1.5046904315196996,1.4076354679802956,1.5686274509803924,1
44.0,1.0,8.99,6.05,6.0,18.0,22.0,1.0,10.43,1.21,52.84,1,1.461788617886179,1.1474147414741473,1.2154696132596685,1
24.0,6.0,13.68,7.3,3.0,16.0,25.0,6.0,15.23,0.33,100.0,2,1.8486486486486486,1.1052249637155298,1.5527950310559004,1
22.0,12.0,11.24,5.11,7.0,15.0,28.0,8.0,13.6,1.75,100.0,2,2.1573896353166986,1.199294532627866,1.8543046357615895,2
20.0,14.0,8.12,8.83,7.0,7.0,10.0,0.0,9.92,0.48,29.46,0,0.9092945128779395,1.2068126520681266,1.4084507042253522,0
25.0,2.0,4.19,4.62,3.0,18.0,0.0,3.0,5.29,1.49,46.0,1,0.8877118644067797,1.2331002331002332,0.0,0
34.0,19.0,4.34,6.4,3.0,7.0,19.0,2.0,5.95,0.35,6.44,0,0.6676923076923077,1.3400900900900903,2.676056338028169,0
21.0,4.0,10.85,4.43,3.0,19.0,9.0,4.0,15.38,1.32,100.0,2,2.39514348785872,1.4045662100456622,0.47120418848167533,2
22.0,7.0,12.38,4.11,1.0,14.0,28.0,4.0,13.43,1.79,70.02,2,2.9406175771971497,1.0761217948717947,1.9858156028368794,2
36.0,0.0,11.08,8.61,0.0,7.0,18.0,9.0,15.18,0.02,62.28,1,1.2721010332950633,1.3577817531305902,2.535211267605634,1
44.0,7.0,8.06,8.05,2.0,2.0,26.0,5.0,12.07,1.96,26.88,0,0.988957055214724,1.4791666666666667,12.38095238095238,0
43.0,17.0,4.31,7.47,0.0,15.0,22.0,1.0,7.57,0.06,28.98,0,0.5693527080581242,1.7165532879818597,1.456953642384106,0
31.0,19.0,13.67,8.33,2.0,2.0,20.0,4.0,15.5,0.02,54.72,1,1.6215895610913404,1.1256354393609296,9.523809523809524,1
37.0,15.0,13.86,8.01,4.0,9.0,24.0,3.0,18.37,1.72,39.4,1,1.7090012330456228,1.3159025787965617,2.6373626373626373,1
34.0,17.0,9.49,7.24,6.0,7.0,10.0,0.0,12.39,1.42,42.03,1,1.29291553133515,1.2919708029197081,1.4084507042253522,1
31.0,19.0,4.71,8.24,3.0,8.0,2.0,0.0,6.4,0.21,26.58,0,0.564748201438849,1.3305613305613306,0.2469135802469136,0
35.0,11.0,9.41,5.95,4.0,11.0,26.0,0.0,12.13,1.87,44.39,1,1.5553719008264464,1.2754994742376446,2.3423423423423424,1
27.0,12.0,12.92,6.76,4.0,17.0,15.0,7.0,14.7,1.34,71.95,2,1.8833819241982508,1.129032258064516,0.8771929824561403,1
33.0,12.0,10.8,7.88,6.0,16.0,21.0,2.0,13.3,0.22,75.14,2,1.3533834586466167,1.2201834862385321,1.3043478260869563,1
32.0,9.0,11.2,4.42,2.0,7.0,9.0,8.0,14.19,1.72,56.95,1,2.47787610619469,1.2557522123893805,1.267605633802817,2
36.0,6.0,4.85,8.29,1.0,19.0,1.0,9.0,7.29,0.96,39.6,1,0.5780691299165673,1.4727272727272729,0.05235602094240837,0
40.0,13.0,5.07,4.78,4.0,10.0,18.0,1.0,8.7,0.56,17.7,0,1.0389344262295084,1.6827852998065762,1.7821782178217822,1
27.0,15.0,5.27,8.32,7.0,6.0,3.0,8.0,10.01,1.65,41.88,1,0.6258907363420427,1.8640595903165738,0.49180327868852464,0
34.0,14.0,13.04,5.56,5.0,13.0,15.0,8.0,15.43,1.48,81.04,2,2.303886925795053,1.1742770167427703,1.1450381679389314,2
33.0,11.0,9.26,5.63,4.0,9.0,5.0,3.0,12.02,1.25,66.4,1,1.6160558464223387,1.2841880341880343,0.5494505494505495,1
37.0,8.0,11.92,4.37,7.0,14.0,10.0,3.0,15.87,1.8,92.23,2,2.666666666666667,1.3202995008319467,0.7092198581560284,2
39.0,7.0,5.15,8.43,6.0,11.0,16.0,3.0,8.27,1.72,17.8,0,0.6037514654161783,1.575238095238095,1.4414414414414416,0
26.0,17.0,13.28,4.87,7.0,19.0,14.0,0.0,16.0,0.45,100.0,2,2.672032193158954,1.195814648729447,0.7329842931937173,2
22.0,17.0,12.21,7.15,4.0,16.0,21.0,4.0,16.47,1.76,87.43,2,1.6841379310344828,1.3379366368805847,1.3043478260869563,1
31.0,12.0,6.25,7.22,0.0,7.0,3.0,5.0,10.81,0.75,21.8,0,0.853825136612022,1.7023622047244096,0.4225352112676057,0
32.0,17.0,12.74,5.41,7.0,13.0,23.0,3.0,16.1,0.86,99.08,2,2.312159709618875,1.2538940809968848,1.7557251908396947,2
43.0,14.0,6.63,8.93,3.0,14.0,24.0,7.0,8.37,1.94,44.42,1,0.7342192691029901,1.2436849925705795,1.702127659574468,0
22.0,10.0,6.05,4.32,7.0,10.0,7.0,2.0,8.92,1.52,38.48,1,1.3687782805429864,1.4504065040650407,0.6930693069306931,1
39.0,16.0,6.64,7.04,1.0,11.0,23.0,8.0,9.66,0.64,58.1,1,0.9299719887955182,1.4332344213649852,2.0720720720720722,0
33.0,4.0,13.1,6.4,3.0,19.0,28.0,6.0,15.83,1.3,88.14,2,2.0153846153846153,1.1992424242424242,1.4659685863874345,2
34.0,15.0,13.16,5.23,5.0,15.0,28.0,7.0,15.21,1.08,100.0,2,2.469043151969981,1.147058823529412,1.8543046357615895,2
44.0,8.0,7.29,4.82,5.0,19.0,17.0,6.0,10.18,0.23,70.5,2,1.4817073170731707,1.3775372124492558,0.8900523560209423,1
33.0,9.0,11.05,7.69,4.0,17.0,13.0,8.0,13.84,1.78,94.68,2,1.4184852374839538,1.2412556053811659,0.7602339181286549,1
26.0,17.0,10.76,8.58,7.0,9.0,25.0,1.0,12.6,1.64,48.46,1,1.23963133640553,1.160220994475138,2.7472527472527473,1
36.0,16.0,12.07,4.54,0.0,18.0,1.0,3.0,16.68,1.56,86.51,2,2.6012931034482762,1.3705834018077239,0.055248618784530384,2
31.0,17.0,6.97,4.97,4.0,17.0,15.0,1.0,11.51,1.12,50.43,1,1.3747534516765287,1.6280056577086282,0.8771929824561403,1
39.0,6.0,9.1,8.93,1.0,0.0,21.0,7.0,12.02,0.44,34.5,0,1.0077519379844961,1.306521739130435,210.0,1
23.0,3.0,10.68,4.08,2.0,3.0,14.0,1.0,13.28,1.77,53.795,0,2.5550239234449763,1.2319109461966604,4.516129032258064,2
28.0,4.0,4.26,6.54,5.0,6.0,20.0,7.0,6.74,0.71,36.78,1,0.641566265060241,1.5458715596330277,3.278688524590164,0
25.0,15.0,7.77,6.58,0.0,0.0,5.0,5.0,11.64,0.04,14.2,0,1.1631736526946108,1.4790343074968235,50.0,1
35.0,2.0,10.96,5.32,5.0,7.0,8.0,6.0,14.39,1.96,73.2,2,2.022140221402214,1.3010849909584086,1.1267605633802817,2
44.0,17.0,6.53,7.32,1.0,16.0,11.0,5.0,9.93,1.72,38.42,1,0.8800539083557952,1.497737556561086,0.6832298136645962,0
41.0,13.0,13.58,8.72,1.0,7.0,9.0,8.0,15.08,1.25,61.33,1,1.5396825396825395,1.1023391812865497,1.267605633802817,1
41.0,14.0,4.3,6.25,7.0,4.0,6.0,3.0,7.77,0.02,15.76,0,0.6771653543307087,1.765909090909091,1.4634146341463417,0
40.0,16.0,13.58,7.75,5.0,0.0,4.0,0.0,18.19,0.46,46.44,1,1.7299363057324841,1.3296783625730995,40.0,1
40.0,0.0,6.17,7.23,4.0,14.0,25.0,8.0,7.51,0.9,48.96,1,0.8417462482946794,1.1977671451355663,1.773049645390071,0
21.0,16.0,4.49,6.36,5.0,3.0,22.0,9.0,6.85,1.26,33.18,0,0.695046439628483,1.4923747276688453,7.096774193548387,0
43.0,10.0,6.92,4.25,7.0,6.0,14.0,7.0,9.96,1.42,54.23,1,1.5908045977011496,1.418803418803419,2.295081967213115,1
27.0,16.0,11.86,7.71,4.0,13.0,26.0,0.0,15.6,1.58,44.31,1,1.5185659411011523,1.3043478260869565,1.984732824427481,1
30.0,13.0,11.52,5.82,5.0,11.0,11.0,9.0,12.88,1.11,83.88,2,1.9459459459459458,1.1084337349397593,0.990990990990991,1
32.0,19.0,6.09,5.12,4.0,2.0,0.0,5.0,10.58,1.31,24.51,0,1.1666666666666667,1.7092084006462036,0.0,1
36.0,18.0,5.97,8.74,7.0,19.0,9.0,9.0,7.13,1.62,75.49,2,0.675339366515837,1.1746293245469523,0.47120418848167533,0
27.0,6.0,10.43,7.87,2.0,17.0,10.0,3.0,14.86,1.44,71.84,2,1.3086574654956085,1.4112060778727447,0.5847953216374269,1
40.0,12.0,8.58,8.81,3.0,7.0,26.0,1.0,9.69,1.91,7.92,0,0.9629629629629629,1.1163594470046083,3.6619718309859155,0
37.0,17.0,11.92,5.28,3.0,1.0,22.0,2.0,13.53,1.75,45.67,1,2.2156133828996283,1.1256239600665556,20.0,2
37.0,13.0,4.24,8.18,4.0,5.0,19.0,8.0,8.44,0.34,25.98,0,0.5120772946859904,1.944700460829493,3.7254901960784315,0
33.0,0.0,10.1,7.04,4.0,6.0,4.0,4.0,14.54,1.89,36.1,1,1.4145658263305323,1.4254901960784314,0.6557377049180328,1
34.0,6.0,11.31,8.91,6.0,6.0,12.0,6.0,16.24,0.41,62.32,1,1.2552719200887903,1.4233128834355826,1.9672131147540985,1
25.0,10.0,13.93,8.73,6.0,12.0,17.0,1.0,15.39,1.98,68.52,1,1.5775764439411097,1.0969351389878832,1.4049586776859504,1
30.0,17.0,8.99,8.86,2.0,0.0,9.0,7.0,13.9,1.4,9.89,0,1.0033482142857144,1.5291529152915293,90.0,1
32.0,8.0,6.32,8.76,7.0,7.0,20.0,2.0,7.63,1.26,34.31,0,0.7133182844243793,1.1884735202492211,2.8169014084507045,0
44.0,0.0,5.08,4.04,3.0,12.0,24.0,0.0,6.71,0.65,43.1,1,1.2270531400966185,1.2953667953667953,1.9834710743801653,1
20.0,16.0,8.99,7.71,2.0,19.0,16.0,7.0,12.11,0.27,82.6,2,1.151088348271447,1.3322332233223322,0.8376963350785339,1
25.0,18.0,9.23,5.36,6.0,18.0,18.0,8.0,10.48,0.25,86.68,2,1.6904761904761905,1.1232583065380493,0.9944751381215469,1
28.0,5.0,12.99,7.53,6.0,16.0,3.0,7.0,17.56,1.02,96.07,2,1.7024901703800788,1.3414820473644002,0.18633540372670807,1
27.0,2.0,11.27,8.9,1.0,12.0,8.0,0.0,12.78,0.86,35.9,1,1.2522222222222221,1.1240105540897098,0.6611570247933884,1
30.0,4.0,9.1,4.2,5.0,15.0,17.0,6.0,12.62,1.12,93.8,2,2.116279069767442,1.3717391304347826,1.1258278145695364,2
41.0,1.0,8.04,6.83,6.0,14.0,15.0,6.0,11.54,1.86,70.56,2,1.1601731601731602,1.4176904176904177,1.0638297872340425,1
38.0,19.0,8.04,7.67,3.0,10.0,6.0,3.0,9.83,1.02,42.17,1,1.0347490347490347,1.2076167076167077,0.594059405940594,1
43.0,3.0,6.26,5.27,4.0,11.0,24.0,7.0,11.25,1.53,45.52,1,1.165735567970205,1.768867924528302,2.1621621621621623,1
28.0,9.0,4.17,5.13,7.0,2.0,11.0,4.0,6.56,0.94,30.59,0,0.7973231357552581,1.5362997658079627,5.238095238095238,0
36.0,9.0,9.75,4.3,0.0,8.0,25.0,3.0,14.37,0.43,62.32,1,2.2159090909090913,1.4588832487309644,3.0864197530864197,2
31.0,10.0,6.12,4.47,6.0,13.0,3.0,4.0,10.91,1.71,50.83,1,1.339168490153173,1.7540192926045017,0.22900763358778625,1
44.0,15.0,6.08,7.28,1.0,6.0,20.0,1.0,10.88,1.36,15.59,0,0.8238482384823849,1.760517799352751,3.278688524590164,0
33.0,16.0,5.25,6.53,5.0,10.0,27.0,3.0,9.26,0.19,33.38,0,0.7918552036199095,1.7308411214953272,2.6732673267326734,0
34.0,15.0,5.9,4.15,0.0,9.0,11.0,9.0,7.92,1.08,35.08,1,1.3882352941176472,1.32,1.208791208791209,1
35.0,6.0,4.32,6.46,2.0,2.0,11.0,7.0,5.8,1.7,0.0,0,0.6585365853658537,1.3122171945701357,5.238095238095238,0
41.0,15.0,10.74,7.28,5.0,18.0,14.0,6.0,14.02,0.13,89.49,2,1.4552845528455285,1.2933579335793357,0.7734806629834253,1
41.0,2.0,8.01,6.58,2.0,1.0,3.0,7.0,10.45,0.83,51.81,1,1.1991017964071857,1.2885326757090012,2.727272727272727,1
39.0,15.0,9.62,5.36,2.0,16.0,11.0,6.0,13.94,1.61,62.94,1,1.7619047619047619,1.4341563786008231,0.6832298136645962,1
32.0,7.0,10.37,7.29,4.0,1.0,22.0,6.0,14.35,1.72,34.04,0,1.4032476319350473,1.3705826170009552,20.0,1
29.0,11.0,13.72,5.82,2.0,15.0,7.0,6.0,15.83,1.55,92.57,2,2.3175675675675675,1.1454413892908828,0.4635761589403974,2
32.0,10.0,4.68,7.51,6.0,16.0,23.0,1.0,5.75,0.61,37.68,1,0.6149802890932983,1.202928870292887,1.4285714285714284,0
37.0,16.0,8.18,7.41,0.0,9.0,29.0,2.0,10.13,1.01,33.07,1,1.0892143808255659,1.2234299516908214,3.186813186813187,1
20.0,17.0,6.46,4.46,1.0,3.0,29.0,0.0,9.73,1.48,20.24,0,1.4166666666666667,1.4832317073170733,9.35483870967742,1
32.0,10.0,8.99,8.55,7.0,10.0,2.0,1.0,10.09,0.31,44.92,1,1.039306358381503,1.11001100110011,0.19801980198019803,1
20.0,3.0,13.2,6.43,6.0,16.0,15.0,9.0,16.83,1.19,100.0,2,2.021439509954058,1.2654135338345864,0.9316770186335402,2
20.0,15.0,11.24,5.96,4.0,11.0,1.0,5.0,14.93,1.44,58.89,1,1.854785478547855,1.31657848324515,0.0900900900900901,1
28.0,16.0,10.62,8.78,1.0,9.0,5.0,1.0,12.3,1.7,28.3,0,1.195945945945946,1.1473880597014927,0.5494505494505495,1
32.0,8.0,8.41,6.19,2.0,15.0,27.0,0.0,11.8,0.22,62.81,1,1.3370429252782194,1.3866039952996476,1.7880794701986755,1
20.0,5.0,10.71,7.61,3.0,3.0,16.0,7.0,14.14,0.66,57.52,1,1.389105058365759,1.3080481036077707,5.161290322580645,1
32.0,19.0,4.32,7.28,5.0,2.0,11.0,8.0,7.23,1.08,27.87,0,0.5853658536585367,1.6357466063348418,5.238095238095238,0
39.0,1.0,9.86,4.83,4.0,8.0,8.0,6.0,14.67,1.4,56.26,1,2.0,1.4728915662650603,0.9876543209876544,1
41.0,8.0,9.54,8.96,2.0,5.0,15.0,2.0,10.97,1.46,16.52,0,1.052980132450331,1.1379668049792533,2.9411764705882355,1
26.0,5.0,7.47,6.32,4.0,11.0,6.0,0.0,10.1,0.51,28.78,0,1.1635514018691588,1.334214002642008,0.5405405405405406,1
21.0,2.0,6.02,5.97,3.0,0.0,7.0,3.0,10.55,0.03,2.72,0,0.9917627677100495,1.7238562091503271,70.0,0
25.0,19.0,12.08,8.6,7.0,13.0,6.0,9.0,14.63,1.39,83.36,2,1.3885057471264368,1.2011494252873565,0.4580152671755725,1
26.0,5.0,4.54,6.65,0.0,9.0,20.0,2.0,7.24,1.82,7.1,0,0.6725925925925926,1.560344827586207,2.197802197802198,0
33.0,6.0,4.7,7.53,6.0,9.0,4.0,2.0,8.37,1.6,39.23,1,0.6159895150720839,1.74375,0.43956043956043955,0
37.0,0.0,8.41,8.23,0.0,12.0,22.0,1.0,12.07,1.24,40.29,1,1.0096038415366146,1.4183313748531141,1.8181818181818183,1
34.0,0.0,6.53,5.18,5.0,8.0,6.0,9.0,7.62,1.96,48.87,1,1.2367424242424245,1.149321266968326,0.7407407407407408,1
21.0,4.0,11.45,4.85,0.0,18.0,17.0,2.0,14.27,0.87,87.99,2,2.313131313131313,1.2354978354978357,0.9392265193370165,2
29.0,5.0,10.34,4.34,7.0,3.0,17.0,4.0,12.67,1.05,66.24,1,2.3288288288288292,1.21360153256705,5.483870967741935,2
42.0,12.0,11.73,8.49,6.0,2.0,15.0,3.0,15.24,0.02,63.81,1,1.3655413271245636,1.2882502113271344,7.142857142857142,1
31.0,1.0,7.25,5.0,6.0,5.0,6.0,0.0,10.47,1.89,17.41,0,1.4215686274509804,1.4244897959183676,1.1764705882352942,1
36.0,14.0,11.41,5.54,7.0,8.0,20.0,0.0,15.01,1.02,70.77,2,2.023049645390071,1.3040834057341442,2.469135802469136,2
27.0,14.0,8.99,5.43,3.0,9.0,1.0,0.0,16.24,0.78,54.73,1,1.6256781193490057,1.7865786578657865,0.10989010989010989,1
30.0,12.0,7.45,5.52,1.0,8.0,16.0,9.0,9.47,0.09,51.77,1,1.325622775800712,1.2543046357615895,1.9753086419753088,1
22.0,13.0,7.4,7.34,4.0,16.0,24.0,8.0,9.39,0.72,73.45,1,0.9946236559139786,1.252,1.4906832298136645,0
25.0,6.0,13.0,8.77,3.0,9.0,26.0,8.0,15.48,0.01,69.38,1,1.4656144306651635,1.1816793893129771,2.857142857142857,1
28.0,13.0,4.5,5.65,3.0,5.0,7.0,8.0,6.47,0.65,40.94,1,0.782608695652174,1.4065217391304348,1.3725490196078431,0
25.0,9.0,7.5,6.04,2.0,15.0,1.0,9.0,11.23,1.9,73.25,2,1.221498371335505,1.4776315789473686,0.06622516556291391,1
28.0,16.0,5.19,7.86,7.0,16.0,17.0,5.0,8.6,0.31,52.9,1,0.6520100502512564,1.6257088846880907,1.0559006211180124,0
26.0,13.0,4.29,6.16,0.0,10.0,18.0,3.0,6.16,1.09,19.8,0,0.6853035143769969,1.4031890660592257,1.7821782178217822,0
28.0,7.0,5.13,8.63,4.0,19.0,19.0,9.0,9.67,0.37,74.08,2,0.5876288659793814,1.8489483747609945,0.9947643979057591,0
37.0,3.0,8.31,6.52,6.0,6.0,8.0,6.0,11.15,1.57,53.9,1,1.2552870090634443,1.3258026159334126,1.3114754098360657,1
31.0,15.0,10.87,5.74,5.0,3.0,11.0,2.0,12.38,1.12,46.34,1,1.8613013698630136,1.1285323609845033,3.5483870967741935,1
27.0,12.0,6.89,8.86,1.0,9.0,21.0,9.0,8.74,0.4,42.73,1,0.7689732142857143,1.2503576537911303,2.307692307692308,0
32.0,19.0,12.5,6.13,6.0,13.0,18.0,2.0,15.66,1.73,64.49,1,2.0064205457463884,1.2428571428571429,1.3740458015267176,2
37.0,17.0,8.38,5.16,4.0,16.0,29.0,3.0,10.73,1.57,52.77,1,1.5931558935361219,1.2653301886792452,1.8012422360248446,1
39.0,13.0,13.68,4.89,2.0,13.0,7.0,5.0,18.08,1.9,79.79,2,2.7414829659318642,1.3120464441219157,0.5343511450381679,2
34.0,17.0,13.54,8.98,4.0,19.0,21.0,0.0,16.52,0.0,73.25,2,1.4911894273127753,1.2111436950146628,1.0994764397905759,1
26.0,4.0,11.73,7.76,2.0,12.0,7.0,2.0,16.39,0.91,45.56,1,1.4923664122137406,1.385460693153001,0.578512396694215,1
30.0,8.0,13.32,6.04,1.0,1.0,9.0,4.0,14.73,2.0,39.27,1,2.1693811074918568,1.0976154992548435,8.181818181818182,2
39.0,2.0,11.07,8.13,4.0,8.0,27.0,3.0,14.74,1.62,58.48,1,1.3450789793438638,1.3196060877350044,3.3333333333333335,1
35.0,7.0,12.96,6.73,1.0,2.0,17.0,7.0,17.5,1.66,48.49,1,1.897510980966325,1.339969372128637,8.095238095238095,1
23.0,19.0,6.36,5.59,1.0,3.0,14.0,8.0,8.53,1.24,43.49,1,1.1177504393673112,1.3204334365325077,4.516129032258064,1
25.0,9.0,7.45,7.72,0.0,11.0,23.0,7.0,8.99,1.43,35.82,1,0.952685421994885,1.190728476821192,2.0720720720720722,0
41.0,18.0,11.53,7.73,7.0,14.0,10.0,8.0,14.36,1.61,86.57,2,1.4725415070242656,1.234737747205503,0.7092198581560284,1
22.0,2.0,8.25,6.5,4.0,19.0,20.0,7.0,13.1,0.18,73.21,2,1.25,1.5688622754491017,1.0471204188481675,1
28.0,10.0,12.37,4.23,0.0,7.0,25.0,9.0,15.9,1.39,80.94,2,2.8568129330254037,1.2750601443464316,3.5211267605633805,2
29.0,10.0,12.78,4.39,6.0,17.0,13.0,0.0,16.36,1.63,100.0,2,2.846325167037862,1.2701863354037268,0.7602339181286549,2
33.0,16.0,7.0,7.94,0.0,4.0,14.0,6.0,10.69,0.08,21.86,0,0.8706467661691542,1.5056338028169014,3.414634146341464,0
30.0,15.0,12.23,8.12,6.0,1.0,13.0,8.0,13.39,0.59,60.78,1,1.4878345498783458,1.0859691808596919,11.818181818181817,1
37.0,6.0,5.54,7.39,5.0,8.0,11.0,0.0,8.32,0.65,9.01,0,0.7396528704939921,1.4751773049645391,1.3580246913580247,0
41.0,3.0,7.34,8.2,0.0,13.0,3.0,5.0,8.65,1.71,59.34,1,0.8843373493975905,1.1626344086021507,0.22900763358778625,0
31.0,18.0,9.18,7.6,3.0,0.0,2.0,0.0,11.44,1.56,26.29,0,1.1922077922077923,1.2327586206896552,20.0,1
42.0,11.0,6.26,8.48,2.0,19.0,11.0,9.0,10.55,1.31,50.51,1,0.7296037296037295,1.6588050314465412,0.5759162303664921,0
31.0,14.0,9.79,4.75,2.0,3.0,24.0,1.0,13.42,1.61,33.33,0,2.0185567010309278,1.3569261880687564,7.741935483870967,2
32.0,10.0,9.79,5.94,3.0,16.0,25.0,4.0,14.77,0.91,74.85,2,1.6208609271523178,1.4934277047522753,1.5527950310559004,1
44.0,4.0,6.07,6.32,6.0,9.0,6.0,7.0,7.76,1.75,47.99,1,0.9454828660436138,1.2576985413290114,0.6593406593406593,0
32.0,10.0,11.96,5.49,6.0,1.0,6.0,7.0,14.55,0.47,61.24,1,2.1395348837209305,1.2064676616915424,5.454545454545454,2
38.0,14.0,10.32,7.63,7.0,5.0,21.0,9.0,14.56,1.41,55.36,1,1.3350582147477361,1.397312859884837,4.11764705882353,1
38.0,17.0,7.18,8.56,1.0,18.0,24.0,3.0,9.04,0.48,33.94,0,0.8290993071593533,1.2417582417582418,1.3259668508287292,0
42.0,10.0,6.32,6.06,4.0,8.0,18.0,6.0,7.93,0.08,59.2,1,1.0259740259740262,1.2352024922118379,2.2222222222222223,1
33.0,10.0,12.79,8.71,4.0,18.0,13.0,6.0,15.5,0.57,94.89,2,1.4517593643586832,1.2024825446082235,0.718232044198895,1
23.0,1.0,12.36,6.58,4.0,18.0,0.0,8.0,14.89,0.99,100.0,2,1.8502994011976048,1.195024077046549,0.0,1
32.0,19.0,6.3,6.61,0.0,8.0,6.0,8.0,11.22,1.69,26.53,0,0.9388971684053651,1.7531250000000003,0.7407407407407408,0
27.0,14.0,4.36,7.0,4.0,2.0,24.0,2.0,7.19,1.02,9.7,0,0.6140845070422536,1.6121076233183858,11.428571428571429,0
42.0,19.0,12.05,5.34,4.0,9.0,21.0,7.0,16.49,0.36,77.45,2,2.215073529411765,1.3572016460905347,2.307692307692308,2
40.0,3.0,10.16,5.92,6.0,5.0,9.0,4.0,14.71,1.99,54.88,1,1.6877076411960135,1.4337231968810917,1.7647058823529413,1
42.0,17.0,5.01,6.77,4.0,16.0,17.0,4.0,6.64,0.54,53.37,1,0.7292576419213974,1.2994129158512722,1.0559006211180124,0
38.0,5.0,9.87,8.71,2.0,12.0,12.0,7.0,13.73,1.97,85.63,2,1.1203178206583426,1.3771313941825478,0.9917355371900827,1
31.0,18.0,8.52,7.21,3.0,12.0,7.0,5.0,10.63,1.87,80.99,2,1.1655266757865936,1.2331786542923435,0.578512396694215,1
32.0,10.0,11.75,5.67,5.0,6.0,8.0,9.0,13.13,1.08,83.26,2,2.0363951473136916,1.1080168776371309,1.3114754098360657,2
25.0,1.0,6.09,6.46,6.0,8.0,25.0,9.0,10.59,0.18,84.5,2,0.9283536585365854,1.7108239095315025,3.0864197530864197,0
37.0,7.0,8.53,8.91,1.0,17.0,14.0,0.0,10.7,1.39,27.44,0,0.9467258601553828,1.2398609501738123,0.8187134502923976,0
38.0,10.0,5.56,6.46,3.0,0.0,7.0,3.0,7.94,1.69,7.52,0,0.8475609756097561,1.402826855123675,70.0,0
41.0,4.0,13.58,8.69,4.0,19.0,24.0,8.0,15.88,0.89,90.72,2,1.5449374288964735,1.1608187134502925,1.256544502617801,1
24.0,17.0,11.79,6.75,1.0,12.0,0.0,4.0,13.59,1.02,70.07,2,1.7211678832116788,1.1429772918418841,0.0,1
43.0,17.0,11.37,7.03,1.0,7.0,2.0,3.0,14.11,1.61,50.94,1,1.5946704067321178,1.2301656495204882,0.28169014084507044,1
28.0,13.0,10.9,7.56,3.0,8.0,18.0,9.0,13.61,1.09,90.8,2,1.4229765013054831,1.2372727272727273,2.2222222222222223,1
32.0,9.0,8.23,5.6,3.0,0.0,29.0,0.0,10.87,0.4,13.44,0,1.4438596491228073,1.3049219687875149,290.0,1
29.0,2.0,13.23,7.49,3.0,8.0,8.0,8.0,17.9,1.9,85.95,2,1.7430830039525693,1.3428357089272316,0.9876543209876544,1
38.0,8.0,4.73,6.63,6.0,19.0,18.0,7.0,7.09,1.9,54.5,1,0.7028231797919763,1.4679089026915113,0.9424083769633507,0
22.0,2.0,12.03,7.36,6.0,10.0,14.0,2.0,13.15,0.73,59.48,1,1.6126005361930293,1.0840890354492994,1.3861386138613863,1
32.0,10.0,6.15,8.18,5.0,19.0,13.0,8.0,7.86,0.13,67.02,1,0.7427536231884059,1.2576,0.6806282722513088,0
34.0,11.0,7.24,4.92,3.0,3.0,25.0,0.0,11.13,1.26,42.03,1,1.4422310756972114,1.516348773841962,8.064516129032258,1
20.0,11.0,9.19,7.07,5.0,15.0,0.0,3.0,12.55,0.63,43.91,1,1.2817294281729428,1.350914962325081,0.0,1
26.0,2.0,11.83,4.26,0.0,13.0,2.0,4.0,16.64,0.13,83.98,2,2.713302752293578,1.3948030176026824,0.15267175572519084,2
31.0,6.0,12.39,4.51,7.0,19.0,1.0,3.0,16.17,1.78,100.0,2,2.687635574837311,1.2946357085668536,0.05235602094240837,2
36.0,13.0,9.84,7.37,2.0,17.0,24.0,3.0,11.62,2.0,47.05,1,1.3172690763052208,1.1690140845070423,1.4035087719298245,1
40.0,10.0,8.03,4.35,7.0,8.0,29.0,8.0,9.51,0.7,78.58,2,1.8044943820224721,1.1697416974169743,3.5802469135802473,1
43.0,6.0,13.47,6.98,5.0,0.0,0.0,4.0,16.55,1.49,46.75,1,1.902542372881356,1.2196020633750921,0.0,1
39.0,9.0,6.47,5.1,2.0,2.0,26.0,0.0,10.13,0.13,38.93,1,1.2442307692307693,1.5418569254185694,12.38095238095238,1
24.0,10.0,12.03,5.52,4.0,19.0,17.0,6.0,13.69,0.74,85.48,2,2.1405693950177938,1.1286067600989282,0.8900523560209423,2
23.0,14.0,10.12,4.65,0.0,0.0,0.0,5.0,13.53,0.22,51.69,1,2.1305263157894734,1.3238747553816048,0.0,2
31.0,18.0,7.77,5.24,1.0,2.0,8.0,8.0,12.23,0.11,43.02,1,1.4550561797752808,1.5540025412960612,3.8095238095238093,1
39.0,15.0,4.01,8.11,4.0,13.0,6.0,3.0,7.92,1.18,21.31,0,0.48842874543239956,1.9270072992700733,0.4580152671755725,0
43.0,19.0,8.47,7.19,4.0,13.0,29.0,5.0,12.13,1.6,63.7,1,1.1618655692729767,1.4154025670945158,2.213740458015267,1
37.0,11.0,6.77,8.75,1.0,12.0,12.0,5.0,10.93,0.91,46.4,1,0.7649717514124293,1.5909752547307134,0.9917355371900827,0
36.0,17.0,5.04,4.24,6.0,0.0,16.0,9.0,6.46,1.05,43.94,1,1.1612903225806452,1.2568093385214008,160.0,1
38.0,12.0,4.75,7.96,2.0,14.0,12.0,6.0,6.57,0.54,25.15,0,0.5893300248138957,1.354639175257732,0.851063829787234,0
28.0,4.0,7.48,7.5,1.0,19.0,12.0,3.0,8.63,1.47,52.86,1,0.9842105263157895,1.1385224274406334,0.6282722513089005,0
23.0,3.0,10.15,5.3,7.0,6.0,9.0,8.0,11.73,0.72,78.77,2,1.87962962962963,1.1443902439024392,1.4754098360655739,1
40.0,13.0,12.38,7.65,3.0,15.0,27.0,0.0,17.03,0.13,77.17,2,1.5974193548387097,1.3645833333333335,1.7880794701986755,1
21.0,7.0,5.84,7.58,3.0,19.0,5.0,0.0,7.73,0.33,44.71,1,0.7604166666666666,1.3013468013468015,0.2617801047120419,0
23.0,8.0,8.25,6.3,7.0,0.0,4.0,2.0,11.9,0.26,19.67,0,1.2890625,1.4251497005988025,40.0,1
21.0,10.0,7.92,7.44,5.0,14.0,9.0,5.0,11.69,0.87,79.38,2,1.0503978779840848,1.4576059850374066,0.6382978723404256,1
34.0,2.0,9.13,6.22,5.0,9.0,13.0,4.0,12.71,0.13,91.67,2,1.4446202531645573,1.3770314192849404,1.4285714285714286,1
21.0,4.0,12.1,5.68,6.0,14.0,10.0,0.0,15.32,1.61,75.09,2,2.0934256055363325,1.255737704918033,0.7092198581560284,2
23.0,17.0,9.54,6.33,2.0,18.0,4.0,4.0,12.48,1.82,68.31,1,1.483670295489891,1.294605809128631,0.22099447513812154,1
25.0,0.0,12.47,8.48,3.0,5.0,3.0,5.0,15.15,0.5,60.81,1,1.4533799533799534,1.2052505966587113,0.5882352941176471,1
26.0,7.0,9.19,5.92,0.0,5.0,2.0,3.0,13.86,0.97,48.11,1,1.526578073089701,1.4919268030139936,0.3921568627450981,1
29.0,10.0,10.04,6.02,4.0,0.0,13.0,6.0,11.08,1.04,60.67,1,1.6405228758169936,1.0927021696252466,130.0,1
38.0,16.0,8.37,7.04,2.0,15.0,12.0,2.0,9.58,1.97,49.31,1,1.172268907563025,1.131050767414404,0.794701986754967,1
38.0,16.0,12.23,7.76,2.0,17.0,23.0,4.0,12.02,0.13,85.95,2,1.5559796437659035,0.9748580697485807,1.3450292397660817,1
41.0,10.0,13.24,7.67,1.0,12.0,22.0,5.0,15.56,1.34,71.96,2,1.703989703989704,1.1664167916041979,1.8181818181818183,1
31.0,1.0,10.39,4.1,2.0,11.0,4.0,6.0,13.02,0.69,100.0,2,2.4738095238095243,1.2411820781696854,0.3603603603603604,2
22.0,5.0,12.21,7.44,6.0,17.0,11.0,9.0,17.2,1.0,79.04,2,1.6193633952254642,1.397238017871649,0.6432748538011696,1
32.0,13.0,4.59,6.25,7.0,9.0,24.0,1.0,8.69,0.43,24.34,0,0.7228346456692913,1.8528784648187635,2.6373626373626373,0
37.0,2.0,13.06,6.62,4.0,13.0,27.0,4.0,17.57,0.32,75.41,2,1.9434523809523812,1.3351063829787233,2.0610687022900764,1
32.0,11.0,5.89,6.81,0.0,19.0,22.0,6.0,12.02,0.49,76.94,2,0.8523878437047757,2.006677796327212,1.1518324607329842,0
40.0,3.0,6.57,7.66,1.0,10.0,9.0,6.0,8.53,0.14,39.48,1,0.8466494845360826,1.2788605697151423,0.8910891089108911,0
34.0,11.0,4.53,8.16,4.0,17.0,14.0,2.0,8.6,0.56,15.37,0,0.5484261501210654,1.857451403887689,0.8187134502923976,0
20.0,12.0,13.65,7.23,7.0,11.0,6.0,7.0,17.88,1.38,53.795,2,1.8622100954979537,1.3003636363636364,0.5405405405405406,1
22.0,1.0,12.52,6.82,4.0,16.0,6.0,0.0,15.72,1.3,80.57,2,1.8092485549132948,1.2456418383518226,0.37267080745341613,1
27.0,1.0,13.13,5.87,5.0,2.0,3.0,3.0,17.71,1.11,60.12,1,2.1993299832495814,1.3386243386243386,1.4285714285714286,2
23.0,14.0,12.47,4.69,2.0,0.0,11.0,2.0,17.34,0.0,52.76,1,2.603340292275574,1.3794749403341289,110.0,2
35.0,16.0,8.8,8.79,6.0,0.0,27.0,3.0,11.68,0.25,30.83,0,0.9898762654668168,1.3123595505617978,270.0,0
42.0,6.0,13.24,6.31,3.0,5.0,23.0,5.0,15.13,1.69,84.12,2,2.0655226209048365,1.1341829085457271,4.509803921568627,2
29.0,13.0,13.69,6.83,5.0,18.0,3.0,7.0,16.76,0.54,100.0,2,1.9754689754689754,1.2153734590282816,0.16574585635359115,1
31.0,11.0,9.03,7.76,3.0,3.0,6.0,3.0,13.99,1.82,18.05,0,1.1488549618320612,1.5323110624315446,1.9354838709677418,1
33.0,16.0,5.76,4.34,4.0,12.0,19.0,7.0,7.93,1.75,58.84,1,1.2972972972972974,1.3532423208191127,1.5702479338842976,1
33.0,13.0,10.59,8.28,0.0,11.0,12.0,0.0,14.06,0.31,55.98,1,1.2637231503579953,1.3152478952291862,1.0810810810810811,1
21.0,5.0,13.75,7.99,3.0,7.0,7.0,7.0,17.53,1.8,71.14,2,1.6996291718170582,1.2657039711191338,0.9859154929577465,1
42.0,18.0,12.72,7.87,6.0,19.0,13.0,9.0,14.58,1.26,97.1,2,1.5959849435382687,1.1372854914196568,0.6806282722513088,1
24.0,5.0,12.62,4.11,4.0,6.0,29.0,1.0,15.97,1.26,52.09,1,2.9976247030878858,1.2555031446540883,4.754098360655738,2
24.0,17.0,13.34,6.63,1.0,6.0,2.0,5.0,15.6,1.71,63.18,1,1.9821693907875186,1.1607142857142858,0.3278688524590164,1
25.0,4.0,12.94,4.27,2.0,6.0,1.0,5.0,17.36,0.81,72.62,2,2.961098398169337,1.3312883435582823,0.1639344262295082,2
32.0,5.0,11.76,6.75,0.0,13.0,9.0,2.0,15.62,1.47,54.32,1,1.7167883211678834,1.3170320404721754,0.6870229007633588,1
28.0,1.0,11.18,7.59,7.0,17.0,5.0,4.0,15.49,1.34,81.15,2,1.4538361508452535,1.37322695035461,0.29239766081871343,1
41.0,7.0,6.65,4.61,6.0,18.0,22.0,1.0,8.45,1.54,51.36,1,1.4118895966029725,1.2518518518518518,1.2154696132596685,1
34.0,14.0,10.21,7.47,6.0,19.0,6.0,7.0,11.35,1.32,98.49,2,1.348745046235139,1.1008729388942773,0.31413612565445026,1
33.0,14.0,8.99,6.25,0.0,18.0,15.0,7.0,13.61,0.16,76.54,2,1.415748031496063,1.4972497249724972,0.8287292817679557,1
43.0,10.0,12.62,8.06,1.0,17.0,5.0,4.0,15.17,0.59,95.77,2,1.5465686274509802,1.1926100628930818,0.29239766081871343,1
26.0,0.0,8.92,6.67,0.0,5.0,15.0,6.0,10.64,1.88,46.85,1,1.3175775480059084,1.1796008869179602,2.9411764705882355,1
44.0,17.0,5.28,5.68,4.0,15.0,26.0,7.0,6.65,0.45,59.67,1,0.9134948096885814,1.2360594795539035,1.7218543046357617,0
39.0,11.0,4.05,5.66,0.0,2.0,23.0,3.0,7.12,0.94,0.0,0,0.703125,1.71566265060241,10.952380952380953,0
21.0,11.0,10.78,8.49,0.0,1.0,11.0,1.0,12.38,0.71,28.02,0,1.2549476135040745,1.1378676470588236,10.0,1
26.0,10.0,9.5,6.26,0.0,14.0,21.0,4.0,12.77,0.17,66.34,1,1.4937106918238996,1.3302083333333334,1.4893617021276595,1
25.0,7.0,7.31,6.03,7.0,19.0,14.0,6.0,11.22,0.36,73.63,1,1.1924959216965743,1.5141700404858303,0.7329842931937173,1
36.0,6.0,5.69,4.2,4.0,10.0,21.0,3.0,8.83,0.57,34.34,0,1.3232558139534885,1.5250431778929188,2.0792079207920793,1
44.0,1.0,8.67,5.82,5.0,18.0,2.0,3.0,13.28,0.93,70.29,2,1.464527027027027,1.5142531356898519,0.11049723756906077,1
44.0,10.0,5.0,8.25,2.0,17.0,27.0,3.0,6.62,1.75,32.59,0,0.5988023952095809,1.2980392156862746,1.5789473684210524,0
21.0,9.0,7.36,7.8,3.0,10.0,15.0,8.0,10.34,1.03,52.05,1,0.9316455696202532,1.386058981233244,1.4851485148514851,0
22.0,2.0,7.79,5.1,5.0,2.0,17.0,8.0,9.44,1.3,50.08,1,1.4980769230769233,1.1964512040557669,8.095238095238095,1
24.0,19.0,8.66,6.07,0.0,3.0,14.0,9.0,13.16,0.85,59.72,1,1.4035656401944896,1.5022831050228311,4.516129032258064,1
24.0,9.0,8.67,4.98,1.0,5.0,22.0,7.0,13.4,1.74,41.37,1,1.7066929133858266,1.5279361459521095,4.313725490196079,1
20.0,17.0,6.57,8.77,6.0,11.0,5.0,7.0,9.17,1.33,65.08,1,0.7406989853438558,1.3748125937031483,0.45045045045045046,0
27.0,13.0,12.5,6.99,1.0,3.0,16.0,6.0,14.72,0.18,42.97,1,1.763046544428773,1.1682539682539683,5.161290322580645,1
31.0,17.0,7.56,7.77,4.0,11.0,1.0,0.0,9.68,0.96,24.63,0,0.9606099110546379,1.2637075718015667,0.0900900900900901,0
43.0,7.0,6.3,7.57,2.0,9.0,1.0,7.0,10.74,1.65,12.04,0,0.8213820078226858,1.678125,0.10989010989010989,0
23.0,9.0,5.76,8.37,0.0,1.0,16.0,3.0,9.49,1.47,1.18,0,0.680047225501771,1.619453924914676,14.545454545454545,0
32.0,12.0,7.23,8.75,4.0,11.0,18.0,0.0,11.75,1.81,26.09,0,0.816949152542373,1.6030013642564802,1.6216216216216217,0
42.0,7.0,4.68,4.16,3.0,12.0,14.0,0.0,6.15,0.46,51.99,1,1.0985915492957747,1.2866108786610881,1.15702479338843,1
34.0,3.0,4.33,8.88,2.0,15.0,3.0,2.0,7.23,1.95,18.52,0,0.4821826280623608,1.632054176072235,0.19867549668874174,0
30.0,3.0,10.05,8.35,2.0,3.0,27.0,2.0,13.75,0.57,38.47,1,1.1893491124260356,1.354679802955665,8.709677419354838,1
29.0,4.0,10.19,5.91,4.0,7.0,17.0,9.0,14.78,0.1,64.93,1,1.6955074875207987,1.436345966958212,2.3943661971830985,1
22.0,0.0,9.3,8.19,5.0,4.0,7.0,0.0,11.83,0.99,12.98,0,1.1218335343787698,1.2585106382978724,1.707317073170732,1
41.0,16.0,11.62,7.68,6.0,13.0,8.0,7.0,13.87,0.22,53.795,2,1.493573264781491,1.1834470989761092,0.6106870229007634,1
33.0,1.0,4.39,7.97,1.0,14.0,23.0,3.0,9.04,1.36,31.68,0,0.543990086741016,2.0133630289532296,1.6312056737588654,0
35.0,7.0,13.36,5.1,5.0,10.0,22.0,3.0,14.55,1.8,78.79,2,2.5692307692307694,1.0809806835066866,2.1782178217821784,2
29.0,6.0,4.95,7.24,2.0,9.0,25.0,5.0,7.87,1.84,14.83,0,0.6743869209809265,1.5584158415841585,2.7472527472527473,0
29.0,14.0,10.74,4.13,1.0,9.0,17.0,8.0,13.57,1.21,99.44,2,2.539007092198582,1.2518450184501846,1.8681318681318682,2
31.0,4.0,5.33,8.24,2.0,5.0,21.0,8.0,6.91,1.07,34.63,0,0.6390887290167866,1.27255985267035,4.11764705882353,0
28.0,1.0,12.8,8.76,7.0,15.0,10.0,7.0,15.38,1.99,77.1,2,1.4446952595936797,1.1922480620155038,0.6622516556291391,1
20.0,6.0,9.11,7.31,6.0,3.0,15.0,0.0,13.0,1.16,29.04,0,1.2294197031039136,1.4115092290988058,4.838709677419355,1
24.0,10.0,4.82,6.56,2.0,8.0,15.0,9.0,7.29,1.85,21.02,0,0.7237237237237238,1.4817073170731707,1.8518518518518519,0
39.0,6.0,10.17,7.63,2.0,9.0,3.0,9.0,12.41,1.83,61.4,1,1.315653298835705,1.2083739045764363,0.32967032967032966,1
27.0,6.0,4.09,5.63,3.0,4.0,20.0,1.0,12.02,0.58,7.39,0,0.7137870855148343,2.86873508353222,4.878048780487806,0
30.0,13.0,11.76,7.13,1.0,9.0,8.0,2.0,16.71,0.03,80.0,2,1.6265560165975104,1.40893760539629,0.8791208791208791,1
31.0,17.0,10.51,7.59,3.0,15.0,12.0,4.0,14.63,1.02,73.41,2,1.3667100130039012,1.3788878416588126,0.794701986754967,1
20.0,5.0,8.99,4.71,1.0,10.0,24.0,4.0,10.52,1.72,11.92,0,1.8690228690228692,1.1573157315731573,2.376237623762376,1
44.0,3.0,7.75,4.7,6.0,5.0,19.0,9.0,12.51,1.67,79.01,2,1.6145833333333335,1.5936305732484077,3.7254901960784315,1
41.0,9.0,4.08,7.58,6.0,6.0,7.0,7.0,8.29,1.21,33.07,0,0.53125,1.9832535885167464,1.1475409836065575,0
39.0,17.0,10.94,6.16,7.0,9.0,10.0,1.0,15.86,0.31,82.91,2,1.7476038338658146,1.4365942028985508,1.098901098901099,1
44.0,11.0,7.23,8.45,3.0,12.0,20.0,1.0,11.22,0.22,37.03,1,0.8456140350877195,1.5306957708049114,1.6528925619834711,0
30.0,15.0,9.72,5.56,3.0,9.0,8.0,7.0,13.37,1.91,77.33,2,1.7173144876325093,1.361507128309572,0.8791208791208791,1
24.0,6.0,13.57,4.21,3.0,8.0,17.0,0.0,17.34,0.84,60.46,1,3.1484918793503485,1.268471104608632,2.0987654320987654,3
34.0,5.0,6.99,7.25,6.0,7.0,19.0,8.0,11.59,1.3,55.98,1,0.9510204081632654,1.6346967559943584,2.676056338028169,0
24.0,4.0,13.9,7.42,6.0,15.0,2.0,1.0,17.63,1.81,86.66,2,1.848404255319149,1.2592857142857141,0.13245033112582782,1
31.0,2.0,10.33,6.77,4.0,2.0,22.0,4.0,14.37,1.74,22.34,1,1.5036390101892287,1.3777564717162032,10.476190476190476,1
24.0,11.0,6.42,7.42,3.0,4.0,29.0,2.0,8.28,1.13,8.57,0,0.8537234042553192,1.2699386503067485,7.073170731707318,0
36.0,14.0,8.37,6.62,7.0,12.0,17.0,5.0,13.02,1.02,53.795,1,1.2455357142857142,1.5371900826446283,1.4049586776859504,1
36.0,9.0,11.4,7.46,5.0,17.0,18.0,7.0,14.19,1.47,100.0,2,1.5079365079365081,1.2339130434782608,1.0526315789473684,1
43.0,19.0,8.46,4.22,5.0,15.0,8.0,7.0,10.1,0.7,94.13,2,1.9583333333333337,1.1799065420560746,0.5298013245033113,1
31.0,18.0,4.69,5.84,2.0,13.0,23.0,5.0,8.89,1.25,35.25,1,0.7895622895622897,1.8559498956158664,1.7557251908396947,0
43.0,15.0,5.69,5.05,0.0,10.0,17.0,8.0,8.12,0.05,62.76,1,1.104854368932039,1.402417962003454,1.6831683168316833,1
34.0,10.0,11.91,4.5,3.0,17.0,21.0,6.0,13.65,1.65,77.62,2,2.589130434782609,1.1365528726061616,1.2280701754385963,2
34.0,7.0,10.48,5.17,0.0,7.0,15.0,1.0,12.51,2.0,41.77,1,1.9886148007590134,1.1824196597353498,2.1126760563380285,1
25.0,2.0,9.7,4.96,0.0,11.0,13.0,0.0,10.84,1.91,50.45,1,1.91699604743083,1.106122448979592,1.1711711711711712,1
31.0,6.0,5.68,8.87,2.0,18.0,18.0,7.0,7.04,0.72,44.91,1,0.6332218506131551,1.2179930795847753,0.9944751381215469,0
39.0,6.0,12.38,5.43,0.0,19.0,27.0,0.0,15.75,1.06,72.8,2,2.23869801084991,1.2620192307692306,1.413612565445026,2
37.0,13.0,13.61,5.15,7.0,1.0,28.0,7.0,18.07,0.47,87.13,2,2.5923809523809522,1.3180160466812547,25.454545454545453,2
33.0,1.0,4.41,8.17,6.0,8.0,21.0,8.0,7.2,0.61,49.86,1,0.5332527206771464,1.5964523281596454,2.5925925925925926,0
21.0,9.0,4.78,6.1,0.0,8.0,29.0,0.0,8.28,0.91,0.0,0,0.770967741935484,1.6967213114754098,3.5802469135802473,0
28.0,18.0,12.85,6.11,6.0,13.0,14.0,6.0,17.09,1.49,86.65,2,2.069243156199678,1.3196911196911199,1.0687022900763359,2
24.0,8.0,12.16,6.22,6.0,14.0,20.0,4.0,14.59,0.04,78.53,2,1.9240506329113927,1.1900489396411094,1.4184397163120568,1
39.0,15.0,10.18,6.08,5.0,10.0,25.0,7.0,13.8,0.79,79.1,2,1.6472491909385114,1.3424124513618678,2.4752475247524752,1
20.0,18.0,13.45,5.63,6.0,12.0,3.0,3.0,15.85,1.11,81.11,2,2.3472949389179756,1.1697416974169743,0.24793388429752067,2
42.0,17.0,10.46,5.43,0.0,4.0,11.0,1.0,14.03,0.43,47.58,1,1.8915009041591324,1.3285984848484846,2.682926829268293,1
22.0,8.0,6.16,8.41,1.0,5.0,6.0,6.0,8.03,0.16,12.93,0,0.7238542890716804,1.2827476038338657,1.1764705882352942,0
25.0,15.0,11.29,4.81,7.0,4.0,10.0,6.0,16.2,1.08,67.07,1,2.29938900203666,1.4223002633889377,2.439024390243903,2
24.0,12.0,10.46,4.91,3.0,0.0,25.0,7.0,11.76,1.28,73.3,2,2.0878243512974053,1.1136363636363635,250.0,2
40.0,9.0,13.86,6.86,7.0,17.0,6.0,8.0,16.88,1.28,100.0,2,1.9913793103448276,1.2091690544412608,0.3508771929824561,1
24.0,19.0,6.14,5.72,7.0,7.0,19.0,5.0,8.29,0.71,58.09,1,1.0549828178694158,1.328525641025641,2.676056338028169,1
20.0,13.0,9.98,6.11,3.0,16.0,2.0,2.0,13.38,0.47,56.54,1,1.607085346215781,1.3273809523809526,0.12422360248447203,1
36.0,11.0,11.8,8.03,0.0,9.0,14.0,4.0,14.51,0.44,41.81,1,1.4514145141451418,1.2193277310924369,1.5384615384615385,1
38.0,18.0,7.39,8.52,2.0,10.0,1.0,2.0,9.62,0.08,46.52,1,0.857308584686775,1.2843791722296396,0.09900990099009901,0
33.0,6.0,7.8,7.95,1.0,2.0,19.0,9.0,9.8,0.37,46.41,1,0.9689440993788819,1.2405063291139242,9.047619047619047,0
31.0,14.0,12.88,5.17,2.0,7.0,14.0,8.0,14.61,1.64,73.34,2,2.4440227703984823,1.1255778120184898,1.971830985915493,2
29.0,15.0,8.04,8.9,2.0,7.0,19.0,4.0,12.17,0.01,50.89,1,0.8933333333333332,1.4950859950859954,2.676056338028169,0
39.0,7.0,10.25,5.82,0.0,2.0,11.0,6.0,12.14,0.09,43.31,1,1.7314189189189189,1.1729468599033817,5.238095238095238,1
40.0,9.0,12.89,4.85,4.0,9.0,20.0,9.0,16.98,0.25,88.24,2,2.6040404040404046,1.3071593533487298,2.197802197802198,2
37.0,3.0,6.1,6.5,0.0,18.0,16.0,6.0,9.04,0.84,54.45,1,0.9242424242424242,1.4580645161290322,0.8839779005524862,0
43.0,18.0,13.82,7.63,5.0,13.0,17.0,6.0,15.11,0.67,86.52,2,1.7878395860284606,1.0854885057471264,1.297709923664122,1
30.0,18.0,11.02,4.42,4.0,17.0,7.0,9.0,12.68,0.36,93.02,2,2.438053097345133,1.1402877697841727,0.4093567251461988,2
21.0,14.0,8.96,7.17,6.0,2.0,23.0,3.0,13.53,0.22,38.85,1,1.2324621733149934,1.4933774834437084,10.952380952380953,1
44.0,13.0,8.31,8.29,1.0,19.0,7.0,3.0,11.72,1.88,50.51,1,0.9904648390941599,1.3935790725326993,0.36649214659685864,0
37.0,0.0,13.54,5.31,4.0,13.0,4.0,2.0,15.28,1.82,85.66,2,2.502772643253235,1.120234604105572,0.3053435114503817,2
44.0,15.0,6.06,7.47,0.0,10.0,23.0,5.0,9.88,1.54,48.3,1,0.8005284015852048,1.6038961038961042,2.2772277227722775,0
26.0,9.0,7.12,6.0,0.0,9.0,8.0,8.0,11.41,0.5,63.35,1,1.1672131147540985,1.5803324099722993,0.8791208791208791,1
43.0,18.0,7.08,6.07,2.0,13.0,29.0,4.0,9.4,0.65,39.28,1,1.147487844408428,1.309192200557103,2.213740458015267,1
34.0,2.0,6.89,5.4,0.0,0.0,19.0,5.0,10.12,1.33,48.43,1,1.2527272727272727,1.447782546494993,190.0,1
30.0,4.0,8.69,7.12,6.0,15.0,19.0,3.0,10.86,0.58,63.58,1,1.203601108033241,1.235494880546075,1.2582781456953642,1
37.0,8.0,13.89,5.8,5.0,5.0,22.0,0.0,15.21,1.02,64.27,1,2.3542372881355935,1.087205146533238,4.313725490196079,2
32.0,17.0,12.89,8.15,0.0,17.0,4.0,6.0,15.49,1.3,70.56,2,1.5624242424242425,1.1924557351809084,0.23391812865497075,1
31.0,10.0,7.28,8.81,3.0,15.0,26.0,5.0,11.29,1.04,49.87,1,0.8170594837261504,1.5298102981029809,1.7218543046357617,0
25.0,15.0,8.99,8.68,3.0,18.0,9.0,5.0,11.06,0.83,59.03,1,1.0239179954441915,1.2167216721672167,0.49723756906077343,1
39.0,1.0,10.69,4.82,2.0,15.0,0.0,3.0,13.31,0.7,80.48,2,2.1727642276422765,1.2335495829471734,0.0,2
42.0,11.0,4.17,4.07,4.0,4.0,23.0,9.0,6.63,1.56,48.85,1,1.0,1.5526932084309135,5.609756097560976,0
32.0,5.0,12.2,6.19,4.0,11.0,3.0,7.0,15.04,1.48,76.05,2,1.9395866454689983,1.2227642276422765,0.2702702702702703,1
39.0,10.0,12.8,7.64,3.0,5.0,23.0,7.0,15.07,1.39,75.41,2,1.65374677002584,1.168217054263566,4.509803921568627,1
35.0,7.0,12.57,8.89,5.0,1.0,15.0,0.0,16.02,0.75,30.09,0,1.3982202447163514,1.2644041041831098,13.636363636363635,1
37.0,11.0,7.75,7.92,1.0,15.0,17.0,8.0,9.0,1.55,66.48,1,0.9663341645885287,1.1464968152866242,1.1258278145695364,0
29.0,1.0,8.62,6.9,6.0,10.0,27.0,7.0,12.85,1.92,52.32,1,1.2314285714285713,1.4736238532110093,2.6732673267326734,1
42.0,8.0,4.12,4.13,7.0,11.0,11.0,1.0,5.81,1.38,24.85,0,0.9739952718676125,1.3767772511848342,0.990990990990991,0
27.0,14.0,7.99,8.13,6.0,10.0,19.0,8.0,11.52,0.82,56.35,1,0.9708383961117861,1.4239802224969098,1.8811881188118813,0
37.0,1.0,8.6,4.89,6.0,19.0,14.0,3.0,11.4,1.59,72.02,2,1.7234468937875753,1.310344827586207,0.7329842931937173,1
40.0,10.0,13.07,4.28,5.0,18.0,17.0,9.0,17.16,1.22,100.0,2,2.984018264840183,1.3029612756264237,0.9392265193370165,2
20.0,9.0,12.94,8.25,3.0,7.0,4.0,5.0,17.24,1.76,54.11,1,1.5497005988023953,1.322085889570552,0.5633802816901409,1
42.0,1.0,13.66,6.83,6.0,17.0,25.0,1.0,15.48,1.43,77.41,2,1.9711399711399713,1.125,1.461988304093567,1
27.0,11.0,12.85,4.64,4.0,4.0,25.0,9.0,16.56,1.54,83.02,2,2.7109704641350216,1.2787644787644787,6.097560975609756,2
25.0,7.0,4.08,5.93,1.0,11.0,13.0,3.0,5.84,1.33,28.5,0,0.6766169154228856,1.3971291866028708,1.1711711711711712,0
24.0,10.0,8.99,4.43,4.0,9.0,23.0,1.0,11.91,0.18,61.61,1,1.9845474613686538,1.3102310231023102,2.5274725274725274,1
34.0,0.0,4.68,7.19,3.0,14.0,26.0,8.0,9.4,0.97,38.45,1,0.6419753086419753,1.96652719665272,1.8439716312056738,0
41.0,14.0,6.73,5.41,7.0,4.0,6.0,8.0,8.39,0.11,53.82,1,1.221415607985481,1.2284040995607615,1.4634146341463417,1
34.0,5.0,9.78,8.33,0.0,16.0,10.0,4.0,11.69,0.9,64.99,1,1.1601423487544484,1.1831983805668016,0.6211180124223602,1
21.0,11.0,11.01,5.79,6.0,3.0,14.0,2.0,12.53,1.43,42.11,1,1.869269949066214,1.1278127812781278,4.516129032258064,1
20.0,7.0,10.55,6.47,1.0,11.0,20.0,2.0,13.43,0.84,43.06,1,1.605783866057839,1.2610328638497652,1.8018018018018018,1
42.0,12.0,4.49,4.32,4.0,17.0,10.0,0.0,9.17,0.0,25.79,0,1.0158371040723984,1.9978213507625273,0.5847953216374269,1
42.0,18.0,5.04,5.38,1.0,7.0,6.0,7.0,7.1,0.74,30.14,0,0.9197080291970804,1.3813229571984436,0.8450704225352114,0
30.0,0.0,5.29,7.38,4.0,19.0,20.0,2.0,8.46,0.14,56.48,1,0.7072192513368984,1.5695732838589984,1.0471204188481675,0
29.0,10.0,4.91,7.68,5.0,16.0,22.0,3.0,7.56,1.56,29.72,0,0.6311053984575836,1.5089820359281436,1.3664596273291925,0
37.0,19.0,5.78,5.21,2.0,7.0,19.0,1.0,8.12,1.57,20.85,0,1.088512241054614,1.380952380952381,2.676056338028169,1
37.0,0.0,10.88,6.52,6.0,12.0,19.0,7.0,14.17,1.61,72.37,2,1.6435045317220547,1.2905282331511838,1.5702479338842976,1
36.0,7.0,12.31,8.09,0.0,2.0,25.0,2.0,15.55,0.06,33.39,0,1.5030525030525033,1.2530217566478647,11.904761904761905,1
27.0,4.0,8.09,5.9,6.0,2.0,3.0,1.0,10.53,0.06,48.68,1,1.3483333333333334,1.2857142857142858,1.4285714285714286,1
34.0,16.0,10.93,4.67,3.0,9.0,26.0,0.0,15.33,1.81,43.43,1,2.2914046121593294,1.3898458748866729,2.857142857142857,2
27.0,7.0,6.0,6.16,7.0,17.0,23.0,9.0,7.21,0.25,66.56,1,0.9584664536741214,1.181967213114754,1.3450292397660817,0
36.0,9.0,13.73,7.0,5.0,6.0,0.0,1.0,15.07,1.34,43.68,1,1.9338028169014085,1.0896601590744759,0.0,1
31.0,1.0,7.5,4.04,1.0,1.0,25.0,1.0,12.46,1.59,9.81,0,1.8115942028985508,1.6394736842105264,22.727272727272727,1
27.0,8.0,12.46,5.74,7.0,6.0,20.0,3.0,16.45,0.9,58.11,1,2.1335616438356166,1.3097133757961783,3.278688524590164,2
44.0,2.0,13.45,7.04,6.0,1.0,27.0,0.0,17.67,1.09,56.25,1,1.8837535014005602,1.3040590405904062,24.545454545454543,1
33.0,17.0,12.65,8.76,4.0,6.0,25.0,0.0,16.06,0.45,43.88,1,1.4277652370203162,1.2596078431372548,4.0983606557377055,1
23.0,6.0,4.67,6.04,1.0,13.0,1.0,5.0,7.35,1.02,33.6,0,0.760586319218241,1.5408805031446542,0.07633587786259542,0
20.0,14.0,10.5,4.81,5.0,14.0,25.0,4.0,14.02,0.6,77.75,2,2.138492871690428,1.3226415094339623,1.773049645390071,2
20.0,19.0,5.2,6.67,3.0,15.0,3.0,0.0,6.57,0.44,31.1,0,0.7680945347119646,1.239622641509434,0.19867549668874174,0
38.0,17.0,4.06,5.43,7.0,7.0,14.0,5.0,8.09,1.05,45.75,1,0.7341772151898734,1.9447115384615388,1.971830985915493,0
35.0,2.0,4.52,5.07,0.0,15.0,23.0,7.0,7.68,0.38,61.58,1,0.874274661508704,1.6623376623376624,1.5231788079470199,0
33.0,13.0,13.16,6.95,1.0,6.0,1.0,4.0,17.99,1.37,75.04,2,1.8666666666666667,1.3567119155354448,0.1639344262295082,1
40.0,1.0,13.08,8.58,6.0,10.0,1.0,2.0,16.63,1.03,55.15,1,1.5069124423963134,1.2617602427921093,0.09900990099009901,1
35.0,13.0,6.26,8.18,4.0,3.0,17.0,2.0,7.87,0.3,17.17,0,0.7560386473429952,1.237421383647799,5.483870967741935,0
24.0,10.0,9.47,4.91,7.0,17.0,29.0,1.0,12.38,0.13,80.01,2,1.8902195608782437,1.2936259143155695,1.6959064327485378,1
28.0,15.0,13.55,7.83,4.0,12.0,23.0,8.0,14.78,0.27,100.0,2,1.7087011349306434,1.0827838827838827,1.9008264462809918,1
21.0,7.0,8.97,5.15,7.0,16.0,27.0,8.0,12.95,0.27,85.95,2,1.7085714285714286,1.4277839029768467,1.6770186335403725,1
37.0,6.0,7.94,5.45,4.0,11.0,14.0,6.0,10.95,0.63,72.21,2,1.4306306306306307,1.3619402985074625,1.2612612612612613,1
25.0,10.0,8.83,8.6,2.0,17.0,2.0,0.0,11.31,1.67,33.3,0,1.0149425287356322,1.2665173572228445,0.11695906432748537,1
28.0,2.0,11.9,6.46,4.0,9.0,20.0,0.0,16.77,0.11,60.45,1,1.8140243902439026,1.3975,2.197802197802198,1
20.0,16.0,8.77,4.84,2.0,6.0,17.0,3.0,13.53,0.26,49.12,1,1.7753036437246965,1.5253664036076664,2.7868852459016393,1
28.0,13.0,11.83,4.32,0.0,11.0,21.0,1.0,12.02,0.61,53.39,1,2.6764705882352944,1.0075440067057837,1.8918918918918919,2
44.0,5.0,8.32,5.47,3.0,9.0,9.0,2.0,10.2,1.11,46.99,1,1.4937163375224418,1.211401425178147,0.989010989010989,1
35.0,7.0,6.52,6.91,2.0,12.0,5.0,1.0,10.43,1.53,34.45,0,0.9300998573466476,1.5755287009063446,0.4132231404958678,0
32.0,4.0,7.26,8.38,1.0,0.0,1.0,0.0,12.04,1.84,0.0,0,0.856132075471698,1.6358695652173914,10.0,0
28.0,7.0,8.99,4.59,5.0,6.0,19.0,2.0,8.06,0.82,38.54,1,1.9168443496801708,0.8866886688668868,3.114754098360656,1
40.0,1.0,8.97,6.07,6.0,15.0,10.0,6.0,10.83,0.21,64.86,1,1.453808752025932,1.1940463065049614,0.6622516556291391,1
32.0,14.0,5.48,5.36,1.0,15.0,17.0,9.0,9.75,0.43,60.63,1,1.0036630036630036,1.7473118279569892,1.1258278145695364,1
28.0,11.0,12.12,4.07,6.0,15.0,13.0,8.0,16.64,0.57,100.0,2,2.9064748201438846,1.3617021276595747,0.8609271523178809,2
30.0,16.0,8.21,7.94,3.0,15.0,25.0,9.0,12.02,1.57,37.16,1,1.021144278606965,1.4464500601684716,1.6556291390728477,1
23.0,0.0,11.65,8.07,7.0,13.0,19.0,8.0,13.82,1.37,76.97,2,1.4259485924112607,1.1761702127659575,1.450381679389313,1
21.0,14.0,13.54,5.11,4.0,10.0,12.0,7.0,15.3,0.42,98.34,2,2.5988483685220727,1.121700879765396,1.188118811881188,2
32.0,13.0,12.49,4.76,5.0,18.0,28.0,5.0,12.02,1.68,100.0,2,2.569958847736626,0.9547259729944401,1.5469613259668507,2
33.0,19.0,13.51,4.72,1.0,10.0,26.0,0.0,16.44,1.72,70.3,2,2.802904564315353,1.2079353416605438,2.5742574257425743,2
23.0,15.0,9.68,6.32,5.0,1.0,6.0,7.0,13.36,1.76,56.37,1,1.5077881619937694,1.3660531697341514,5.454545454545454,1
25.0,8.0,5.65,5.23,2.0,6.0,20.0,7.0,7.1,0.55,20.0,0,1.0600375234521577,1.2347826086956522,3.278688524590164,1
38.0,0.0,13.35,6.56,3.0,8.0,25.0,8.0,14.89,0.27,82.15,2,2.0045045045045047,1.1070631970260225,3.0864197530864197,2
25.0,16.0,12.69,5.92,1.0,8.0,19.0,9.0,15.14,0.21,100.0,2,2.10797342192691,1.1837372947615326,2.345679012345679,2
21.0,12.0,12.64,5.05,4.0,13.0,9.0,5.0,14.68,0.8,97.98,2,2.454368932038835,1.152276295133438,0.6870229007633588,2
37.0,4.0,10.93,7.76,5.0,9.0,25.0,2.0,14.41,0.86,48.19,1,1.39058524173028,1.3064369900271986,2.7472527472527473,1
32.0,9.0,10.25,4.75,4.0,15.0,18.0,5.0,12.72,1.74,77.69,2,2.11340206185567,1.228985507246377,1.1920529801324504,2
28.0,5.0,4.15,7.99,5.0,17.0,28.0,7.0,7.89,0.54,60.89,1,0.5129789864029667,1.856470588235294,1.6374269005847952,0
42.0,18.0,11.48,6.81,1.0,0.0,28.0,5.0,15.56,1.25,53.45,1,1.661360347322721,1.3436960276338514,280.0,1
38.0,12.0,4.92,8.16,3.0,1.0,12.0,7.0,6.67,1.58,11.8,0,0.5956416464891041,1.3286852589641436,10.909090909090908,0
32.0,0.0,6.6,4.02,0.0,19.0,21.0,2.0,11.28,0.54,55.77,1,1.6019417475728157,1.6835820895522389,1.0994764397905759,1
30.0,19.0,9.51,7.75,1.0,3.0,1.0,7.0,13.66,0.53,47.32,1,1.2114649681528662,1.421436004162331,0.3225806451612903,1
20.0,14.0,8.52,4.26,4.0,1.0,19.0,4.0,12.03,1.34,50.61,1,1.9541284403669725,1.3955916473317866,17.27272727272727,1
43.0,13.0,4.16,8.75,0.0,3.0,11.0,6.0,8.8,1.45,0.0,0,0.47005649717514125,2.0657276995305165,3.5483870967741935,0
41.0,7.0,12.24,7.51,7.0,5.0,7.0,3.0,14.3,1.92,36.06,1,1.6084099868593957,1.1588330632090762,1.3725490196078431,1
26.0,9.0,12.79,5.6,3.0,3.0,17.0,2.0,15.48,1.7,50.25,1,2.243859649122807,1.200930954228084,5.483870967741935,2
44.0,8.0,10.82,5.6,4.0,17.0,24.0,5.0,12.16,1.64,67.87,1,1.898245614035088,1.1135531135531136,1.4035087719298245,1
40.0,16.0,9.41,8.31,3.0,4.0,1.0,8.0,12.23,1.38,64.24,1,1.1189060642092747,1.2860147213459516,0.24390243902439027,1
34.0,8.0,13.61,8.51,5.0,10.0,15.0,3.0,16.64,0.24,62.28,1,1.580720092915215,1.213712618526623,1.4851485148514851,1
20.0,2.0,5.2,8.46,1.0,12.0,7.0,8.0,8.66,1.62,32.88,0,0.6074766355140186,1.6339622641509435,0.578512396694215,0
31.0,10.0,11.38,8.04,3.0,2.0,15.0,2.0,12.64,1.87,24.29,0,1.3980343980343983,1.1010452961672474,7.142857142857142,1
26.0,11.0,5.28,8.1,4.0,18.0,7.0,5.0,6.41,0.78,43.92,1,0.6439024390243904,1.191449814126394,0.38674033149171266,0
34.0,9.0,7.82,6.86,1.0,19.0,22.0,4.0,10.5,0.63,68.85,1,1.1235632183908046,1.3257575757575757,1.1518324607329842,1
40.0,16.0,9.85,4.14,6.0,10.0,29.0,8.0,11.61,1.04,94.02,2,2.32311320754717,1.1668341708542713,2.871287128712871,2
38.0,16.0,11.37,4.43,4.0,10.0,12.0,5.0,15.41,1.91,79.14,2,2.5099337748344372,1.3435047951176984,1.188118811881188,2
44.0,10.0,4.04,7.25,4.0,1.0,25.0,1.0,7.71,0.1,13.38,0,0.5496598639455783,1.8623188405797102,22.727272727272727,0
20.0,3.0,6.61,6.01,6.0,14.0,5.0,3.0,8.91,1.42,45.65,1,1.081833060556465,1.3278688524590163,0.3546099290780142,1
36.0,6.0,9.38,6.84,6.0,7.0,0.0,4.0,10.56,1.63,38.43,1,1.351585014409222,1.1139240506329113,0.0,1
36.0,13.0,9.33,5.16,0.0,1.0,1.0,8.0,11.06,1.58,53.795,1,1.7737642585551332,1.1728525980911984,0.9090909090909091,1
22.0,6.0,10.38,7.25,2.0,7.0,6.0,0.0,14.15,1.13,39.56,1,1.412244897959184,1.3501908396946565,0.8450704225352114,1
31.0,7.0,7.04,5.21,3.0,19.0,12.0,8.0,12.0,1.84,85.33,1,1.3258003766478343,1.680672268907563,0.6282722513089005,1
25.0,0.0,9.41,6.3,3.0,14.0,26.0,9.0,11.72,0.27,69.15,1,1.4703125000000001,1.2323869610935858,1.8439716312056738,1
30.0,3.0,5.9,6.39,4.0,15.0,3.0,0.0,10.11,0.49,27.94,0,0.9090909090909093,1.6849999999999998,0.19867549668874174,0
22.0,11.0,5.87,4.89,7.0,12.0,8.0,0.0,10.34,0.61,42.01,1,1.1763527054108218,1.7319932998324958,0.6611570247933884,1
27.0,2.0,9.77,8.38,5.0,16.0,18.0,3.0,10.96,0.02,58.5,1,1.1521226415094339,1.110435663627153,1.1180124223602483,1
33.0,12.0,10.85,6.63,7.0,13.0,19.0,5.0,15.51,0.74,85.0,1,1.612184249628529,1.4164383561643836,1.450381679389313,1
33.0,19.0,5.2,8.33,3.0,13.0,2.0,1.0,8.06,0.32,36.07,1,0.6168446026097272,1.5207547169811322,0.15267175572519084,0
29.0,5.0,5.23,5.31,6.0,0.0,22.0,0.0,10.09,1.45,34.19,0,0.9667282809611832,1.8930581613508441,220.0,0
21.0,10.0,9.65,4.86,7.0,0.0,1.0,3.0,12.8,0.83,67.41,1,1.9455645161290323,1.3128205128205128,10.0,1
33.0,3.0,6.7,4.09,0.0,2.0,15.0,7.0,8.64,1.41,42.99,1,1.5990453460620528,1.2705882352941178,7.142857142857142,1
28.0,19.0,7.92,4.47,3.0,14.0,9.0,5.0,12.82,0.59,63.17,1,1.7330415754923416,1.598503740648379,0.6382978723404256,1
22.0,15.0,8.01,4.74,3.0,4.0,27.0,4.0,9.98,0.26,52.86,1,1.6549586776859504,1.2305795314426635,6.585365853658537,1
40.0,6.0,5.79,4.39,4.0,4.0,11.0,0.0,10.32,0.26,6.54,0,1.2895322939866372,1.7521222410865875,2.682926829268293,1
27.0,10.0,4.01,8.48,0.0,3.0,17.0,2.0,5.7,0.41,2.69,0,0.46736596736596736,1.3868613138686134,5.483870967741935,0
35.0,0.0,12.53,8.56,6.0,13.0,1.0,6.0,16.23,0.23,86.92,2,1.4468822170900693,1.2850356294536818,0.07633587786259542,1
21.0,6.0,11.15,8.69,5.0,19.0,13.0,9.0,13.8,0.44,94.56,2,1.2684869169510808,1.2266666666666668,0.6806282722513088,1
25.0,10.0,10.91,8.8,3.0,6.0,11.0,2.0,15.8,1.16,29.73,0,1.2258426966292135,1.4350590372388738,1.8032786885245902,1
40.0,6.0,9.47,6.46,5.0,14.0,19.0,4.0,11.21,0.51,76.9,2,1.44359756097561,1.1713688610240336,1.3475177304964538,1
44.0,6.0,11.01,6.46,2.0,10.0,23.0,5.0,13.65,0.69,54.1,1,1.6783536585365855,1.2286228622862287,2.2772277227722775,1
31.0,9.0,13.36,4.65,0.0,13.0,23.0,8.0,16.92,0.11,100.0,2,2.8126315789473684,1.2570579494799408,1.7557251908396947,2
32.0,15.0,10.66,4.69,0.0,5.0,23.0,2.0,15.57,1.78,47.65,1,2.2254697286012526,1.4470260223048328,4.509803921568627,2
21.0,7.0,6.65,7.86,0.0,9.0,7.0,5.0,8.87,0.28,37.7,1,0.835427135678392,1.314074074074074,0.7692307692307693,0
35.0,8.0,9.71,8.28,6.0,6.0,22.0,1.0,12.3,0.7,29.09,0,1.158711217183771,1.253822629969419,3.6065573770491803,1
24.0,8.0,8.42,7.92,7.0,9.0,21.0,8.0,11.27,0.76,56.1,1,1.0498753117206983,1.3227699530516432,2.307692307692308,1
34.0,1.0,9.56,8.17,6.0,13.0,27.0,8.0,11.57,1.54,54.55,1,1.1559854897218864,1.1977225672877847,2.0610687022900764,1
31.0,12.0,9.18,5.38,4.0,4.0,6.0,6.0,13.45,0.97,61.93,1,1.6751824817518248,1.449353448275862,1.4634146341463417,1
23.0,12.0,12.59,6.33,7.0,0.0,12.0,8.0,13.96,0.77,72.14,2,1.9580093312597202,1.1000788022064618,120.0,1
34.0,3.0,10.52,6.3,0.0,18.0,14.0,3.0,14.34,1.39,60.08,1,1.64375,1.3502824858757063,0.7734806629834253,1
30.0,11.0,5.89,8.98,4.0,7.0,13.0,9.0,9.03,1.19,35.22,1,0.6486784140969163,1.5075125208681135,1.8309859154929577,0
35.0,16.0,4.63,8.75,6.0,18.0,4.0,0.0,6.6,0.16,45.85,1,0.5231638418079096,1.3953488372093024,0.22099447513812154,0
42.0,1.0,8.24,6.99,2.0,16.0,7.0,0.0,11.21,0.63,34.7,0,1.162200282087447,1.3441247002398082,0.43478260869565216,1
25.0,12.0,4.16,4.69,1.0,18.0,17.0,1.0,8.48,1.96,28.86,0,0.8684759916492694,1.990610328638498,0.9392265193370165,0
33.0,17.0,7.18,5.29,4.0,15.0,4.0,9.0,9.96,0.97,59.09,1,1.332096474953618,1.3681318681318684,0.26490066225165565,1
37.0,14.0,7.68,5.82,3.0,3.0,22.0,2.0,9.17,0.85,18.35,0,1.2972972972972974,1.1786632390745502,7.096774193548387,1
31.0,7.0,7.76,8.37,0.0,7.0,8.0,1.0,8.92,0.3,18.31,0,0.9161747343565526,1.1348600508905853,1.1267605633802817,0
30.0,14.0,13.79,4.85,7.0,3.0,9.0,3.0,17.9,1.68,80.99,2,2.7858585858585863,1.2886969042476601,2.903225806451613,2
32.0,0.0,7.04,5.1,1.0,12.0,16.0,7.0,9.36,0.27,66.87,1,1.3538461538461541,1.3109243697478992,1.322314049586777,1
40.0,19.0,6.65,5.75,4.0,6.0,26.0,2.0,11.37,0.21,45.1,1,1.136752136752137,1.6844444444444444,4.262295081967213,1
42.0,9.0,5.29,8.63,7.0,0.0,24.0,3.0,8.76,0.88,17.16,0,0.6059564719358533,1.6252319109461968,240.0,0
30.0,11.0,9.11,6.52,7.0,8.0,2.0,1.0,11.86,0.87,38.51,1,1.3761329305135952,1.2877307274701413,0.2469135802469136,1
42.0,4.0,5.54,7.23,5.0,3.0,0.0,0.0,8.8,1.96,21.93,0,0.7557980900409277,1.5602836879432627,0.0,0
35.0,8.0,10.16,5.94,4.0,13.0,6.0,7.0,12.99,0.26,92.16,2,1.6821192052980132,1.2660818713450293,0.4580152671755725,1
34.0,7.0,5.55,4.94,5.0,8.0,14.0,6.0,10.17,0.97,65.11,1,1.101190476190476,1.8000000000000003,1.7283950617283952,1
40.0,15.0,9.77,5.11,3.0,2.0,18.0,9.0,12.6,0.4,80.15,2,1.875239923224568,1.2765957446808511,8.571428571428571,1
34.0,13.0,12.26,6.46,1.0,14.0,7.0,1.0,13.68,1.4,54.35,1,1.8689024390243902,1.1067961165048543,0.49645390070921985,1
44.0,12.0,4.43,8.47,2.0,4.0,10.0,7.0,7.82,0.78,12.48,0,0.5169194865810968,1.7262693156732896,2.439024390243903,0
23.0,12.0,8.2,6.47,4.0,0.0,1.0,9.0,11.69,1.3,21.27,0,1.248097412480974,1.408433734939759,10.0,1
30.0,4.0,8.61,5.78,5.0,10.0,14.0,2.0,12.67,0.68,54.19,1,1.4642857142857142,1.4546498277841562,1.3861386138613863,1
38.0,15.0,11.91,8.04,5.0,18.0,27.0,6.0,16.64,1.13,85.35,2,1.4631449631449633,1.3855120732722732,1.4917127071823204,1
34.0,10.0,8.68,7.37,4.0,4.0,1.0,0.0,11.45,0.94,18.83,0,1.1619812583668006,1.3041002277904328,0.24390243902439027,1
23.0,4.0,9.68,4.2,5.0,9.0,10.0,2.0,12.09,0.75,70.86,2,2.2511627906976743,1.2361963190184049,1.098901098901099,2
40.0,12.0,11.91,5.75,2.0,18.0,19.0,8.0,14.87,1.08,100.0,2,2.035897435897436,1.238134887593672,1.0497237569060773,2
32.0,10.0,9.6,7.41,7.0,16.0,27.0,3.0,14.2,0.77,53.795,1,1.2782956058588548,1.463917525773196,1.6770186335403725,1
41.0,18.0,7.58,6.87,5.0,4.0,16.0,0.0,12.5,1.61,33.18,0,1.0875179340028696,1.6276041666666667,3.9024390243902443,1
38.0,2.0,4.86,8.89,4.0,19.0,28.0,5.0,9.74,0.99,53.54,1,0.5406006674082314,1.963709677419355,1.4659685863874345,0
21.0,14.0,11.3,8.33,0.0,8.0,9.0,0.0,13.22,1.81,26.56,0,1.3404507710557534,1.1596491228070176,1.1111111111111112,1
33.0,6.0,12.71,4.3,5.0,5.0,4.0,9.0,15.7,0.45,90.34,2,2.888636363636364,1.2256049960967992,0.7843137254901962,2
23.0,6.0,13.7,7.63,4.0,12.0,2.0,0.0,15.74,0.22,72.06,2,1.7723156532988358,1.1405797101449275,0.1652892561983471,1
35.0,5.0,13.27,5.68,7.0,10.0,8.0,1.0,15.74,0.76,84.98,2,2.295847750865052,1.1772625280478684,0.7920792079207921,2
40.0,2.0,8.99,7.41,7.0,0.0,19.0,5.0,13.1,0.37,68.65,1,1.197070572569907,1.4411441144114412,190.0,1
39.0,12.0,10.43,7.09,0.0,16.0,21.0,1.0,12.07,0.79,49.58,1,1.450625869262865,1.1462488129154798,1.3043478260869563,1
33.0,6.0,11.81,6.52,5.0,5.0,24.0,7.0,14.4,0.41,85.56,2,1.7839879154078553,1.2090680100755669,4.705882352941177,1
34.0,4.0,8.32,8.26,5.0,2.0,1.0,5.0,10.78,1.74,26.64,0,0.9952153110047848,1.2802850356294537,0.47619047619047616,0
22.0,17.0,9.95,7.54,4.0,15.0,22.0,0.0,12.07,1.14,47.91,1,1.3023560209424083,1.200995024875622,1.456953642384106,1
27.0,7.0,7.49,8.45,3.0,12.0,18.0,5.0,9.41,1.0,41.07,1,0.8760233918128656,1.2397891963109355,1.4876033057851241,0
35.0,16.0,7.27,5.41,3.0,11.0,16.0,0.0,11.27,1.58,45.64,1,1.3194192377495462,1.5291723202170964,1.4414414414414416,1
29.0,19.0,11.57,5.74,1.0,10.0,24.0,8.0,13.75,0.26,73.87,2,1.981164383561644,1.1782347900599828,2.376237623762376,1
23.0,0.0,8.54,7.11,3.0,1.0,24.0,2.0,12.37,1.71,20.78,0,1.1844660194174756,1.431712962962963,21.818181818181817,1
37.0,13.0,6.12,8.83,2.0,18.0,11.0,0.0,8.59,0.97,25.3,0,0.685330347144457,1.3810289389067525,0.6077348066298343,0
21.0,16.0,6.02,5.86,7.0,7.0,26.0,0.0,10.23,0.27,29.03,0,1.0100671140939597,1.6715686274509807,3.6619718309859155,1
36.0,9.0,12.59,4.16,1.0,12.0,19.0,1.0,14.26,1.64,80.62,2,2.955399061032864,1.1237194641449961,1.5702479338842976,2
32.0,11.0,10.78,6.23,7.0,9.0,8.0,5.0,12.41,0.92,79.27,2,1.703001579778831,1.1406250000000002,0.8791208791208791,1
23.0,15.0,9.46,6.72,3.0,14.0,22.0,0.0,13.18,1.21,41.71,1,1.3870967741935487,1.3786610878661087,1.5602836879432624,1
44.0,13.0,8.01,8.0,0.0,16.0,3.0,6.0,12.67,1.79,53.795,1,0.9888888888888889,1.5622688039457462,0.18633540372670807,0
30.0,15.0,8.31,7.64,6.0,14.0,27.0,3.0,9.88,1.78,53.88,1,1.0736434108527133,1.1747919143876338,1.9148936170212767,1
26.0,7.0,4.57,8.82,4.0,9.0,17.0,6.0,5.86,1.02,22.1,0,0.5123318385650225,1.2548179871520344,1.8681318681318682,0
31.0,9.0,8.55,7.91,7.0,0.0,15.0,3.0,13.29,0.83,29.98,0,1.0674157303370788,1.536416184971098,150.0,1
29.0,16.0,11.95,5.49,3.0,11.0,28.0,3.0,13.42,1.5,64.3,1,2.137745974955277,1.1136929460580913,2.5225225225225225,2
26.0,17.0,7.88,7.21,0.0,8.0,20.0,3.0,9.88,0.47,43.65,1,1.0779753761969906,1.2380952380952384,2.469135802469136,1
32.0,19.0,7.84,7.36,6.0,4.0,23.0,9.0,12.56,1.66,54.23,1,1.0509383378016086,1.5818639798488667,5.609756097560976,1
26.0,15.0,4.16,8.99,1.0,14.0,9.0,9.0,8.37,0.68,36.19,1,0.45764576457645767,1.964788732394366,0.6382978723404256,0
43.0,16.0,8.58,4.69,4.0,2.0,25.0,7.0,10.95,0.93,53.79,1,1.7912317327766178,1.2615207373271888,11.904761904761905,1
36.0,15.0,4.25,4.96,7.0,18.0,21.0,1.0,9.07,1.78,37.36,1,0.8399209486166008,2.085057471264368,1.160220994475138,0
29.0,18.0,9.7,4.78,3.0,9.0,11.0,7.0,12.97,1.61,59.59,1,1.9877049180327868,1.3234693877551023,1.208791208791209,1
29.0,10.0,9.07,6.95,1.0,6.0,29.0,9.0,10.36,1.91,42.1,1,1.2865248226950354,1.129770992366412,4.754098360655738,1
43.0,5.0,12.4,4.68,7.0,6.0,27.0,0.0,16.21,0.73,67.59,1,2.5941422594142263,1.2968000000000002,4.426229508196721,2
23.0,5.0,9.82,7.28,4.0,1.0,10.0,6.0,12.97,0.3,43.45,1,1.3306233062330624,1.307459677419355,9.09090909090909,1
39.0,10.0,7.23,8.02,1.0,1.0,4.0,6.0,10.52,1.82,14.56,0,0.8903940886699508,1.4351978171896316,3.6363636363636362,0
23.0,3.0,9.16,6.16,7.0,9.0,19.0,5.0,14.14,0.99,68.64,1,1.4632587859424921,1.5269978401727862,2.087912087912088,1
41.0,11.0,11.0,6.8,3.0,4.0,10.0,3.0,12.61,1.78,44.89,1,1.5942028985507248,1.136036036036036,2.439024390243903,1
26.0,11.0,4.94,8.56,6.0,3.0,15.0,4.0,8.57,1.46,24.06,0,0.5704387990762125,1.7003968253968254,4.838709677419355,0
41.0,16.0,10.21,6.85,0.0,6.0,14.0,0.0,13.04,1.75,34.69,0,1.4690647482014392,1.264791464597478,2.295081967213115,1
20.0,14.0,13.17,5.04,4.0,15.0,5.0,1.0,15.26,1.31,85.65,2,2.5622568093385216,1.1499623210248682,0.33112582781456956,2
31.0,8.0,6.99,5.72,6.0,2.0,12.0,9.0,10.76,1.62,43.45,1,1.2010309278350517,1.5176304654442878,5.714285714285714,1
43.0,6.0,10.27,6.65,7.0,1.0,14.0,6.0,13.94,0.24,60.43,1,1.5214814814814814,1.3442622950819674,12.727272727272727,1
32.0,9.0,12.21,4.77,0.0,16.0,26.0,1.0,16.64,1.94,84.62,2,2.5071868583162225,1.3517465475223396,1.6149068322981366,2
29.0,15.0,9.12,7.06,4.0,8.0,2.0,7.0,13.64,0.36,59.59,1,1.2737430167597765,1.4793926247288505,0.2469135802469136,1
34.0,11.0,11.18,9.0,3.0,19.0,17.0,6.0,14.43,0.05,82.94,2,1.2285714285714286,1.2792553191489362,0.8900523560209423,1
32.0,6.0,7.11,7.26,2.0,7.0,0.0,9.0,9.41,1.06,47.64,1,0.9660326086956523,1.3051317614424411,0.0,0
42.0,17.0,7.06,5.86,6.0,11.0,24.0,7.0,10.18,1.42,58.72,1,1.1845637583892616,1.421787709497207,2.1621621621621623,1
41.0,14.0,10.68,5.66,2.0,6.0,16.0,3.0,13.12,1.43,61.49,1,1.8541666666666667,1.217068645640074,2.6229508196721314,1
41.0,5.0,11.05,8.66,4.0,13.0,26.0,0.0,13.16,0.68,46.79,1,1.2614155251141554,1.180269058295964,1.984732824427481,1
40.0,11.0,13.37,8.36,7.0,15.0,19.0,6.0,16.58,1.51,98.66,2,1.5803782505910167,1.230883444691908,1.2582781456953642,1
41.0,10.0,6.25,6.36,4.0,0.0,5.0,0.0,9.88,1.69,13.06,0,0.9674922600619195,1.5559055118110239,50.0,0
28.0,19.0,8.68,5.77,2.0,9.0,8.0,6.0,12.04,1.22,53.61,1,1.4787052810902896,1.3712984054669703,0.8791208791208791,1
28.0,2.0,6.51,7.55,4.0,10.0,3.0,8.0,11.33,0.77,46.39,1,0.8509803921568628,1.714069591527988,0.297029702970297,0
34.0,1.0,4.8,5.57,4.0,6.0,6.0,4.0,6.99,1.23,27.24,0,0.8465608465608465,1.4265306122448982,0.9836065573770493,0
29.0,5.0,8.03,4.6,7.0,17.0,22.0,1.0,10.52,1.72,75.74,2,1.7085106382978725,1.2939729397293973,1.286549707602339,1
43.0,4.0,7.74,5.55,3.0,18.0,28.0,0.0,11.41,1.8,60.27,1,1.369911504424779,1.4553571428571428,1.5469613259668507,1
44.0,17.0,6.7,6.17,0.0,13.0,29.0,7.0,10.1,0.06,63.52,1,1.068580542264753,1.4852941176470589,2.213740458015267,1
29.0,15.0,6.97,5.28,5.0,16.0,21.0,3.0,7.98,0.24,62.67,1,1.295539033457249,1.1287128712871288,1.3043478260869563,1
27.0,7.0,7.6,5.08,7.0,18.0,24.0,7.0,9.85,0.01,89.07,2,1.4671814671814671,1.2792207792207793,1.3259668508287292,1
43.0,19.0,13.89,4.03,1.0,12.0,10.0,1.0,15.91,0.98,83.69,2,3.3631961259079906,1.137240886347391,0.8264462809917356,3
35.0,10.0,11.83,7.15,7.0,2.0,25.0,2.0,16.19,0.87,47.83,1,1.6317241379310345,1.3570829840737637,11.904761904761905,1
36.0,9.0,4.71,7.07,2.0,1.0,22.0,2.0,9.17,1.09,10.2,0,0.6569037656903766,1.9064449064449065,20.0,0
24.0,11.0,12.72,4.94,1.0,8.0,2.0,3.0,14.86,1.37,65.51,1,2.5238095238095237,1.1591263650546022,0.2469135802469136,2
23.0,5.0,10.33,8.72,2.0,9.0,15.0,8.0,11.74,0.73,63.26,1,1.1712018140589568,1.1255992329817834,1.6483516483516485,1
37.0,19.0,12.91,6.05,2.0,13.0,5.0,8.0,14.73,0.42,78.11,2,2.099186991869919,1.132205995388163,0.3816793893129771,2
43.0,4.0,7.42,4.13,0.0,4.0,6.0,4.0,9.13,0.79,30.56,0,1.7541371158392436,1.2140957446808511,1.4634146341463417,1
38.0,8.0,8.65,5.1,6.0,19.0,11.0,6.0,10.6,0.02,87.42,2,1.6634615384615388,1.2114285714285713,0.5759162303664921,1
23.0,15.0,12.96,7.46,6.0,14.0,6.0,8.0,14.9,1.66,94.79,2,1.7142857142857144,1.1408882082695253,0.425531914893617,1
26.0,13.0,6.73,6.46,2.0,19.0,28.0,0.0,9.65,0.77,48.0,1,1.0259146341463417,1.4128843338213763,1.4659685863874345,1
29.0,7.0,13.16,4.27,2.0,0.0,21.0,1.0,15.44,1.25,71.27,2,3.0114416475972545,1.1644042232277527,210.0,3
44.0,19.0,12.28,7.09,0.0,19.0,18.0,5.0,15.52,0.65,70.6,2,1.7079276773296246,1.2536348949919225,0.9424083769633507,1
32.0,18.0,13.81,6.59,4.0,6.0,21.0,2.0,16.19,1.23,72.74,2,2.064275037369208,1.1639108554996407,3.4426229508196724,2
38.0,13.0,7.24,7.81,6.0,4.0,15.0,6.0,11.5,1.08,49.86,1,0.9152970922882429,1.5667574931880108,3.658536585365854,0
23.0,6.0,6.36,7.86,5.0,3.0,17.0,4.0,11.16,0.42,31.24,0,0.7989949748743719,1.7275541795665634,5.483870967741935,0
29.0,4.0,7.31,8.8,7.0,10.0,9.0,9.0,9.93,1.25,52.94,1,0.8213483146067415,1.3400809716599191,0.8910891089108911,0
20.0,17.0,13.55,4.29,1.0,18.0,28.0,7.0,14.75,0.22,100.0,2,3.086560364464693,1.0805860805860805,1.5469613259668507,3
42.0,1.0,7.33,4.19,2.0,5.0,0.0,0.0,9.29,0.96,37.26,1,1.7086247086247086,1.250336473755047,0.0,1
37.0,10.0,9.65,8.94,0.0,19.0,7.0,8.0,11.06,1.44,51.3,1,1.067477876106195,1.1343589743589744,0.36649214659685864,1
24.0,7.0,8.04,7.22,2.0,17.0,2.0,9.0,10.42,1.1,64.48,1,1.0983606557377048,1.2800982800982803,0.11695906432748537,1
34.0,0.0,7.96,7.58,6.0,4.0,29.0,5.0,11.54,1.49,31.65,0,1.0364583333333333,1.4317617866004961,7.073170731707318,1
36.0,11.0,5.93,4.48,0.0,19.0,15.0,4.0,12.02,0.55,64.43,1,1.2947598253275108,1.9933665008291874,0.7853403141361256,1
22.0,1.0,9.37,4.35,1.0,14.0,23.0,7.0,11.34,0.1,90.84,2,2.10561797752809,1.197465681098205,1.6312056737588654,2
31.0,17.0,12.49,4.8,3.0,19.0,2.0,3.0,16.56,0.11,100.0,2,2.548979591836735,1.3153296266878474,0.10471204188481674,2
21.0,6.0,4.49,6.14,6.0,5.0,1.0,8.0,6.02,0.54,22.55,0,0.7195512820512822,1.3115468409586055,0.19607843137254904,0
20.0,16.0,12.89,4.55,4.0,3.0,11.0,4.0,14.8,0.82,57.87,1,2.7720430107526886,1.1393379522709777,3.5483870967741935,2
42.0,10.0,10.65,6.23,7.0,16.0,7.0,0.0,14.35,1.08,65.51,1,1.6824644549763033,1.3348837209302324,0.43478260869565216,1
40.0,6.0,10.17,6.81,7.0,14.0,18.0,7.0,11.96,1.52,84.57,2,1.4717800289435603,1.1645569620253167,1.2765957446808511,1
36.0,10.0,10.26,4.0,3.0,17.0,23.0,8.0,13.98,1.68,98.54,2,2.502439024390244,1.3494208494208495,1.3450292397660817,2
41.0,5.0,6.96,4.57,0.0,5.0,17.0,4.0,11.87,1.39,19.78,0,1.4903640256959314,1.6813031161473089,3.3333333333333335,1
35.0,19.0,8.15,5.88,2.0,19.0,19.0,4.0,12.48,0.93,70.34,2,1.362876254180602,1.5127272727272727,0.9947643979057591,1
24.0,1.0,11.99,4.27,4.0,18.0,24.0,5.0,13.63,0.53,73.62,2,2.7437070938215107,1.1273779983457404,1.3259668508287292,2
34.0,16.0,7.06,4.67,6.0,11.0,14.0,8.0,10.14,0.86,73.24,2,1.480083857442348,1.416201117318436,1.2612612612612613,1
22.0,11.0,8.7,5.16,1.0,8.0,16.0,4.0,11.39,0.55,49.85,1,1.6539923954372624,1.2943181818181821,1.9753086419753088,1
26.0,11.0,4.2,6.15,7.0,7.0,17.0,1.0,9.17,1.25,20.15,0,0.672,2.1325581395348836,2.3943661971830985,0
30.0,16.0,11.34,7.57,6.0,14.0,17.0,2.0,16.2,1.64,60.3,1,1.4784876140808345,1.416083916083916,1.2056737588652482,1
29.0,9.0,8.18,4.66,5.0,0.0,8.0,9.0,9.69,1.04,53.16,1,1.7184873949579833,1.1702898550724639,80.0,1
28.0,2.0,9.25,7.69,4.0,1.0,25.0,2.0,13.88,0.09,34.26,0,1.1874197689345314,1.4844919786096258,22.727272727272727,1
33.0,19.0,5.15,8.28,7.0,2.0,4.0,8.0,6.92,1.88,41.84,1,0.6145584725536994,1.318095238095238,1.9047619047619047,0
32.0,17.0,8.99,7.26,2.0,18.0,10.0,7.0,16.2,0.59,85.76,2,1.221467391304348,1.7821782178217822,0.5524861878453038,1
44.0,12.0,7.02,4.22,7.0,9.0,28.0,5.0,9.43,1.83,53.34,1,1.6250000000000002,1.3244382022471912,3.076923076923077,1
44.0,11.0,10.35,6.2,7.0,13.0,3.0,4.0,12.5,1.63,76.21,2,1.6428571428571428,1.1961722488038278,0.22900763358778625,1
21.0,16.0,9.81,7.3,3.0,18.0,25.0,9.0,14.22,0.83,84.1,2,1.3256756756756758,1.4349142280524723,1.3812154696132595,1
22.0,3.0,11.85,8.89,0.0,10.0,9.0,5.0,14.17,0.11,47.38,1,1.318131256952169,1.185774058577406,0.8910891089108911,1
26.0,9.0,6.94,8.76,3.0,5.0,3.0,8.0,11.21,1.9,24.29,0,0.7832957110609482,1.5923295454545456,0.5882352941176471,0
40.0,10.0,11.56,5.98,6.0,18.0,22.0,9.0,16.54,1.32,100.0,2,1.9013157894736843,1.41852487135506,1.2154696132596685,1
37.0,5.0,7.83,7.08,4.0,13.0,2.0,7.0,12.19,0.5,41.61,1,1.0905292479108635,1.5372005044136192,0.15267175572519084,1
22.0,5.0,8.11,8.45,5.0,7.0,24.0,4.0,10.49,1.07,27.47,0,0.9485380116959065,1.277710109622412,3.3802816901408455,0
29.0,8.0,10.73,8.16,2.0,1.0,15.0,5.0,14.58,1.27,55.21,1,1.2990314769975788,1.3462603878116344,13.636363636363635,1
41.0,14.0,11.84,6.4,0.0,17.0,20.0,8.0,14.98,0.45,77.06,2,1.8215384615384616,1.254606365159129,1.1695906432748537,1
32.0,1.0,10.67,5.31,2.0,3.0,10.0,0.0,14.82,0.19,32.44,0,1.9722735674676528,1.3760445682451254,3.225806451612903,1
28.0,3.0,13.0,4.69,2.0,2.0,8.0,3.0,12.02,0.53,52.71,1,2.7139874739039667,0.917557251908397,3.8095238095238093,2
36.0,4.0,6.85,6.44,5.0,1.0,0.0,4.0,10.4,0.1,26.58,0,1.047400611620795,1.496402877697842,0.0,1
30.0,16.0,13.01,7.61,4.0,9.0,9.0,8.0,17.1,0.14,71.72,2,1.6874189364461738,1.3043478260869568,0.989010989010989,1
26.0,7.0,5.31,8.85,3.0,17.0,11.0,4.0,9.35,0.31,52.39,1,0.5932960893854748,1.7282809611829946,0.6432748538011696,0
43.0,7.0,10.6,8.31,4.0,10.0,29.0,4.0,15.45,0.32,58.93,1,1.2604042806183116,1.4439252336448598,2.871287128712871,1
33.0,11.0,9.48,5.02,6.0,8.0,23.0,2.0,10.71,0.5,56.46,1,1.8515625000000004,1.117954070981211,2.8395061728395063,1
38.0,7.0,8.95,7.6,6.0,7.0,1.0,7.0,11.33,1.87,69.49,1,1.1623376623376624,1.2519337016574588,0.14084507042253522,1
23.0,18.0,7.11,5.45,2.0,7.0,14.0,6.0,10.02,1.15,39.83,1,1.281081081081081,1.389736477115118,1.971830985915493,1
25.0,2.0,9.04,7.42,2.0,4.0,29.0,7.0,11.28,0.85,44.85,1,1.202127659574468,1.2341356673960613,7.073170731707318,1
29.0,17.0,5.62,7.33,0.0,12.0,23.0,3.0,7.86,1.13,27.32,0,0.756393001345895,1.3741258741258742,1.9008264462809918,0
26.0,18.0,7.69,5.36,2.0,6.0,19.0,7.0,9.39,0.01,62.43,1,1.4084249084249085,1.2053915275994866,3.114754098360656,1
32.0,18.0,4.99,5.17,6.0,4.0,15.0,9.0,12.02,1.79,30.81,0,0.9468690702087288,2.361493123772102,3.658536585365854,0
33.0,14.0,9.72,4.52,2.0,12.0,1.0,3.0,14.35,1.06,51.98,1,2.1038961038961044,1.4613034623217922,0.08264462809917356,2
23.0,5.0,4.96,4.25,7.0,19.0,12.0,0.0,6.29,0.9,64.73,1,1.1402298850574712,1.2430830039525693,0.6282722513089005,1
27.0,15.0,5.6,8.29,7.0,15.0,17.0,3.0,7.22,1.88,56.29,1,0.6674612634088201,1.2666666666666668,1.1258278145695364,0
24.0,7.0,4.85,4.25,4.0,13.0,28.0,4.0,6.76,1.46,42.31,1,1.1149425287356323,1.3656565656565658,2.1374045801526718,1
20.0,15.0,7.81,4.44,6.0,4.0,21.0,9.0,10.85,0.67,52.32,1,1.7202643171806167,1.3716814159292037,5.121951219512195,1
23.0,17.0,12.42,5.19,2.0,18.0,18.0,7.0,16.58,1.87,81.09,2,2.3478260869565215,1.3242811501597442,0.9944751381215469,2
22.0,19.0,13.07,8.44,5.0,3.0,10.0,9.0,14.36,1.02,76.45,2,1.5304449648711946,1.090356871678056,3.225806451612903,1
28.0,15.0,4.72,5.66,7.0,10.0,13.0,5.0,8.27,1.91,23.54,0,0.8194444444444444,1.715767634854772,1.2871287128712872,0
27.0,10.0,10.35,4.96,5.0,1.0,29.0,9.0,11.95,0.19,70.6,2,2.0454545454545454,1.1435406698564594,26.36363636363636,2
20.0,6.0,10.84,7.58,6.0,12.0,25.0,4.0,15.73,1.91,60.57,1,1.4114583333333333,1.4378427787934187,2.066115702479339,1
25.0,16.0,9.34,5.6,2.0,15.0,2.0,2.0,13.94,1.09,52.1,1,1.6385964912280704,1.4766949152542372,0.13245033112582782,1
28.0,16.0,10.67,5.67,5.0,8.0,8.0,3.0,15.47,1.34,50.39,1,1.8492201039861353,1.4363974001857012,0.9876543209876544,1
26.0,11.0,6.34,6.46,4.0,15.0,14.0,5.0,7.76,0.42,58.8,1,0.9664634146341464,1.204968944099379,0.9271523178807948,0
23.0,12.0,8.9,5.26,0.0,6.0,13.0,5.0,11.85,0.28,56.83,1,1.66044776119403,1.3166666666666667,2.1311475409836067,1
32.0,9.0,7.91,8.48,5.0,15.0,6.0,5.0,9.57,0.16,71.5,2,0.921911421911422,1.1947565543071161,0.3973509933774835,0
36.0,6.0,4.9,6.81,6.0,12.0,11.0,1.0,8.3,0.84,36.9,1,0.7091172214182345,1.6600000000000001,0.9090909090909092,0
21.0,13.0,10.26,6.69,5.0,4.0,20.0,7.0,12.19,0.44,61.42,1,1.5110456553755522,1.1766409266409266,4.878048780487806,1
24.0,0.0,8.95,5.32,3.0,14.0,17.0,7.0,13.03,1.02,79.3,2,1.651291512915129,1.439779005524862,1.2056737588652482,1
31.0,16.0,6.75,8.18,4.0,6.0,10.0,5.0,10.33,1.91,36.39,1,0.8152173913043479,1.5080291970802921,1.639344262295082,0
40.0,3.0,8.74,6.86,5.0,17.0,26.0,3.0,12.03,1.47,44.83,1,1.2557471264367817,1.3608597285067874,1.5204678362573099,1
27.0,4.0,11.75,4.78,0.0,19.0,23.0,1.0,16.05,1.04,79.87,2,2.4077868852459017,1.3544303797468356,1.2041884816753925,2
25.0,19.0,12.02,5.03,3.0,1.0,8.0,5.0,15.02,1.49,49.75,1,2.3430799220272904,1.2392739273927393,7.2727272727272725,2
27.0,6.0,10.5,6.34,6.0,7.0,10.0,5.0,12.58,1.22,65.8,1,1.6304347826086958,1.1867924528301887,1.4084507042253522,1
37.0,9.0,8.68,7.9,6.0,9.0,17.0,9.0,12.16,0.36,56.69,1,1.085,1.38496583143508,1.8681318681318682,1
22.0,16.0,9.76,8.7,2.0,9.0,1.0,2.0,14.59,1.27,44.15,1,1.1090909090909091,1.4797160243407708,0.10989010989010989,1
41.0,6.0,7.85,7.32,4.0,10.0,19.0,1.0,11.25,1.36,40.05,1,1.0579514824797844,1.4150943396226416,1.8811881188118813,1
31.0,0.0,5.27,6.53,7.0,7.0,12.0,3.0,8.79,0.47,27.83,0,0.7948717948717948,1.6368715083798884,1.6901408450704227,0
22.0,6.0,7.86,5.25,5.0,15.0,14.0,7.0,12.6,0.64,71.43,2,1.469158878504673,1.5829145728643215,0.9271523178807948,1
41.0,10.0,9.3,7.36,2.0,15.0,7.0,4.0,12.36,0.77,53.62,1,1.2466487935656838,1.3148936170212764,0.4635761589403974,1
25.0,8.0,9.99,8.91,4.0,16.0,4.0,2.0,14.98,1.21,54.83,1,1.1087680355160934,1.4846382556987117,0.24844720496894407,1
32.0,11.0,13.36,6.38,6.0,5.0,4.0,4.0,15.0,0.25,94.33,2,2.0617283950617287,1.1144130757800892,0.7843137254901962,2
42.0,2.0,11.77,4.81,3.0,17.0,6.0,8.0,14.92,1.49,77.98,2,2.3971486761710796,1.256950294860994,0.3508771929824561,2
31.0,3.0,5.52,4.52,5.0,16.0,11.0,7.0,7.37,0.69,72.33,2,1.194805194805195,1.3113879003558722,0.6832298136645962,1
21.0,3.0,5.74,5.35,6.0,11.0,19.0,9.0,8.55,1.38,65.71,1,1.053211009174312,1.464041095890411,1.7117117117117118,1
25.0,12.0,5.0,6.85,7.0,14.0,11.0,6.0,6.68,1.87,42.94,1,0.7194244604316548,1.3098039215686275,0.7801418439716312,0
36.0,18.0,11.38,8.73,0.0,6.0,8.0,3.0,13.27,1.74,17.54,0,1.288788221970555,1.155923344947735,1.3114754098360657,1
22.0,9.0,11.06,5.5,7.0,13.0,3.0,1.0,12.9,1.48,66.89,1,1.9750000000000003,1.1559139784946237,0.22900763358778625,1
21.0,4.0,13.86,5.53,4.0,3.0,7.0,8.0,16.14,0.39,71.05,2,2.4618117229129663,1.156160458452722,2.258064516129032,2
42.0,6.0,9.22,6.41,6.0,16.0,18.0,2.0,10.76,1.46,68.72,1,1.416282642089094,1.1545064377682404,1.1180124223602483,1
39.0,15.0,12.26,8.59,6.0,10.0,21.0,5.0,16.5,1.27,53.77,1,1.4108170310701957,1.3349514563106797,2.0792079207920793,1
27.0,0.0,9.76,6.1,7.0,5.0,0.0,6.0,11.64,1.55,58.15,1,1.574193548387097,1.1805273833671401,0.0,1
41.0,11.0,12.74,5.12,0.0,9.0,22.0,2.0,15.41,1.74,50.81,1,2.4406130268199235,1.2001557632398754,2.417582417582418,2
31.0,1.0,11.21,4.82,7.0,14.0,10.0,2.0,12.27,0.62,92.84,2,2.278455284552846,1.0848806366047745,0.7092198581560284,2
23.0,6.0,10.43,6.29,7.0,5.0,22.0,2.0,11.85,1.29,66.24,1,1.6322378716744914,1.1253561253561253,4.313725490196079,1
24.0,10.0,9.65,8.0,2.0,15.0,12.0,2.0,14.24,0.55,49.91,1,1.1913580246913582,1.4605128205128206,0.794701986754967,1
32.0,12.0,11.23,5.46,6.0,11.0,17.0,2.0,15.58,0.69,60.35,1,2.0197841726618706,1.3751103265666373,1.5315315315315317,2
34.0,1.0,8.99,6.56,2.0,18.0,20.0,6.0,12.56,1.04,84.29,2,1.3498498498498501,1.3817381738173817,1.1049723756906076,1
44.0,6.0,4.97,7.02,3.0,15.0,19.0,4.0,7.62,0.87,39.06,1,0.6980337078651686,1.502958579881657,1.2582781456953642,0
42.0,14.0,4.4,6.25,3.0,13.0,9.0,3.0,5.97,1.2,35.14,1,0.6929133858267718,1.3266666666666667,0.6870229007633588,0
35.0,10.0,8.79,4.96,1.0,5.0,12.0,5.0,10.22,1.52,42.3,1,1.7371541501976284,1.1496062992125986,2.3529411764705883,1
29.0,1.0,9.99,8.61,1.0,8.0,24.0,7.0,13.41,1.21,46.4,1,1.1469575200918487,1.3290386521308226,2.9629629629629632,1
44.0,6.0,4.79,6.83,3.0,0.0,11.0,1.0,9.1,1.94,0.0,0,0.6911976911976913,1.8609406952965235,110.0,0
42.0,3.0,6.87,7.65,5.0,7.0,12.0,2.0,11.47,1.48,7.46,0,0.8864516129032258,1.6456241032998566,1.6901408450704227,0
35.0,10.0,7.22,7.18,7.0,6.0,1.0,1.0,9.37,1.97,44.2,1,0.9917582417582418,1.280054644808743,0.1639344262295082,0
31.0,1.0,9.63,8.99,2.0,13.0,2.0,6.0,11.91,1.49,54.72,1,1.0594059405940595,1.224049331963001,0.15267175572519084,1
36.0,15.0,6.78,6.28,0.0,7.0,28.0,1.0,8.18,1.02,19.86,0,1.0626959247648904,1.188953488372093,3.943661971830986,1
32.0,6.0,4.96,6.12,6.0,10.0,16.0,4.0,9.06,0.82,49.5,1,0.797427652733119,1.7905138339920952,1.5841584158415842,0
31.0,12.0,5.65,5.8,7.0,8.0,25.0,9.0,7.75,1.47,49.11,1,0.9576271186440679,1.3478260869565217,3.0864197530864197,0
27.0,4.0,5.74,5.81,6.0,18.0,14.0,8.0,8.66,1.37,74.31,2,0.9712351945854486,1.4828767123287672,0.7734806629834253,0
39.0,16.0,12.43,5.38,3.0,6.0,18.0,7.0,17.15,1.34,65.23,1,2.2682481751824817,1.3687150837988826,2.9508196721311477,2
22.0,11.0,6.84,8.9,7.0,5.0,11.0,7.0,10.85,1.44,32.95,0,0.76,1.563400576368876,2.1568627450980395,0
35.0,18.0,11.15,8.35,5.0,17.0,15.0,2.0,12.36,1.74,69.49,1,1.319526627218935,1.0986666666666667,0.8771929824561403,1
32.0,6.0,9.68,5.58,7.0,4.0,19.0,0.0,10.71,0.46,48.53,1,1.704225352112676,1.0950920245398774,4.634146341463415,1
42.0,5.0,13.77,5.53,0.0,18.0,19.0,1.0,17.92,1.13,76.82,2,2.4458259325044405,1.291997116077866,1.0497237569060773,2
38.0,7.0,6.73,4.52,1.0,10.0,21.0,6.0,9.94,1.21,56.83,1,1.456709956709957,1.4553440702781844,2.0792079207920793,1
27.0,12.0,5.58,8.39,0.0,4.0,9.0,3.0,9.46,0.59,0.62,0,0.657243816254417,1.6654929577464792,2.1951219512195124,0
41.0,4.0,4.52,5.86,3.0,8.0,22.0,9.0,6.15,1.98,29.12,0,0.7583892617449663,1.3311688311688314,2.7160493827160495,0
24.0,1.0,6.41,6.86,2.0,7.0,22.0,4.0,10.9,1.57,22.23,0,0.9209770114942529,1.674347158218126,3.098591549295775,0
39.0,8.0,10.84,8.5,7.0,10.0,14.0,0.0,14.93,0.64,48.7,1,1.2604651162790699,1.3647166361974405,1.3861386138613863,1
27.0,10.0,4.85,6.04,3.0,5.0,29.0,1.0,9.41,0.72,12.17,0,0.7899022801302932,1.9010101010101013,5.686274509803922,0
43.0,5.0,6.45,8.03,6.0,14.0,26.0,8.0,8.81,1.44,52.66,1,0.7933579335793359,1.3450381679389314,1.8439716312056738,0
31.0,6.0,12.55,6.15,6.0,5.0,7.0,5.0,14.65,0.02,84.09,2,2.008,1.158102766798419,1.3725490196078431,2
20.0,6.0,9.83,7.5,4.0,10.0,18.0,6.0,11.44,0.93,75.54,2,1.293421052631579,1.1520644511581066,1.7821782178217822,1
44.0,18.0,4.7,6.16,5.0,14.0,4.0,4.0,9.42,0.69,44.1,1,0.7507987220447285,1.9625000000000001,0.28368794326241137,0
40.0,5.0,4.48,5.96,5.0,11.0,11.0,8.0,6.19,1.71,51.93,1,0.7392739273927393,1.351528384279476,0.990990990990991,0
32.0,10.0,4.61,8.95,5.0,8.0,9.0,9.0,6.09,1.58,25.0,0,0.5093922651933702,1.2929936305732483,1.1111111111111112,0
25.0,10.0,13.42,7.06,4.0,9.0,21.0,4.0,15.19,0.66,72.61,2,1.8743016759776538,1.1235207100591715,2.307692307692308,1
41.0,6.0,12.5,5.84,4.0,14.0,13.0,5.0,16.59,1.73,86.12,2,2.1043771043771047,1.3166666666666667,0.9219858156028369,2
37.0,1.0,12.45,5.29,2.0,16.0,27.0,9.0,17.01,1.83,86.53,2,2.3098330241187384,1.3553784860557772,1.6770186335403725,2
27.0,18.0,13.24,4.2,5.0,15.0,21.0,8.0,17.48,1.1,100.0,2,3.079069767441861,1.3103448275862069,1.390728476821192,3
26.0,3.0,9.05,7.53,3.0,7.0,11.0,4.0,12.3,0.32,38.26,1,1.1861074705111403,1.3442622950819672,1.5492957746478875,1
20.0,5.0,6.47,5.86,4.0,16.0,23.0,3.0,11.45,1.54,60.42,1,1.0855704697986577,1.7427701674277016,1.4285714285714284,1
40.0,16.0,8.01,8.11,3.0,10.0,12.0,4.0,9.29,0.64,50.91,1,0.9756394640682096,1.1454993834771887,1.188118811881188,0
35.0,4.0,11.19,5.82,1.0,10.0,20.0,4.0,15.66,1.05,72.58,2,1.8902027027027026,1.3870682019486271,1.9801980198019802,1
31.0,6.0,12.76,5.87,5.0,5.0,20.0,4.0,15.47,0.09,82.11,2,2.137353433835846,1.2029548989113532,3.9215686274509807,2
25.0,8.0,8.35,7.9,4.0,1.0,16.0,0.0,11.17,1.0,34.48,0,1.04375,1.3218934911242604,14.545454545454545,1
39.0,0.0,9.35,6.45,4.0,0.0,0.0,4.0,10.86,0.76,42.22,1,1.4274809160305344,1.1492063492063493,0.0,1
21.0,0.0,13.32,8.42,2.0,19.0,21.0,4.0,14.45,1.37,65.6,1,1.563380281690141,1.0767511177347242,1.0994764397905759,1
33.0,18.0,5.07,6.95,3.0,5.0,9.0,0.0,7.34,0.08,53.795,0,0.7191489361702128,1.4197292069632494,1.7647058823529413,0
23.0,5.0,12.62,5.2,2.0,4.0,25.0,3.0,14.32,1.25,52.47,1,2.3811320754716983,1.1257861635220128,6.097560975609756,2
20.0,17.0,5.59,6.84,2.0,8.0,4.0,7.0,8.52,1.54,20.24,0,0.8054755043227666,1.4973637961335677,0.4938271604938272,0
42.0,9.0,8.84,4.02,3.0,4.0,10.0,3.0,10.43,0.03,63.76,1,2.1456310679611654,1.1666666666666667,2.439024390243903,2
37.0,10.0,6.18,5.56,1.0,17.0,9.0,6.0,12.02,1.5,52.1,1,1.0918727915194346,1.9140127388535033,0.5263157894736842,1
32.0,0.0,10.03,5.04,3.0,18.0,5.0,5.0,14.54,0.26,70.78,2,1.95136186770428,1.435340572556762,0.2762430939226519,1
21.0,0.0,9.59,7.27,1.0,14.0,14.0,4.0,14.28,1.4,47.42,1,1.3012211668928089,1.4736842105263157,0.9929078014184397,1
28.0,12.0,7.8,4.68,2.0,14.0,8.0,8.0,12.66,0.91,94.38,2,1.6317991631799165,1.6025316455696204,0.5673758865248227,1
40.0,4.0,12.63,5.45,1.0,8.0,7.0,7.0,16.35,1.1,88.52,2,2.275675675675676,1.2843676355066773,0.8641975308641976,2
21.0,19.0,10.6,5.66,5.0,13.0,22.0,4.0,14.68,0.67,82.3,2,1.8402777777777777,1.37196261682243,1.6793893129770994,1
44.0,0.0,11.21,4.02,1.0,4.0,22.0,5.0,15.55,0.49,80.83,2,2.720873786407768,1.374889478337754,5.365853658536586,2
28.0,19.0,5.51,4.23,7.0,16.0,5.0,6.0,9.15,1.02,64.9,1,1.2725173210161662,1.631016042780749,0.3105590062111801,1
20.0,2.0,12.83,5.56,1.0,14.0,5.0,8.0,15.15,1.73,77.47,2,2.26678445229682,1.17169373549884,0.3546099290780142,2
30.0,17.0,5.67,5.11,7.0,19.0,16.0,6.0,7.3,1.22,77.39,2,1.0882917466410749,1.2651646447140381,0.8376963350785339,1
22.0,8.0,6.23,4.58,4.0,16.0,11.0,2.0,8.18,1.97,64.86,1,1.3311965811965814,1.292259083728278,0.6832298136645962,1
39.0,13.0,5.28,4.77,4.0,8.0,6.0,9.0,9.64,1.7,39.66,1,1.0841889117043124,1.7918215613382902,0.7407407407407408,1
42.0,16.0,8.4,8.18,6.0,12.0,4.0,4.0,12.18,1.74,47.61,1,1.0144927536231885,1.4329411764705882,0.3305785123966942,1
23.0,13.0,12.88,7.42,2.0,12.0,15.0,8.0,15.7,1.2,83.06,2,1.7127659574468088,1.209553158705701,1.2396694214876034,1
37.0,3.0,6.52,6.42,3.0,4.0,22.0,8.0,7.64,0.16,39.31,1,1.0,1.1540785498489428,5.365853658536586,0
42.0,4.0,7.74,8.54,1.0,13.0,5.0,7.0,9.8,1.83,42.63,1,0.8958333333333335,1.2500000000000002,0.3816793893129771,0
25.0,16.0,12.46,4.15,5.0,6.0,7.0,5.0,16.38,0.24,71.21,2,2.9317647058823533,1.304140127388535,1.1475409836065575,2
22.0,1.0,10.18,5.72,4.0,4.0,14.0,6.0,13.23,1.03,59.96,1,1.7491408934707906,1.2869649805447472,3.414634146341464,1
41.0,4.0,11.52,8.12,3.0,11.0,7.0,6.0,14.26,1.71,64.29,1,1.4014598540145986,1.2271944922547333,0.6306306306306306,1
30.0,3.0,8.99,7.14,5.0,2.0,28.0,0.0,8.39,0.94,17.6,0,1.2417127071823206,0.9229922992299231,13.333333333333332,1
34.0,3.0,11.16,8.91,1.0,8.0,6.0,7.0,14.59,0.33,55.47,1,1.2386237513873475,1.2957371225577266,0.7407407407407408,1
41.0,5.0,6.28,8.72,3.0,9.0,14.0,5.0,11.15,0.75,38.9,1,0.7120181405895691,1.7476489028213167,1.5384615384615385,0
24.0,19.0,13.87,4.85,6.0,0.0,18.0,6.0,18.47,1.98,73.44,2,2.802020202020202,1.3221188260558339,180.0,2
39.0,12.0,9.6,8.86,7.0,13.0,25.0,5.0,10.72,2.0,81.91,2,1.0714285714285714,1.1051546391752578,1.9083969465648856,1
29.0,4.0,10.96,8.73,7.0,0.0,19.0,9.0,13.88,1.42,51.13,1,1.2412231030577576,1.2549728752260398,190.0,1
31.0,6.0,5.18,5.87,4.0,9.0,13.0,1.0,7.5,1.78,33.95,0,0.8676716917922948,1.4204545454545456,1.4285714285714286,0
34.0,19.0,6.51,8.91,0.0,10.0,24.0,6.0,9.55,0.09,32.22,0,0.7225305216426193,1.4447806354009078,2.376237623762376,0
36.0,0.0,5.4,4.18,5.0,19.0,27.0,7.0,8.82,0.55,82.95,2,1.2616822429906545,1.6036363636363637,1.413612565445026,1
29.0,13.0,7.9,7.3,5.0,1.0,5.0,4.0,9.7,0.74,43.89,1,1.0675675675675678,1.2125,4.545454545454545,1
25.0,3.0,6.84,5.33,4.0,1.0,6.0,0.0,10.97,0.02,28.53,0,1.259668508287293,1.5806916426512971,5.454545454545454,1
37.0,16.0,11.33,4.65,7.0,10.0,29.0,5.0,14.23,0.75,81.26,2,2.385263157894737,1.2449693788276466,2.871287128712871,2
32.0,13.0,5.09,6.89,3.0,7.0,4.0,2.0,10.06,0.19,17.68,0,0.7281831187410587,1.9383429672447017,0.5633802816901409,0
22.0,15.0,11.52,5.53,1.0,2.0,18.0,4.0,12.62,1.03,58.04,1,2.0461811722912966,1.0860585197934596,8.571428571428571,2
43.0,13.0,4.46,7.33,1.0,8.0,20.0,8.0,6.22,0.01,53.795,0,0.6002691790040378,1.3640350877192984,2.469135802469136,0
29.0,15.0,6.02,6.7,0.0,15.0,27.0,6.0,9.78,0.54,58.5,1,0.8852941176470588,1.5980392156862746,1.7880794701986755,0
33.0,19.0,11.92,5.96,6.0,15.0,6.0,7.0,15.7,1.73,78.16,2,1.966996699669967,1.3061564059900166,0.3973509933774835,1
25.0,7.0,8.99,4.91,5.0,9.0,8.0,5.0,14.76,1.02,83.1,2,1.7944111776447107,1.6237623762376239,0.8791208791208791,1
22.0,2.0,8.76,7.01,3.0,5.0,11.0,8.0,13.65,0.13,51.43,1,1.2320675105485233,1.5406320541760723,2.1568627450980395,1
35.0,18.0,4.5,8.15,6.0,19.0,24.0,2.0,7.16,0.5,26.74,0,0.5454545454545454,1.556521739130435,1.256544502617801,0
26.0,0.0,10.1,7.0,2.0,19.0,14.0,0.0,12.77,1.66,48.46,1,1.4225352112676057,1.2519607843137255,0.7329842931937173,1
39.0,1.0,8.07,7.05,4.0,19.0,14.0,9.0,12.71,1.17,75.43,2,1.1286713286713288,1.5556915544675645,0.7329842931937173,1
32.0,14.0,7.17,6.56,6.0,10.0,27.0,3.0,10.32,1.17,64.01,1,1.0765765765765767,1.4195323246217333,2.6732673267326734,1
28.0,9.0,10.4,5.94,1.0,7.0,23.0,7.0,12.81,0.0,35.28,1,1.7218543046357617,1.22,3.23943661971831,1
34.0,17.0,8.37,6.29,4.0,19.0,20.0,5.0,12.25,0.94,63.66,1,1.3098591549295775,1.4462809917355375,1.0471204188481675,1
40.0,13.0,4.92,8.95,7.0,0.0,15.0,6.0,8.4,0.53,14.66,0,0.5436464088397791,1.6733067729083668,150.0,0
22.0,16.0,13.16,7.75,1.0,5.0,22.0,8.0,15.39,0.67,57.75,1,1.6764331210191084,1.160633484162896,4.313725490196079,1
21.0,12.0,11.78,6.15,1.0,7.0,19.0,1.0,12.02,1.2,43.42,1,1.8847999999999998,1.011784511784512,2.676056338028169,1
21.0,0.0,4.56,6.29,4.0,13.0,25.0,5.0,7.14,1.75,53.795,1,0.7136150234741784,1.5321888412017168,1.9083969465648856,0
22.0,4.0,9.25,6.5,2.0,2.0,14.0,3.0,10.54,0.36,28.75,0,1.4015151515151516,1.1272727272727272,6.666666666666666,1
37.0,12.0,4.83,7.3,0.0,1.0,4.0,5.0,9.6,1.54,10.82,0,0.6527027027027028,1.947261663286004,3.6363636363636362,0
33.0,10.0,12.37,6.33,2.0,0.0,11.0,7.0,14.1,0.1,76.85,2,1.9237947122861585,1.1307137129109865,110.0,1
39.0,2.0,10.13,7.43,4.0,10.0,3.0,1.0,11.91,0.65,48.18,1,1.3452855245683932,1.1642228739002933,0.297029702970297,1
37.0,14.0,5.72,5.65,3.0,5.0,2.0,6.0,9.31,0.44,30.93,0,0.9947826086956522,1.5996563573883165,0.3921568627450981,0
29.0,18.0,4.21,6.05,0.0,7.0,14.0,7.0,8.11,1.83,21.6,0,0.6845528455284553,1.8816705336426915,1.971830985915493,0
44.0,16.0,4.32,8.32,0.0,6.0,26.0,0.0,8.27,0.36,0.0,0,0.5130641330166271,1.8710407239819005,4.262295081967213,0
21.0,2.0,9.07,5.64,3.0,5.0,28.0,9.0,11.57,1.16,70.96,2,1.5801393728222999,1.2617230098146128,5.490196078431373,1
44.0,15.0,11.34,8.82,5.0,17.0,0.0,4.0,15.83,0.33,71.13,2,1.2713004484304933,1.3837412587412588,0.0,1
41.0,13.0,5.21,4.86,1.0,11.0,12.0,8.0,8.39,0.95,54.73,1,1.0504032258064515,1.5800376647834278,1.0810810810810811,1
20.0,11.0,6.21,5.21,7.0,7.0,4.0,1.0,8.96,0.83,39.95,1,1.1694915254237288,1.4199683042789226,0.5633802816901409,1
23.0,11.0,7.27,6.32,7.0,18.0,11.0,5.0,11.51,0.08,76.74,2,1.132398753894081,1.5617367706919947,0.6077348066298343,1
33.0,10.0,6.18,7.99,4.0,4.0,1.0,1.0,8.15,1.65,0.0,0,0.7639060568603213,1.2977707006369428,0.24390243902439027,0
20.0,16.0,7.91,7.66,3.0,18.0,5.0,2.0,12.35,1.56,42.97,1,1.0193298969072166,1.5418227215980025,0.2762430939226519,1
33.0,7.0,9.6,4.87,7.0,8.0,4.0,5.0,12.76,0.56,68.82,1,1.93158953722334,1.3154639175257732,0.4938271604938272,1
35.0,16.0,10.85,5.18,2.0,11.0,26.0,4.0,15.45,1.23,53.47,1,2.0549242424242427,1.4109589041095891,2.3423423423423424,2
41.0,19.0,13.64,6.88,2.0,14.0,17.0,3.0,15.45,0.73,68.23,1,1.9541547277936966,1.1244541484716157,1.2056737588652482,1
33.0,10.0,13.31,5.48,5.0,12.0,23.0,6.0,18.05,1.54,84.13,2,2.385304659498208,1.3460104399701716,1.9008264462809918,2
39.0,1.0,9.7,6.11,3.0,12.0,4.0,2.0,13.45,1.38,56.58,1,1.5619967793880836,1.3724489795918369,0.3305785123966942,1
22.0,9.0,11.34,6.43,4.0,4.0,17.0,9.0,14.81,0.18,87.16,2,1.7366003062787139,1.2945804195804196,4.146341463414634,1
22.0,9.0,13.51,6.97,5.0,1.0,15.0,6.0,16.2,1.69,63.89,1,1.910891089108911,1.1903012490815577,13.636363636363635,1
28.0,10.0,4.83,5.26,5.0,18.0,16.0,8.0,9.66,0.36,72.58,2,0.9011194029850748,1.9594320486815417,0.8839779005524862,0
25.0,5.0,4.06,4.82,5.0,7.0,1.0,1.0,6.84,0.35,26.97,0,0.8252032520325202,1.6442307692307694,0.14084507042253522,0
44.0,3.0,4.3,5.99,7.0,13.0,16.0,4.0,7.29,1.47,38.78,1,0.7060755336617406,1.656818181818182,1.2213740458015268,0
32.0,11.0,9.63,4.41,7.0,5.0,9.0,0.0,13.76,0.37,51.71,1,2.135254988913526,1.4141829393627954,1.7647058823529413,2
40.0,10.0,11.63,6.63,0.0,6.0,25.0,6.0,13.77,0.24,66.06,1,1.7280832095096585,1.1739130434782608,4.0983606557377055,1
21.0,12.0,7.67,8.2,0.0,13.0,14.0,1.0,9.84,0.67,40.66,1,0.9240963855421688,1.2664092664092665,1.0687022900763359,0
27.0,4.0,9.45,4.59,1.0,5.0,13.0,4.0,13.55,1.68,20.09,0,2.0149253731343286,1.4188481675392672,2.5490196078431375,2
40.0,5.0,9.16,4.56,7.0,15.0,18.0,0.0,10.67,0.35,77.03,2,1.9656652360515026,1.152267818574514,1.1920529801324504,1
21.0,0.0,4.95,4.4,4.0,3.0,11.0,0.0,9.24,0.68,14.8,0,1.1,1.8297029702970298,3.5483870967741935,1
23.0,5.0,7.22,8.24,2.0,6.0,14.0,3.0,10.72,0.57,30.24,0,0.8657074340527577,1.4644808743169402,2.295081967213115,0
44.0,17.0,8.99,4.4,2.0,15.0,0.0,6.0,7.35,0.71,55.4,1,1.9977777777777779,0.8085808580858086,0.0,1
34.0,8.0,5.11,8.92,1.0,3.0,6.0,6.0,7.03,1.43,7.4,0,0.5665188470066519,1.3493282149712094,1.9354838709677418,0
23.0,14.0,12.12,5.79,2.0,6.0,25.0,7.0,16.27,0.81,75.65,2,2.057724957555178,1.3314238952536825,4.0983606557377055,2
32.0,7.0,12.29,5.64,5.0,1.0,6.0,8.0,16.51,1.52,70.14,2,2.1411149825783973,1.332526230831316,5.454545454545454,2
31.0,18.0,12.02,4.46,4.0,7.0,12.0,3.0,14.95,1.28,72.48,2,2.635964912280702,1.2334983498349834,1.6901408450704227,2
32.0,15.0,11.27,6.93,1.0,9.0,8.0,1.0,13.83,0.72,46.94,1,1.6031294452347085,1.216358839050132,0.8791208791208791,1
33.0,5.0,11.93,6.93,1.0,1.0,4.0,9.0,13.91,0.86,48.76,1,1.6970128022759603,1.1562759767248545,3.6363636363636362,1
39.0,5.0,10.71,6.47,3.0,5.0,3.0,9.0,14.73,1.41,63.76,1,1.6301369863013702,1.3626271970397779,0.5882352941176471,1
37.0,2.0,10.7,5.56,0.0,3.0,4.0,2.0,14.26,1.07,18.0,0,1.8904593639575973,1.3203703703703704,1.2903225806451613,1
25.0,9.0,10.67,5.84,4.0,0.0,23.0,8.0,12.5,1.74,53.795,1,1.7962962962962965,1.1606313834726092,230.0,1
30.0,0.0,9.14,5.6,4.0,5.0,23.0,7.0,13.32,1.87,60.44,1,1.6035087719298249,1.4415584415584415,4.509803921568627,1
21.0,13.0,7.63,6.13,0.0,11.0,27.0,5.0,12.16,1.44,28.94,0,1.2247191011235956,1.573091849935317,2.4324324324324325,1
42.0,3.0,11.3,5.71,5.0,13.0,19.0,2.0,12.54,1.98,62.99,1,1.944922547332186,1.0999999999999999,1.450381679389313,1
38.0,11.0,6.99,7.38,4.0,14.0,11.0,9.0,11.08,1.19,76.67,2,0.9344919786096257,1.5627644569816643,0.7801418439716312,0
38.0,5.0,9.43,5.48,2.0,17.0,7.0,5.0,13.84,0.08,100.0,2,1.689964157706093,1.4522560335781742,0.4093567251461988,1
24.0,10.0,8.33,5.75,2.0,16.0,12.0,1.0,13.3,1.01,51.63,1,1.423931623931624,1.5776986951364176,0.7453416149068323,1
38.0,11.0,6.77,6.18,4.0,8.0,3.0,3.0,8.72,0.46,40.45,1,1.0780254777070064,1.2692867540029114,0.3703703703703704,1
21.0,9.0,13.75,4.02,6.0,14.0,19.0,3.0,16.23,0.67,97.61,2,3.3373786407767,1.171841155234657,1.3475177304964538,3
29.0,17.0,6.59,6.46,6.0,17.0,10.0,8.0,11.45,0.98,73.72,2,1.0045731707317074,1.711509715994021,0.5847953216374269,1
44.0,6.0,7.09,6.46,7.0,17.0,14.0,7.0,8.47,0.59,92.74,2,1.0807926829268293,1.1780250347705148,0.8187134502923976,1
21.0,6.0,8.99,4.28,3.0,4.0,23.0,6.0,8.71,0.62,39.91,1,2.0525114155251143,0.9581958195819583,5.609756097560976,2
30.0,10.0,12.23,8.56,4.0,15.0,13.0,3.0,15.26,0.8,56.2,1,1.412240184757506,1.2376317923763178,0.8609271523178809,1
37.0,3.0,9.87,5.61,1.0,8.0,17.0,6.0,13.3,0.57,62.63,1,1.7285464098073553,1.3340020060180544,2.0987654320987654,1
32.0,19.0,10.13,6.13,5.0,2.0,19.0,0.0,12.45,0.34,34.58,0,1.6260032102728734,1.2170087976539588,9.047619047619047,1
34.0,0.0,12.21,8.14,7.0,11.0,0.0,7.0,16.91,1.53,66.64,1,1.4817961165048545,1.373679935012185,0.0,1
28.0,12.0,7.43,4.83,7.0,13.0,0.0,7.0,9.51,0.79,63.68,1,1.5070993914807302,1.2629482071713147,0.0,1
42.0,17.0,5.94,8.25,1.0,0.0,10.0,8.0,9.54,1.66,13.3,0,0.7113772455089821,1.5794701986754964,100.0,0
38.0,8.0,5.98,5.21,0.0,8.0,28.0,8.0,8.96,1.77,46.48,1,1.1261770244821094,1.473684210526316,3.4567901234567904,1
28.0,8.0,11.33,6.46,5.0,8.0,28.0,0.0,13.4,1.5,53.06,1,1.7271341463414636,1.1723534558180229,3.4567901234567904,1
22.0,8.0,10.14,7.43,5.0,19.0,28.0,9.0,11.9,0.79,100.0,2,1.3466135458167332,1.162109375,1.4659685863874345,1
40.0,9.0,6.06,8.53,2.0,12.0,23.0,6.0,10.89,1.44,27.41,0,0.7022016222479722,1.7678571428571432,1.9008264462809918,0
28.0,1.0,5.45,7.04,5.0,7.0,19.0,0.0,8.7,0.31,17.84,0,0.7633053221288516,1.5675675675675675,2.676056338028169,0
33.0,5.0,5.21,6.27,3.0,10.0,29.0,5.0,8.63,1.32,41.72,1,0.8178963893249609,1.6252354048964222,2.871287128712871,0
38.0,14.0,10.28,6.86,4.0,13.0,5.0,4.0,14.41,0.81,73.12,2,1.4770114942528734,1.3882466281310213,0.3816793893129771,1
26.0,2.0,4.0,5.01,1.0,15.0,4.0,1.0,5.32,1.31,23.2,0,0.7827788649706459,1.2975609756097564,0.26490066225165565,0
35.0,10.0,4.18,7.45,2.0,10.0,12.0,2.0,8.04,1.51,6.68,0,0.5536423841059602,1.8785046728971964,1.188118811881188,0
35.0,5.0,7.9,4.93,7.0,18.0,9.0,7.0,9.56,1.13,89.84,2,1.5705765407554675,1.195,0.49723756906077343,1
20.0,2.0,10.91,6.79,7.0,9.0,5.0,1.0,14.87,1.28,64.78,1,1.5834542815674892,1.3505903723887374,0.5494505494505495,1
23.0,10.0,10.95,6.46,6.0,7.0,3.0,3.0,12.52,0.43,56.26,1,1.6692073170731707,1.1330316742081448,0.4225352112676057,1
23.0,14.0,8.3,8.49,7.0,10.0,3.0,2.0,12.63,1.19,53.795,1,0.9662398137369035,1.5035714285714286,0.297029702970297,0
26.0,12.0,10.91,6.25,2.0,7.0,6.0,6.0,14.63,0.92,60.98,1,1.7181102362204725,1.328792007266122,0.8450704225352114,1
27.0,19.0,9.21,7.88,3.0,19.0,15.0,7.0,11.75,0.86,68.71,1,1.1541353383458648,1.2620837808807732,0.7853403141361256,1
36.0,9.0,13.77,4.84,3.0,9.0,0.0,3.0,16.21,0.82,85.74,2,2.787449392712551,1.1687094448449893,0.0,2
24.0,5.0,5.62,4.78,3.0,16.0,8.0,5.0,7.22,0.62,56.61,1,1.1516393442622952,1.2622377622377623,0.49689440993788814,1
26.0,14.0,10.01,6.62,3.0,10.0,25.0,2.0,14.63,0.61,37.36,1,1.4895833333333333,1.4470820969337292,2.4752475247524752,1
39.0,17.0,8.91,6.98,6.0,11.0,18.0,6.0,10.38,1.4,53.795,1,1.2584745762711864,1.1520532741398448,1.6216216216216217,1
39.0,17.0,5.94,7.16,1.0,9.0,14.0,7.0,8.83,1.12,13.97,0,0.8181818181818182,1.4619205298013245,1.5384615384615385,0
23.0,6.0,11.5,7.73,3.0,19.0,14.0,6.0,13.45,0.06,100.0,1,1.4687100893997445,1.1594827586206897,0.7329842931937173,1
25.0,14.0,6.76,5.47,2.0,16.0,8.0,3.0,12.02,0.1,69.41,1,1.213644524236984,1.7521865889212829,0.49689440993788814,1
26.0,17.0,7.82,7.11,2.0,2.0,20.0,9.0,11.16,1.14,26.76,0,1.0846047156726768,1.4090909090909092,9.523809523809524,1
37.0,17.0,7.75,4.94,6.0,6.0,27.0,8.0,9.35,1.69,52.64,1,1.5376984126984128,1.1910828025477707,4.426229508196721,1
24.0,19.0,6.44,6.46,5.0,2.0,19.0,9.0,10.11,0.09,54.64,1,0.9817073170731708,1.5458715596330275,9.047619047619047,0
39.0,8.0,8.31,4.34,4.0,16.0,27.0,7.0,13.28,1.01,96.14,2,1.871621621621622,1.5790725326991675,1.6770186335403725,1
22.0,1.0,8.73,7.74,2.0,9.0,21.0,5.0,12.15,1.7,44.43,1,1.1135204081632655,1.37599093997735,2.307692307692308,1
26.0,7.0,11.44,6.53,2.0,18.0,0.0,1.0,14.27,0.01,76.24,2,1.7254901960784312,1.2365684575389948,0.0,1
32.0,19.0,11.65,5.19,4.0,13.0,25.0,9.0,13.82,0.55,93.86,2,2.2022684310018903,1.1761702127659575,1.9083969465648856,2
33.0,1.0,5.59,6.78,1.0,4.0,0.0,6.0,6.96,1.02,24.41,0,0.8125,1.2231985940246046,0.0,0
26.0,10.0,9.93,5.77,7.0,18.0,15.0,8.0,11.84,0.16,100.0,2,1.6916524701873936,1.1804586241276172,0.8287292817679557,1
24.0,6.0,12.96,8.19,5.0,12.0,4.0,8.0,16.17,1.21,84.33,2,1.5633293124246082,1.2381316998468608,0.3305785123966942,1
41.0,5.0,5.09,6.64,2.0,17.0,20.0,8.0,9.11,1.01,55.04,1,0.755192878338279,1.7552986512524085,1.1695906432748537,0
24.0,9.0,8.73,4.15,0.0,9.0,26.0,8.0,13.24,0.3,65.08,1,2.0541176470588236,1.4994337485843714,2.857142857142857,2
42.0,4.0,11.5,8.93,2.0,11.0,8.0,5.0,15.67,0.08,75.25,2,1.2735326688815063,1.3508620689655173,0.7207207207207208,1
21.0,10.0,10.11,4.37,7.0,7.0,0.0,0.0,11.61,1.01,39.1,1,2.261744966442953,1.137120470127326,0.0,2
40.0,0.0,5.01,7.48,4.0,11.0,18.0,5.0,9.1,1.02,35.87,1,0.6609498680738786,1.7808219178082194,1.6216216216216217,0
41.0,1.0,7.97,6.19,4.0,0.0,15.0,4.0,11.3,0.35,33.51,0,1.2670906200317964,1.4002478314745974,150.0,1
25.0,0.0,9.07,5.25,5.0,17.0,2.0,6.0,11.95,1.38,59.77,1,1.6953271028037384,1.303162486368593,0.11695906432748537,1
34.0,18.0,13.96,7.38,5.0,1.0,3.0,7.0,17.25,1.09,64.05,1,1.8663101604278076,1.2268847795163584,2.727272727272727,1
40.0,1.0,5.79,4.63,3.0,11.0,11.0,0.0,6.82,0.72,24.64,0,1.2241014799154335,1.1578947368421053,0.990990990990991,1
29.0,19.0,13.82,8.29,1.0,18.0,28.0,9.0,15.09,1.33,83.96,2,1.6471990464839097,1.084051724137931,1.5469613259668507,1
42.0,3.0,7.76,5.25,7.0,6.0,6.0,3.0,10.86,0.38,43.07,1,1.4504672897196262,1.381679389312977,0.9836065573770493,1
43.0,11.0,6.0,5.81,4.0,6.0,14.0,3.0,7.69,0.91,43.66,1,1.0152284263959392,1.2606557377049181,2.295081967213115,1
26.0,19.0,8.14,7.16,0.0,0.0,22.0,0.0,11.32,1.1,5.97,1,1.1212121212121213,1.3737864077669903,220.0,1
24.0,17.0,10.14,4.01,0.0,17.0,14.0,3.0,12.56,0.92,80.51,2,2.467153284671533,1.2265625,0.8187134502923976,2
20.0,0.0,6.13,6.36,3.0,7.0,25.0,5.0,10.76,0.8,27.19,0,0.9489164086687306,1.7271268057784912,3.5211267605633805,0
32.0,10.0,6.91,8.47,1.0,9.0,4.0,5.0,11.71,1.48,22.08,0,0.8063010501750292,1.6704707560627676,0.43956043956043955,0
40.0,13.0,12.55,7.4,1.0,0.0,29.0,3.0,17.47,1.31,33.35,1,1.6733333333333333,1.3810276679841895,290.0,1
37.0,3.0,13.99,5.94,5.0,14.0,24.0,1.0,18.59,1.28,82.39,2,2.316225165562914,1.3193754435770049,1.702127659574468,2
32.0,4.0,7.18,7.3,2.0,14.0,22.0,6.0,12.12,1.78,53.12,1,0.9702702702702704,1.664835164835165,1.5602836879432624,0
40.0,10.0,5.49,8.68,0.0,3.0,1.0,7.0,9.31,1.99,12.49,0,0.6252847380410024,1.6654740608228982,0.3225806451612903,0
40.0,12.0,11.93,4.94,0.0,9.0,11.0,8.0,16.77,1.13,68.16,1,2.367063492063492,1.3940149625935163,1.208791208791209,2
37.0,15.0,10.0,6.66,6.0,7.0,18.0,8.0,13.57,0.7,77.26,2,1.4792899408284024,1.3435643564356436,2.535211267605634,1
24.0,12.0,5.0,5.17,0.0,13.0,26.0,3.0,9.24,1.56,25.43,0,0.9487666034155599,1.8117647058823532,1.984732824427481,0
32.0,1.0,13.47,8.27,0.0,12.0,22.0,2.0,15.0,0.28,65.53,1,1.6093189964157708,1.105379513633014,1.8181818181818183,1
23.0,15.0,4.78,7.61,6.0,16.0,4.0,4.0,8.51,1.03,30.57,0,0.6199740596627756,1.7438524590163935,0.24844720496894407,0
36.0,5.0,10.25,8.01,4.0,6.0,22.0,5.0,14.97,1.05,46.4,1,1.2638717632552405,1.446376811594203,3.6065573770491803,1
22.0,13.0,8.24,8.72,1.0,5.0,24.0,7.0,11.4,1.97,34.64,0,0.9342403628117913,1.366906474820144,4.705882352941177,0
36.0,0.0,9.57,5.16,2.0,8.0,24.0,2.0,11.32,1.98,44.34,1,1.8193916349809887,1.170630816959669,2.9629629629629632,1
30.0,16.0,6.13,4.24,4.0,19.0,2.0,5.0,9.24,1.6,58.51,1,1.412442396313364,1.4831460674157304,0.10471204188481674,1
40.0,10.0,10.88,5.45,1.0,19.0,23.0,4.0,14.71,0.95,85.27,2,1.9603603603603605,1.3397085610200365,1.2041884816753925,1
39.0,18.0,13.6,6.0,3.0,7.0,28.0,6.0,17.68,1.09,68.77,1,2.2295081967213117,1.2905109489051096,3.943661971830986,2
42.0,2.0,8.58,7.13,0.0,13.0,5.0,8.0,11.67,0.64,43.71,1,1.1867219917012448,1.3444700460829493,0.3816793893129771,1
40.0,10.0,9.23,7.99,2.0,19.0,12.0,6.0,11.1,1.66,76.22,2,1.1409147095179235,1.1897106109324758,0.6282722513089005,1
23.0,4.0,6.4,5.75,1.0,2.0,19.0,5.0,11.11,1.49,12.51,0,1.0940170940170941,1.709230769230769,9.047619047619047,1
21.0,16.0,12.92,6.37,7.0,12.0,14.0,8.0,17.01,1.54,100.0,2,1.9969088098918084,1.306451612903226,1.15702479338843,1
39.0,6.0,13.71,7.93,3.0,8.0,3.0,9.0,15.79,0.28,82.06,1,1.7073474470734746,1.1433743664011584,0.3703703703703704,1
35.0,9.0,11.86,5.13,0.0,8.0,19.0,3.0,16.11,0.8,66.24,1,2.2676864244741877,1.346989966555184,2.345679012345679,2
37.0,10.0,9.43,5.09,3.0,10.0,6.0,0.0,11.82,1.07,39.59,1,1.8169556840077072,1.2402938090241344,0.594059405940594,1
32.0,2.0,13.57,6.95,4.0,5.0,21.0,7.0,15.82,0.25,90.35,2,1.924822695035461,1.1572787125091442,4.11764705882353,1
22.0,19.0,5.54,6.18,3.0,11.0,17.0,5.0,9.99,0.74,36.83,1,0.8821656050955415,1.771276595744681,1.5315315315315317,0
28.0,9.0,8.78,8.74,4.0,3.0,20.0,5.0,13.27,0.17,34.35,0,0.9932126696832578,1.4943693693693696,6.451612903225806,0
39.0,9.0,9.38,5.79,3.0,3.0,20.0,4.0,11.97,1.92,16.58,0,1.5925297113752124,1.2626582278481013,6.451612903225806,1
25.0,13.0,8.92,7.8,4.0,16.0,21.0,9.0,9.96,1.5,56.7,1,1.129113924050633,1.1042128603104215,1.3043478260869563,1
29.0,11.0,12.02,6.92,7.0,6.0,6.0,2.0,13.77,1.24,65.8,1,1.7122507122507122,1.1361386138613863,0.9836065573770493,1
40.0,14.0,10.7,4.27,5.0,5.0,11.0,5.0,15.34,0.41,62.7,1,2.4485125858123573,1.4203703703703705,2.1568627450980395,2
29.0,9.0,5.27,4.42,4.0,19.0,10.0,0.0,9.86,0.67,31.7,0,1.165929203539823,1.836126629422719,0.5235602094240838,1
32.0,9.0,7.46,5.02,6.0,7.0,23.0,6.0,10.27,0.29,53.53,1,1.4570312500000002,1.3584656084656084,3.23943661971831,1
36.0,18.0,7.39,4.72,6.0,6.0,11.0,5.0,9.61,1.07,57.1,1,1.533195020746888,1.2830440587449934,1.8032786885245902,1
28.0,0.0,9.66,5.65,3.0,7.0,25.0,4.0,11.87,1.64,37.54,1,1.68,1.2161885245901638,3.5211267605633805,1
36.0,9.0,6.91,6.89,1.0,8.0,29.0,2.0,11.5,0.04,41.15,1,0.9885550786838342,1.6405135520684737,3.5802469135802473,0
43.0,1.0,5.17,7.01,3.0,0.0,14.0,7.0,7.47,0.21,18.25,0,0.7271448663853728,1.4174573055028463,140.0,0
28.0,16.0,10.54,6.94,3.0,2.0,7.0,3.0,13.59,0.46,37.79,1,1.4971590909090908,1.2772556390977445,3.333333333333333,1
28.0,6.0,12.51,4.59,1.0,17.0,10.0,8.0,16.43,1.43,89.29,2,2.6673773987206824,1.302934179222839,0.5847953216374269,2
20.0,6.0,13.32,7.0,0.0,18.0,20.0,8.0,15.16,1.79,70.85,2,1.8760563380281692,1.1296572280178838,1.1049723756906076,1
21.0,19.0,13.73,6.05,2.0,10.0,17.0,4.0,15.75,1.51,69.79,1,2.2325203252032524,1.13882863340564,1.6831683168316833,2
35.0,8.0,11.81,8.52,5.0,15.0,9.0,6.0,14.24,1.05,76.75,2,1.3700696055684456,1.195633921074727,0.5960264900662252,1
20.0,1.0,5.4,8.56,7.0,17.0,14.0,5.0,9.02,0.21,53.795,1,0.6235565819861432,1.64,0.8187134502923976,0
29.0,13.0,12.53,7.84,0.0,5.0,5.0,5.0,16.8,1.51,40.89,1,1.5780856423173804,1.3301662707838482,0.9803921568627452,1
37.0,16.0,8.0,7.52,3.0,1.0,2.0,3.0,11.19,0.21,9.32,0,1.0498687664041997,1.3814814814814815,1.8181818181818181,1
27.0,0.0,11.3,4.57,0.0,3.0,19.0,9.0,12.83,0.7,84.65,2,2.4197002141327624,1.1254385964912281,6.129032258064516,2
40.0,8.0,9.31,4.42,2.0,4.0,11.0,7.0,12.09,0.62,60.37,1,2.0597345132743365,1.2848034006376194,2.682926829268293,2
30.0,19.0,12.29,6.46,6.0,13.0,16.0,9.0,13.8,0.72,89.06,2,1.8734756097560976,1.1138014527845037,1.2213740458015268,1
42.0,18.0,8.26,6.14,0.0,0.0,2.0,2.0,9.61,0.66,29.72,0,1.323717948717949,1.1495215311004785,20.0,1
21.0,3.0,4.62,6.26,2.0,13.0,19.0,4.0,7.98,1.54,22.37,0,0.7264150943396227,1.690677966101695,1.450381679389313,0
27.0,7.0,9.57,8.24,7.0,12.0,17.0,0.0,14.39,0.34,39.57,1,1.1474820143884892,1.4881075491209927,1.4049586776859504,1
41.0,12.0,5.71,7.11,0.0,15.0,29.0,0.0,10.06,1.69,27.73,1,0.7919556171983356,1.7314974182444065,1.9205298013245033,0
27.0,3.0,13.66,4.9,7.0,3.0,11.0,8.0,17.76,1.72,100.0,2,2.732,1.2906976744186047,3.5483870967741935,2
36.0,8.0,9.27,5.06,4.0,5.0,21.0,3.0,13.18,0.98,33.82,0,1.7965116279069768,1.4066168623265742,4.11764705882353,1
34.0,8.0,9.54,4.03,3.0,8.0,14.0,8.0,14.13,0.21,75.88,2,2.309927360774818,1.4657676348547721,1.7283950617283952,2
36.0,17.0,13.07,7.55,2.0,0.0,15.0,6.0,17.08,1.15,54.43,1,1.708496732026144,1.2968868640850417,150.0,1
42.0,11.0,10.25,6.43,5.0,16.0,27.0,9.0,13.76,1.64,90.38,2,1.5696784073506893,1.3294685990338164,1.6770186335403725,1
43.0,9.0,7.03,8.75,3.0,3.0,21.0,7.0,9.49,0.58,26.68,0,0.7943502824858758,1.3309957924263676,6.774193548387097,0
32.0,10.0,6.96,7.57,4.0,5.0,9.0,8.0,8.36,1.68,28.43,0,0.9074315514993481,1.1841359773371105,1.7647058823529413,0
32.0,6.0,9.02,4.52,6.0,15.0,18.0,0.0,11.86,1.35,41.04,1,1.9523809523809526,1.3004385964912282,1.1920529801324504,1
24.0,8.0,12.67,4.81,0.0,6.0,8.0,6.0,17.37,1.97,83.85,2,2.5804480651731163,1.3602192638997652,1.3114754098360657,2
31.0,5.0,11.95,6.51,3.0,4.0,14.0,7.0,15.28,1.65,75.92,2,1.8078668683812407,1.2680497925311205,3.414634146341464,1
20.0,18.0,13.63,8.62,0.0,8.0,19.0,1.0,15.37,0.4,43.45,1,1.5630733944954132,1.1194464675892206,2.345679012345679,1
42.0,15.0,4.72,6.46,0.0,18.0,13.0,9.0,8.32,0.9,60.71,1,0.7195121951219512,1.7261410788381746,0.718232044198895,0
24.0,14.0,6.68,8.13,3.0,0.0,21.0,8.0,9.54,0.21,23.11,0,0.8116646415552855,1.407079646017699,210.0,0
27.0,6.0,4.8,5.56,2.0,7.0,3.0,0.0,9.53,0.14,15.43,0,0.8480565371024735,1.9448979591836735,0.4225352112676057,0
32.0,15.0,11.51,5.35,2.0,19.0,14.0,2.0,13.15,1.41,75.02,2,2.1119266055045873,1.132644272179156,0.7329842931937173,2
27.0,4.0,5.41,8.51,3.0,3.0,19.0,8.0,9.26,1.83,7.06,0,0.6283391405342625,1.6805807622504538,6.129032258064516,0
44.0,15.0,5.0,4.24,2.0,16.0,26.0,0.0,8.73,1.95,32.92,0,1.1520737327188941,1.711764705882353,1.6149068322981366,1
42.0,0.0,9.62,7.3,1.0,0.0,1.0,3.0,14.55,0.54,27.69,0,1.3,1.4969135802469138,10.0,1
30.0,18.0,8.11,4.22,4.0,1.0,25.0,9.0,11.37,0.4,33.63,0,1.8773148148148149,1.38489646772229,22.727272727272727,1
20.0,4.0,11.15,8.0,3.0,13.0,17.0,5.0,15.64,1.12,57.31,1,1.3765432098765433,1.3902222222222222,1.297709923664122,1
32.0,6.0,8.87,8.15,5.0,1.0,1.0,5.0,9.97,0.4,53.795,0,1.075151515151515,1.1114827201783726,0.9090909090909091,1
38.0,18.0,8.25,8.47,4.0,0.0,17.0,3.0,9.74,0.59,53.795,0,0.9626604434072346,1.1664670658682637,170.0,0
43.0,4.0,8.26,4.93,7.0,12.0,7.0,9.0,10.64,1.67,75.22,2,1.6421471172962228,1.272727272727273,0.578512396694215,1
22.0,16.0,12.72,4.62,6.0,7.0,9.0,9.0,16.2,1.62,87.84,2,2.6949152542372885,1.2636505460218408,1.267605633802817,2
43.0,7.0,7.95,6.52,3.0,9.0,19.0,9.0,10.75,1.79,51.62,1,1.2009063444108763,1.3354037267080745,2.087912087912088,1
36.0,0.0,7.33,5.36,3.0,19.0,3.0,9.0,9.14,0.96,100.0,2,1.3424908424908426,1.230148048452221,0.15706806282722513,1
24.0,1.0,7.39,7.03,0.0,1.0,9.0,0.0,10.75,1.13,7.71,0,1.0364656381486677,1.4352469959946597,8.181818181818182,1
39.0,14.0,5.97,6.57,4.0,16.0,9.0,4.0,9.24,1.54,51.14,1,0.8950524737631184,1.5222405271828667,0.5590062111801242,0
40.0,19.0,12.61,4.72,0.0,5.0,26.0,4.0,12.02,0.48,64.39,1,2.616182572614108,0.945712037765539,5.098039215686275,2
27.0,17.0,5.47,7.7,5.0,2.0,29.0,2.0,6.83,1.65,0.0,0,0.7012820512820512,1.2262118491921006,13.809523809523808,0
33.0,10.0,13.09,8.02,6.0,19.0,2.0,2.0,12.02,0.04,87.4,2,1.6120689655172415,0.9112964366944655,0.10471204188481674,1
23.0,9.0,6.83,8.82,7.0,16.0,20.0,3.0,10.2,1.6,45.38,1,0.765695067264574,1.4718614718614718,1.2422360248447204,0
30.0,3.0,12.99,5.98,7.0,5.0,3.0,2.0,15.05,1.55,70.13,2,2.1365131578947367,1.1497326203208558,0.5882352941176471,2
39.0,4.0,11.91,5.69,2.0,7.0,22.0,2.0,15.66,0.6,46.18,1,2.05699481865285,1.3039134054954205,3.098591549295775,2
34.0,3.0,9.82,4.96,3.0,13.0,9.0,2.0,12.09,1.46,53.77,1,1.940711462450593,1.21875,0.6870229007633588,1
38.0,12.0,10.69,4.9,0.0,9.0,6.0,6.0,13.71,0.43,56.32,1,2.138,1.2706209453197406,0.6593406593406593,2
26.0,12.0,7.26,5.61,7.0,19.0,21.0,8.0,9.62,1.15,76.91,2,1.2714535901926445,1.3070652173913044,1.0994764397905759,1
38.0,17.0,9.74,8.91,6.0,9.0,22.0,0.0,14.26,1.4,32.59,0,1.0810210876803552,1.4491869918699187,2.417582417582418,1
38.0,1.0,6.92,4.46,5.0,14.0,11.0,5.0,11.9,1.43,56.13,1,1.5175438596491229,1.6951566951566952,0.7801418439716312,1
30.0,15.0,8.02,5.3,5.0,7.0,6.0,9.0,12.02,1.97,67.81,1,1.4851851851851852,1.480295566502463,0.8450704225352114,1
24.0,0.0,11.65,4.43,6.0,10.0,12.0,0.0,12.74,0.36,60.36,1,2.571743929359824,1.0842553191489361,1.188118811881188,2
24.0,18.0,6.44,5.37,7.0,15.0,7.0,8.0,8.32,0.96,80.31,2,1.1773308957952469,1.27217125382263,0.4635761589403974,1
41.0,8.0,12.39,4.46,7.0,2.0,26.0,7.0,15.75,1.76,69.35,1,2.717105263157895,1.2610088070456364,12.38095238095238,2
27.0,2.0,7.76,6.54,4.0,14.0,12.0,5.0,12.02,1.12,46.85,1,1.1686746987951808,1.529262086513995,0.851063829787234,1
29.0,6.0,9.32,6.19,3.0,12.0,0.0,5.0,13.57,1.75,66.18,1,1.4817170111287759,1.440552016985138,0.0,1
25.0,9.0,13.42,4.87,5.0,10.0,15.0,9.0,16.05,0.87,100.0,2,2.700201207243461,1.1871301775147929,1.4851485148514851,2
34.0,0.0,10.81,4.87,6.0,13.0,18.0,6.0,14.25,1.59,86.82,2,2.1750503018108653,1.306141154903758,1.3740458015267176,2
35.0,9.0,10.46,7.13,2.0,6.0,27.0,7.0,13.28,1.74,34.44,0,1.446749654218534,1.2575757575757573,4.426229508196721,1
36.0,8.0,11.12,5.94,7.0,18.0,18.0,6.0,15.73,1.69,100.0,2,1.8410596026490065,1.4019607843137256,0.9944751381215469,1
27.0,14.0,13.18,4.28,0.0,14.0,20.0,0.0,14.32,1.74,82.43,2,3.009132420091324,1.0783132530120483,1.4184397163120568,3
27.0,14.0,6.49,8.6,0.0,5.0,25.0,9.0,10.41,0.44,29.89,0,0.745977011494253,1.5796661608497724,4.901960784313726,0
44.0,2.0,10.13,6.02,1.0,19.0,29.0,3.0,13.74,0.88,61.2,1,1.655228758169935,1.343108504398827,1.5183246073298429,1
28.0,4.0,8.0,6.96,2.0,6.0,12.0,3.0,11.6,0.35,53.795,0,1.13314447592068,1.4320987654320987,1.9672131147540985,1
21.0,8.0,4.12,8.43,5.0,13.0,28.0,8.0,6.78,0.36,41.73,1,0.4830011723329426,1.6066350710900474,2.1374045801526718,0
34.0,8.0,5.25,6.01,6.0,3.0,6.0,8.0,6.31,0.98,28.04,0,0.8592471358428806,1.1794392523364485,1.9354838709677418,0
37.0,6.0,7.25,8.1,1.0,8.0,14.0,2.0,12.02,1.92,15.69,0,0.8841463414634148,1.635374149659864,1.7283950617283952,0
22.0,11.0,9.65,8.57,5.0,6.0,25.0,8.0,13.97,1.18,48.15,1,1.1130334486735871,1.432820512820513,4.0983606557377055,1
36.0,8.0,12.81,4.87,5.0,14.0,5.0,4.0,14.15,1.71,72.3,2,2.5774647887323945,1.0960495739736638,0.3546099290780142,2
23.0,5.0,11.91,8.46,3.0,2.0,3.0,5.0,14.68,1.87,34.26,0,1.3913551401869158,1.222314737718568,1.4285714285714286,1
23.0,1.0,9.53,4.6,4.0,4.0,21.0,6.0,11.18,0.17,62.91,1,2.0276595744680854,1.1609553478712358,5.121951219512195,2
33.0,8.0,4.74,5.38,6.0,16.0,22.0,2.0,8.18,0.32,41.11,1,0.8649635036496351,1.6900826446280992,1.3664596273291925,0
28.0,16.0,6.86,8.04,5.0,0.0,19.0,3.0,11.0,0.58,14.37,0,0.8427518427518429,1.5804597701149425,190.0,0
28.0,0.0,7.67,8.5,0.0,0.0,10.0,4.0,11.34,1.23,18.8,0,0.8918604651162791,1.4594594594594594,100.0,0
44.0,18.0,10.22,7.42,5.0,15.0,23.0,0.0,12.49,0.12,52.96,1,1.3590425531914896,1.2102713178294573,1.5231788079470199,1
42.0,5.0,4.65,4.52,1.0,13.0,20.0,7.0,6.21,1.57,36.69,1,1.0064935064935068,1.3073684210526315,1.5267175572519085,1
37.0,4.0,9.3,6.61,6.0,10.0,18.0,6.0,13.48,0.13,70.28,2,1.3859910581222057,1.4340425531914893,1.7821782178217822,1
29.0,1.0,13.01,6.86,7.0,13.0,1.0,1.0,15.31,0.32,90.3,2,1.8692528735632183,1.1678108314263922,0.07633587786259542,1
40.0,8.0,11.05,5.41,5.0,7.0,16.0,6.0,12.14,0.76,75.8,2,2.0054446460980038,1.0887892376681614,2.2535211267605635,2
23.0,13.0,11.97,8.96,6.0,18.0,14.0,8.0,15.26,1.12,83.36,2,1.3211920529801324,1.264291632145816,0.7734806629834253,1
31.0,3.0,10.82,5.68,7.0,1.0,19.0,4.0,12.81,1.76,43.5,1,1.8719723183391006,1.1730769230769231,17.27272727272727,1
27.0,3.0,6.07,5.05,7.0,9.0,17.0,5.0,10.43,1.93,42.29,1,1.1786407766990292,1.6904376012965965,1.8681318681318682,1
21.0,14.0,5.1,4.55,0.0,4.0,11.0,4.0,6.67,1.77,14.83,0,1.0967741935483872,1.2826923076923078,2.682926829268293,1
41.0,7.0,12.29,5.89,0.0,14.0,2.0,0.0,15.03,0.21,89.47,2,2.0517529215358934,1.2130750605326877,0.14184397163120568,2
32.0,3.0,10.96,7.46,1.0,0.0,16.0,5.0,12.97,1.26,36.58,1,1.44973544973545,1.1726943942133816,160.0,1
40.0,15.0,9.75,5.16,0.0,1.0,13.0,6.0,13.51,0.88,61.59,1,1.8536121673003803,1.3715736040609137,11.818181818181817,1
35.0,3.0,5.89,7.85,2.0,18.0,28.0,4.0,9.08,0.25,57.0,1,0.7408805031446541,1.5158597662771287,1.5469613259668507,0
21.0,15.0,10.03,6.46,2.0,16.0,5.0,2.0,14.19,1.11,42.56,1,1.5289634146341464,1.4007897334649557,0.3105590062111801,1
30.0,11.0,4.31,6.2,4.0,14.0,3.0,5.0,7.14,0.71,39.07,1,0.6841269841269841,1.6190476190476193,0.2127659574468085,0
29.0,15.0,5.19,7.51,6.0,17.0,20.0,6.0,6.21,0.69,55.73,1,0.6819973718791066,1.1739130434782608,1.1695906432748537,0
34.0,18.0,7.12,4.68,2.0,7.0,7.0,9.0,8.98,0.19,62.56,1,1.489539748953975,1.2437673130193907,0.9859154929577465,1
36.0,7.0,8.44,6.99,1.0,9.0,26.0,9.0,13.44,1.96,60.08,1,1.1904090267983074,1.5737704918032789,2.857142857142857,1
27.0,5.0,5.21,6.46,5.0,7.0,19.0,8.0,7.83,1.45,17.58,0,0.7942073170731708,1.4745762711864407,2.676056338028169,0
37.0,9.0,5.2,6.98,2.0,7.0,21.0,6.0,8.68,0.56,13.64,1,0.7344632768361582,1.6377358490566039,2.9577464788732395,0
42.0,4.0,11.26,6.56,4.0,18.0,2.0,2.0,15.88,1.83,70.43,2,1.690690690690691,1.3978873239436622,0.11049723756906077,1
28.0,17.0,9.7,8.19,6.0,12.0,7.0,0.0,10.78,1.9,38.15,1,1.1700844390832328,1.1,0.578512396694215,1
44.0,9.0,9.34,8.93,3.0,4.0,12.0,6.0,12.98,1.62,47.58,1,1.034330011074197,1.3750000000000002,2.9268292682926833,1
27.0,9.0,8.52,4.91,3.0,9.0,18.0,7.0,10.67,1.32,61.38,1,1.7005988023952097,1.2378190255220418,1.978021978021978,1
33.0,6.0,13.77,7.46,7.0,6.0,14.0,0.0,15.89,0.75,68.92,1,1.8214285714285714,1.1456380677721703,2.295081967213115,1
44.0,17.0,4.5,4.4,1.0,8.0,22.0,4.0,6.4,0.87,37.02,1,1.0,1.3913043478260871,2.7160493827160495,0
37.0,0.0,5.81,4.21,4.0,13.0,6.0,7.0,10.1,0.91,61.94,1,1.3480278422273781,1.708967851099831,0.4580152671755725,1
41.0,6.0,10.48,5.4,2.0,5.0,2.0,9.0,12.97,1.9,73.32,2,1.9054545454545455,1.225897920604915,0.3921568627450981,1
32.0,0.0,5.36,8.85,4.0,9.0,18.0,6.0,6.63,1.52,23.13,0,0.5988826815642458,1.2142857142857142,1.978021978021978,0
39.0,14.0,9.89,6.76,0.0,0.0,25.0,1.0,11.28,0.58,21.96,0,1.4416909620991256,1.129129129129129,250.0,1
40.0,3.0,9.68,5.34,4.0,10.0,9.0,3.0,11.27,1.25,58.45,1,1.7794117647058825,1.1523517382413089,0.8910891089108911,1
31.0,19.0,13.71,4.66,7.0,7.0,27.0,5.0,18.31,1.19,78.48,2,2.8802521008403366,1.3258508327299057,3.802816901408451,2
38.0,9.0,12.83,8.6,2.0,5.0,26.0,6.0,15.54,1.62,42.03,1,1.474712643678161,1.2018561484918793,5.098039215686275,1
33.0,8.0,13.46,5.81,1.0,16.0,15.0,6.0,18.12,0.19,82.21,2,2.277495769881557,1.336283185840708,0.9316770186335402,2
36.0,1.0,5.14,5.53,0.0,3.0,13.0,2.0,9.41,1.4,0.0,0,0.9129662522202486,1.7958015267175576,4.193548387096774,0
43.0,13.0,12.68,8.29,4.0,5.0,7.0,7.0,17.03,0.66,64.56,1,1.5113230035756855,1.332550860719875,1.3725490196078431,1
40.0,15.0,5.29,7.02,3.0,14.0,10.0,6.0,7.44,0.26,52.12,1,0.7429775280898877,1.3803339517625233,0.7092198581560284,0
22.0,0.0,10.33,4.84,7.0,9.0,18.0,3.0,12.42,1.46,53.39,1,2.091093117408907,1.1907957813998082,1.978021978021978,2
42.0,1.0,11.2,6.11,2.0,16.0,1.0,9.0,14.44,0.66,91.79,2,1.8035426731078903,1.2778761061946904,0.06211180124223602,1
26.0,10.0,5.61,8.64,1.0,9.0,4.0,3.0,8.28,1.46,12.62,0,0.6418764302059496,1.4500875656742556,0.43956043956043955,0
36.0,9.0,10.33,8.51,5.0,4.0,10.0,3.0,13.37,0.32,52.28,1,1.199767711962834,1.2818791946308725,2.439024390243903,1
31.0,19.0,4.52,4.35,7.0,18.0,6.0,4.0,5.73,1.97,52.3,1,1.0157303370786517,1.2402597402597406,0.3314917127071823,1
28.0,0.0,6.93,5.34,2.0,6.0,7.0,1.0,11.82,1.61,40.09,1,1.2738970588235294,1.6813655761024184,1.1475409836065575,1
34.0,12.0,13.21,4.77,4.0,18.0,16.0,8.0,14.44,0.58,100.0,2,2.7125256673511298,1.0848985725018783,0.8839779005524862,2
37.0,0.0,5.72,6.67,6.0,9.0,11.0,5.0,7.44,1.48,36.19,1,0.844903988183161,1.2783505154639176,1.208791208791209,0
40.0,4.0,4.65,7.75,1.0,18.0,17.0,7.0,8.36,1.02,44.42,1,0.5923566878980893,1.7599999999999998,0.9392265193370165,0
32.0,15.0,8.44,5.48,3.0,10.0,28.0,0.0,10.06,1.31,48.59,1,1.5125448028673834,1.177985948477752,2.7722772277227725,1
40.0,14.0,12.51,7.79,0.0,2.0,6.0,5.0,13.94,0.12,53.795,1,1.5855513307984792,1.105471847739889,2.857142857142857,1
27.0,16.0,4.77,7.34,4.0,10.0,8.0,5.0,6.38,0.67,34.52,0,0.6411290322580645,1.3100616016427107,0.7920792079207921,0
33.0,15.0,7.56,7.64,1.0,5.0,18.0,7.0,8.81,1.96,25.33,0,0.9767441860465117,1.1501305483028723,3.5294117647058827,0
27.0,12.0,13.0,8.74,0.0,9.0,13.0,5.0,15.01,0.24,33.27,0,1.4705882352941178,1.1458015267175572,1.4285714285714286,1
33.0,10.0,5.18,6.12,6.0,14.0,23.0,4.0,7.26,1.19,35.24,1,0.8327974276527331,1.3750000000000002,1.6312056737588654,0
26.0,16.0,7.11,5.71,1.0,2.0,29.0,2.0,10.1,0.14,37.7,1,1.223752151462995,1.4008321775312067,13.809523809523808,1
42.0,16.0,11.78,7.42,5.0,10.0,25.0,5.0,14.53,1.34,63.57,1,1.5664893617021276,1.2230639730639732,2.4752475247524752,1
31.0,1.0,9.43,8.04,4.0,7.0,18.0,8.0,12.32,0.56,59.54,1,1.1584766584766586,1.292759706190976,2.535211267605634,1
30.0,12.0,12.32,4.96,1.0,7.0,19.0,9.0,15.78,0.62,86.57,2,2.4347826086956523,1.2705314009661834,2.676056338028169,2
41.0,13.0,5.12,8.23,3.0,15.0,17.0,2.0,7.04,0.68,44.85,1,0.6146458583433373,1.3486590038314177,1.1258278145695364,0
41.0,10.0,13.21,4.29,6.0,2.0,24.0,8.0,14.75,0.41,81.25,2,3.0091116173120733,1.1081893313298272,11.428571428571429,3
30.0,9.0,13.35,4.03,1.0,9.0,29.0,8.0,17.87,1.88,58.2,1,3.232445520581114,1.3286245353159853,3.186813186813187,3
44.0,2.0,5.55,4.79,7.0,7.0,14.0,0.0,9.09,1.81,28.45,0,1.1349693251533743,1.608849557522124,1.971830985915493,1
41.0,16.0,4.34,8.89,4.0,12.0,20.0,1.0,5.58,1.74,17.43,0,0.48275862068965514,1.256756756756757,1.6528925619834711,0
32.0,10.0,13.9,6.62,1.0,0.0,20.0,3.0,18.74,0.21,47.56,1,2.068452380952381,1.3385714285714285,200.0,2
37.0,8.0,8.82,4.23,7.0,9.0,3.0,6.0,12.59,0.47,80.31,2,2.0369515011547343,1.4114349775784754,0.32967032967032966,2
21.0,9.0,9.72,8.99,0.0,4.0,12.0,1.0,11.33,1.22,17.55,0,1.0693069306930694,1.1537678207739308,2.9268292682926833,1
40.0,7.0,10.16,7.72,7.0,4.0,4.0,6.0,15.04,1.94,46.71,1,1.2992327365728902,1.46588693957115,0.9756097560975611,1
34.0,12.0,11.9,8.19,0.0,16.0,11.0,4.0,14.36,1.21,77.95,2,1.4354644149577807,1.1966666666666665,0.6832298136645962,1
39.0,10.0,12.12,5.06,6.0,13.0,29.0,9.0,17.06,0.65,98.9,2,2.3488372093023258,1.3960720130932898,2.213740458015267,2
37.0,4.0,5.94,4.53,5.0,5.0,16.0,6.0,7.35,1.63,58.0,1,1.2829373650107994,1.2168874172185429,3.1372549019607847,1
34.0,5.0,6.37,6.58,2.0,13.0,9.0,8.0,8.01,1.02,58.51,1,0.9535928143712575,1.2380216383307574,0.6870229007633588,0
38.0,16.0,12.77,7.86,6.0,11.0,29.0,8.0,16.4,1.76,73.29,2,1.6042713567839195,1.2742812742812744,2.6126126126126126,1
42.0,10.0,12.2,7.19,5.0,19.0,25.0,2.0,13.29,1.95,57.43,1,1.6735253772290808,1.0804878048780489,1.3089005235602094,1
43.0,19.0,10.18,7.16,6.0,0.0,11.0,2.0,11.25,1.94,42.47,1,1.4022038567493114,1.0943579766536966,110.0,1
31.0,15.0,13.95,7.79,2.0,4.0,5.0,6.0,18.12,0.3,76.64,2,1.768060836501901,1.2896797153024913,1.2195121951219514,1
32.0,8.0,11.35,5.14,3.0,17.0,26.0,4.0,13.02,1.1,90.65,2,2.1660305343511452,1.1371179039301311,1.5204678362573099,2
41.0,1.0,6.16,7.31,0.0,13.0,19.0,4.0,10.84,1.17,46.56,1,0.8313090418353577,1.731629392971246,1.450381679389313,0
30.0,4.0,8.99,5.96,2.0,6.0,27.0,4.0,15.17,0.39,82.53,2,1.4834983498349836,1.668866886688669,4.426229508196721,1
24.0,0.0,8.15,4.35,1.0,14.0,19.0,8.0,12.64,1.09,50.51,1,1.8314606741573038,1.5321212121212122,1.3475177304964538,1
20.0,3.0,4.36,5.01,3.0,8.0,11.0,3.0,7.03,1.29,8.61,0,0.8532289628180041,1.5762331838565022,1.3580246913580247,0
43.0,10.0,7.21,7.97,4.0,14.0,12.0,5.0,10.33,0.66,49.06,1,0.8934324659231722,1.4131326949384406,0.851063829787234,0
22.0,2.0,11.64,8.48,2.0,15.0,20.0,5.0,13.91,0.63,79.92,2,1.3566433566433567,1.1848381601362863,1.3245033112582782,1
41.0,8.0,13.6,5.41,6.0,8.0,29.0,6.0,17.23,0.12,94.65,2,2.468239564428312,1.2576642335766424,3.5802469135802473,2
38.0,11.0,6.76,4.95,5.0,9.0,16.0,1.0,9.03,1.91,32.36,0,1.3386138613861387,1.316326530612245,1.7582417582417582,1
42.0,9.0,6.47,4.13,2.0,6.0,19.0,5.0,8.36,1.61,34.33,0,1.529550827423168,1.2724505327245053,3.114754098360656,1
26.0,1.0,9.64,8.74,5.0,16.0,9.0,8.0,10.96,1.52,63.18,1,1.0904977375565612,1.1252566735112937,0.5590062111801242,1
31.0,10.0,12.12,7.42,6.0,10.0,18.0,2.0,13.35,0.04,67.75,1,1.6117021276595744,1.0924713584288053,1.7821782178217822,1
34.0,9.0,11.47,8.79,6.0,5.0,4.0,1.0,13.69,1.25,38.4,1,1.2902137232845896,1.1832324978392394,0.7843137254901962,1
44.0,5.0,9.6,8.32,5.0,13.0,25.0,7.0,13.55,0.36,65.43,1,1.1401425178147269,1.3969072164948455,1.9083969465648856,1
24.0,17.0,10.31,5.7,4.0,14.0,4.0,0.0,12.13,1.32,56.44,1,1.7775862068965518,1.165225744476465,0.28368794326241137,1
34.0,1.0,6.42,4.56,3.0,7.0,7.0,7.0,8.62,1.24,48.56,1,1.3776824034334767,1.322085889570552,0.9859154929577465,1
27.0,1.0,8.33,6.5,5.0,3.0,29.0,4.0,12.95,1.7,39.57,1,1.2621212121212122,1.5361803084223014,9.35483870967742,1
29.0,9.0,6.55,4.13,0.0,0.0,16.0,8.0,10.11,0.51,36.56,1,1.5484633569739954,1.5203007518796994,160.0,1
35.0,15.0,12.84,4.75,0.0,5.0,2.0,8.0,17.52,0.05,85.81,2,2.6474226804123715,1.3539412673879443,0.3921568627450981,2
27.0,11.0,5.13,5.17,5.0,0.0,20.0,3.0,9.77,1.83,3.78,0,0.9734345351043644,1.8680688336520077,200.0,0
20.0,0.0,10.8,7.33,3.0,4.0,15.0,0.0,12.05,1.82,15.44,0,1.4535666218034995,1.1055045871559632,3.658536585365854,1
31.0,7.0,6.6,6.55,1.0,18.0,26.0,4.0,11.42,0.91,48.88,1,0.9924812030075189,1.7044776119402987,1.43646408839779,0
24.0,15.0,8.76,5.51,6.0,4.0,18.0,6.0,9.96,0.16,66.61,1,1.5614973262032086,1.124153498871332,4.390243902439025,1
22.0,17.0,6.99,6.82,2.0,4.0,5.0,8.0,11.69,1.0,35.05,1,1.0101156069364163,1.6488011283497883,1.2195121951219514,1
20.0,12.0,7.23,4.63,0.0,16.0,9.0,9.0,10.42,1.05,91.72,2,1.528541226215645,1.4215552523874488,0.5590062111801242,1
23.0,14.0,6.6,7.78,2.0,11.0,15.0,8.0,9.73,1.64,33.49,0,0.8375634517766497,1.4522388059701494,1.3513513513513513,0
27.0,11.0,11.53,7.56,3.0,6.0,12.0,8.0,15.38,1.43,60.32,1,1.5052219321148825,1.3224419604471196,1.9672131147540985,1
22.0,7.0,7.66,5.08,1.0,14.0,2.0,5.0,12.18,0.14,43.92,1,1.478764478764479,1.5695876288659794,0.14184397163120568,1
29.0,9.0,11.26,7.03,7.0,18.0,21.0,1.0,14.73,1.41,88.91,2,1.579242636746143,1.296654929577465,1.160220994475138,1
21.0,13.0,8.56,6.52,4.0,12.0,7.0,4.0,11.26,0.27,58.17,1,1.2930513595166166,1.300230946882217,0.578512396694215,1
30.0,4.0,9.47,4.3,6.0,11.0,19.0,2.0,10.92,0.18,45.71,1,2.152272727272728,1.141065830721003,1.7117117117117118,2
44.0,17.0,9.43,5.39,6.0,18.0,7.0,5.0,13.59,0.8,81.43,2,1.7176684881602915,1.4260230849947535,0.38674033149171266,1
29.0,18.0,13.76,9.0,1.0,12.0,6.0,4.0,15.27,1.02,44.32,1,1.512087912087912,1.1017316017316017,0.49586776859504134,1
40.0,14.0,7.67,4.5,7.0,5.0,26.0,9.0,11.58,1.66,75.24,2,1.6673913043478261,1.4903474903474905,5.098039215686275,1
33.0,5.0,6.08,6.46,3.0,0.0,10.0,0.0,9.19,0.93,0.0,0,0.926829268292683,1.4870550161812297,100.0,0
26.0,10.0,13.12,8.25,1.0,5.0,28.0,9.0,15.66,1.17,66.16,1,1.5712574850299401,1.1845688350983359,5.490196078431373,1
21.0,10.0,5.75,5.5,6.0,12.0,19.0,9.0,9.2,1.15,56.59,1,1.0267857142857144,1.5726495726495726,1.5702479338842976,1
28.0,19.0,12.34,5.3,4.0,12.0,2.0,1.0,16.43,1.96,63.7,1,2.285185185185185,1.3207395498392283,0.1652892561983471,2
35.0,19.0,8.99,8.45,0.0,12.0,20.0,4.0,10.26,1.83,28.58,0,1.0514619883040937,1.1287128712871286,1.6528925619834711,1
32.0,17.0,10.59,5.52,1.0,19.0,20.0,5.0,12.65,1.7,73.32,2,1.8843416370106765,1.1833489242282509,1.0471204188481675,1
28.0,17.0,5.51,7.26,5.0,3.0,29.0,0.0,10.3,0.77,16.23,0,0.7486413043478262,1.8360071301247776,9.35483870967742,0
39.0,9.0,13.23,7.7,5.0,4.0,6.0,6.0,18.07,0.29,41.77,1,1.6961538461538463,1.3555888972243062,1.4634146341463417,1
23.0,1.0,9.65,7.94,3.0,9.0,10.0,2.0,13.9,1.18,33.86,0,1.2002487562189055,1.4256410256410257,1.098901098901099,1
41.0,8.0,7.29,8.97,6.0,8.0,16.0,0.0,11.82,0.88,24.69,0,0.8037486218302095,1.5994587280108254,1.9753086419753088,0
29.0,13.0,5.4,8.02,6.0,16.0,24.0,6.0,9.17,0.45,47.48,1,0.665024630541872,1.6672727272727272,1.4906832298136645,0
41.0,18.0,7.71,7.29,1.0,2.0,17.0,6.0,8.87,0.2,44.13,1,1.0433017591339648,1.1357234314980793,8.095238095238095,1
31.0,9.0,11.05,8.48,4.0,19.0,24.0,9.0,14.35,0.87,98.35,2,1.2878787878787878,1.2869955156950672,1.256544502617801,1
36.0,3.0,7.85,8.53,3.0,17.0,8.0,2.0,11.84,1.3,58.26,1,0.9096176129779838,1.489308176100629,0.4678362573099415,0
33.0,5.0,6.46,8.87,1.0,14.0,12.0,5.0,11.23,1.25,36.56,1,0.7201783723522854,1.7118902439024393,0.851063829787234,0
33.0,13.0,9.77,7.88,3.0,0.0,28.0,3.0,13.05,1.55,17.15,0,1.224310776942356,1.3221884498480245,280.0,1
44.0,3.0,8.18,4.97,5.0,8.0,29.0,3.0,12.36,0.93,57.49,1,1.6134122287968444,1.4927536231884058,3.5802469135802473,1
21.0,14.0,5.66,7.55,7.0,5.0,14.0,8.0,9.48,0.64,32.35,0,0.7398692810457517,1.6458333333333335,2.7450980392156863,0
40.0,15.0,5.54,4.38,4.0,17.0,18.0,6.0,7.66,1.08,61.88,1,1.236607142857143,1.3581560283687943,1.0526315789473684,1
44.0,6.0,11.07,5.59,0.0,0.0,14.0,5.0,12.69,1.95,42.32,1,1.9455184534270653,1.136078782452999,140.0,1
32.0,16.0,13.75,4.58,4.0,6.0,6.0,8.0,17.75,0.09,86.93,2,2.9380341880341883,1.2815884476534296,0.9836065573770493,2
30.0,18.0,6.33,8.75,0.0,9.0,2.0,2.0,8.27,1.06,39.24,1,0.7152542372881356,1.2861586314152411,0.21978021978021978,0
35.0,18.0,11.73,5.69,6.0,5.0,23.0,3.0,12.02,0.66,70.8,2,2.0259067357512954,1.0160608622147083,4.509803921568627,2
38.0,16.0,4.88,7.57,2.0,6.0,7.0,8.0,8.46,0.21,23.88,0,0.636245110821382,1.6987951807228918,1.1475409836065575,0
42.0,5.0,7.82,6.86,7.0,5.0,12.0,3.0,11.98,0.87,49.89,1,1.1235632183908046,1.5126262626262628,2.3529411764705883,1
25.0,10.0,9.07,4.54,5.0,7.0,15.0,6.0,12.4,1.28,79.12,2,1.954741379310345,1.3522355507088333,2.1126760563380285,1
43.0,15.0,6.69,6.81,6.0,1.0,2.0,8.0,11.23,1.06,23.83,0,0.9681620839363243,1.6539027982326953,1.8181818181818181,0
38.0,7.0,9.3,7.31,5.0,8.0,20.0,3.0,11.15,0.06,64.76,1,1.2550607287449396,1.1861702127659575,2.469135802469136,1
24.0,10.0,12.83,8.41,7.0,8.0,22.0,8.0,12.02,1.16,66.09,1,1.5076380728554641,0.9296210363495746,2.7160493827160495,1
23.0,6.0,13.44,4.35,5.0,6.0,0.0,6.0,16.99,0.46,87.41,2,3.020224719101124,1.2548005908419497,0.0,3
34.0,18.0,5.01,5.48,4.0,8.0,2.0,3.0,12.02,0.68,34.48,0,0.8978494623655914,2.352250489236791,0.2469135802469136,0
23.0,9.0,6.72,7.46,0.0,16.0,15.0,5.0,9.88,0.62,32.07,0,0.888888888888889,1.4486803519061586,0.9316770186335402,0
39.0,8.0,13.79,4.17,2.0,2.0,0.0,5.0,14.83,1.72,60.05,1,3.2295081967213117,1.0676745860331174,0.0,3
29.0,3.0,6.7,5.02,7.0,15.0,17.0,2.0,10.41,0.1,54.36,1,1.3085937500000002,1.5308823529411766,1.1258278145695364,1
43.0,14.0,10.93,5.09,2.0,15.0,13.0,6.0,15.18,1.02,77.39,2,2.10597302504817,1.3762466001813236,0.8609271523178809,2
41.0,12.0,6.53,6.46,2.0,1.0,29.0,0.0,8.64,0.79,0.0,0,0.9954268292682927,1.3031674208144797,26.36363636363636,0
22.0,1.0,7.56,6.46,6.0,10.0,6.0,6.0,8.78,1.24,71.01,2,1.1524390243902438,1.1462140992167102,0.594059405940594,1
24.0,1.0,5.91,7.0,3.0,15.0,22.0,2.0,8.98,1.58,20.95,0,0.8323943661971832,1.4941763727121466,1.456953642384106,0
25.0,15.0,12.56,8.83,4.0,14.0,2.0,8.0,13.73,1.46,98.16,2,1.4064949608062711,1.084518167456556,0.14184397163120568,1
40.0,8.0,12.83,7.97,4.0,0.0,28.0,5.0,15.49,1.51,46.38,1,1.5898389095415117,1.1979891724671308,280.0,1
41.0,12.0,6.97,5.66,6.0,9.0,21.0,6.0,8.04,0.38,51.36,1,1.2100694444444444,1.1371994342291372,2.307692307692308,1
27.0,2.0,12.24,6.36,5.0,2.0,15.0,8.0,14.14,1.82,72.39,2,1.8947368421052633,1.1458670988654782,7.142857142857142,1
26.0,8.0,7.58,5.0,4.0,18.0,28.0,5.0,10.14,0.83,68.87,1,1.4862745098039216,1.3203125000000002,1.5469613259668507,1
40.0,12.0,4.99,4.08,4.0,19.0,5.0,5.0,6.44,0.02,69.6,1,1.1937799043062203,1.2652259332023577,0.2617801047120419,1
29.0,1.0,11.58,5.45,3.0,6.0,17.0,1.0,13.04,1.34,46.99,1,2.0864864864864865,1.1164383561643836,2.7868852459016393,2
25.0,7.0,9.96,5.85,4.0,10.0,28.0,5.0,14.27,1.21,55.61,1,1.673949579831933,1.4184890656063618,2.7722772277227725,1
33.0,8.0,6.74,6.82,0.0,17.0,24.0,5.0,7.91,0.25,67.04,1,0.9739884393063585,1.1564327485380117,1.4035087719298245,0
23.0,15.0,6.53,8.72,6.0,13.0,12.0,1.0,10.29,1.92,21.36,0,0.7403628117913832,1.5520361990950224,0.916030534351145,0
44.0,1.0,13.76,8.74,2.0,15.0,23.0,6.0,18.02,1.12,67.0,1,1.5565610859728507,1.3001443001443003,1.5231788079470199,1
32.0,5.0,12.63,4.35,3.0,5.0,1.0,8.0,14.15,0.94,73.96,2,2.838202247191012,1.1115475255302436,0.19607843137254904,2
39.0,7.0,12.1,7.07,3.0,1.0,11.0,9.0,13.88,0.8,53.29,1,1.687587168758717,1.137704918032787,10.0,1
36.0,4.0,5.28,4.21,5.0,10.0,3.0,3.0,8.85,0.42,57.23,1,1.2250580046403714,1.6449814126394051,0.297029702970297,1
42.0,8.0,11.55,7.24,4.0,10.0,8.0,4.0,13.81,1.91,61.25,1,1.5735694822888284,1.1854077253218884,0.7920792079207921,1
26.0,0.0,6.15,4.59,2.0,9.0,14.0,5.0,9.06,1.02,27.72,0,1.311300639658849,1.4496,1.5384615384615385,1
23.0,8.0,13.77,8.73,6.0,3.0,22.0,0.0,18.11,1.14,35.67,1,1.5594563986409966,1.3056957462148522,7.096774193548387,1
33.0,9.0,4.52,6.46,0.0,16.0,4.0,7.0,6.07,1.26,31.57,0,0.6890243902439024,1.313852813852814,0.24844720496894407,0
22.0,3.0,7.52,4.11,7.0,9.0,9.0,8.0,11.0,1.68,50.33,1,1.7862232779097387,1.4435695538057745,0.989010989010989,1
43.0,2.0,8.29,7.91,6.0,8.0,5.0,0.0,13.06,1.27,20.38,0,1.0349563046192258,1.556615017878427,0.617283950617284,1
24.0,9.0,12.24,7.18,7.0,12.0,0.0,3.0,13.47,0.23,81.57,2,1.6813186813186816,1.0915721231766613,0.0,1
35.0,14.0,11.66,6.48,2.0,10.0,19.0,5.0,12.9,1.39,82.58,2,1.7720364741641337,1.096938775510204,1.8811881188118813,1
42.0,10.0,7.75,7.01,6.0,9.0,4.0,9.0,10.97,1.13,43.68,1,1.090014064697609,1.3974522292993632,0.43956043956043955,1
39.0,13.0,9.66,7.39,1.0,4.0,5.0,0.0,14.5,1.93,46.36,1,1.2897196261682244,1.485655737704918,1.2195121951219514,1
23.0,5.0,12.36,8.42,2.0,2.0,21.0,2.0,14.24,1.47,38.52,1,1.4507042253521127,1.142857142857143,10.0,1
43.0,11.0,4.18,7.84,0.0,3.0,20.0,6.0,6.5,0.69,0.0,0,0.5264483627204031,1.518691588785047,6.451612903225806,0
43.0,12.0,12.02,6.88,0.0,2.0,18.0,7.0,13.41,0.27,71.5,2,1.7220630372492838,1.1064356435643565,8.571428571428571,1
21.0,16.0,13.47,8.12,0.0,9.0,10.0,7.0,15.92,0.96,73.25,1,1.6386861313868617,1.1731761238025056,1.098901098901099,1
37.0,15.0,4.32,8.93,3.0,12.0,14.0,4.0,5.5,1.36,29.54,0,0.478405315614618,1.244343891402715,1.15702479338843,0
38.0,2.0,4.46,5.5,6.0,4.0,1.0,0.0,7.02,0.35,26.8,0,0.7964285714285715,1.5394736842105263,0.24390243902439027,0
38.0,1.0,7.45,4.59,3.0,12.0,14.0,0.0,10.67,1.3,53.14,1,1.5884861407249469,1.4132450331125828,1.15702479338843,1
36.0,10.0,4.88,7.66,1.0,0.0,6.0,7.0,9.78,1.65,0.0,0,0.6288659793814433,1.963855421686747,60.0,0
33.0,8.0,8.99,8.89,2.0,10.0,16.0,4.0,13.06,0.31,50.91,1,1.0,1.4367436743674369,1.5841584158415842,0
38.0,2.0,11.29,4.58,4.0,2.0,11.0,8.0,15.58,1.41,67.61,1,2.4123931623931623,1.3678665496049167,5.238095238095238,2
41.0,17.0,9.67,6.16,5.0,16.0,11.0,0.0,11.58,0.14,70.82,2,1.5447284345047925,1.1852610030706243,0.6832298136645962,1
43.0,19.0,5.96,4.31,1.0,18.0,4.0,1.0,7.31,0.02,46.71,1,1.3514739229024946,1.2062706270627064,0.22099447513812154,1
32.0,14.0,10.55,7.88,6.0,12.0,19.0,3.0,13.96,0.07,59.41,1,1.3220551378446117,1.3107981220657277,1.5702479338842976,1
31.0,13.0,10.85,8.74,4.0,15.0,6.0,9.0,13.93,1.26,72.2,2,1.2273755656108598,1.2721461187214613,0.3973509933774835,1
25.0,1.0,13.32,6.49,7.0,17.0,1.0,6.0,16.39,1.95,100.0,2,2.0212443095599393,1.2213114754098362,0.05847953216374269,2
40.0,16.0,5.47,6.05,6.0,19.0,26.0,3.0,6.91,1.54,53.61,1,0.8894308943089432,1.2405745062836626,1.3612565445026177,0
23.0,7.0,10.92,8.54,4.0,18.0,12.0,7.0,13.9,0.51,77.5,2,1.263888888888889,1.2613430127041743,0.6629834254143646,1
38.0,9.0,13.11,4.67,1.0,5.0,23.0,6.0,14.71,0.14,72.8,2,2.748427672955975,1.113550340651022,4.509803921568627,2
35.0,17.0,9.02,8.46,2.0,6.0,8.0,4.0,11.71,1.23,45.62,1,1.0537383177570092,1.2839912280701757,1.3114754098360657,1
32.0,18.0,7.62,5.96,5.0,14.0,28.0,6.0,8.87,0.01,75.15,2,1.2574257425742574,1.148963730569948,1.9858156028368794,1
23.0,7.0,5.71,6.8,4.0,4.0,14.0,5.0,10.14,1.59,34.98,0,0.827536231884058,1.74526678141136,3.414634146341464,0
42.0,7.0,12.67,6.64,3.0,15.0,27.0,2.0,13.72,0.49,79.0,2,1.8798219584569735,1.0743931088488645,1.7880794701986755,1
36.0,2.0,7.94,7.08,3.0,5.0,25.0,2.0,12.7,0.6,41.1,1,1.1058495821727021,1.5796019900497509,4.901960784313726,1
42.0,2.0,13.25,8.71,1.0,2.0,14.0,1.0,17.7,0.69,26.38,0,1.5039727582292848,1.3258426966292134,6.666666666666666,1
20.0,11.0,12.48,8.76,4.0,11.0,0.0,3.0,16.49,1.53,69.57,1,1.4085778781038376,1.3108108108108107,0.0,1
37.0,16.0,7.77,8.16,5.0,3.0,20.0,3.0,12.7,0.53,29.32,1,0.9406779661016949,1.613722998729352,6.451612903225806,0
39.0,3.0,9.74,4.96,6.0,2.0,19.0,3.0,10.96,0.57,41.68,1,1.9249011857707512,1.1138211382113823,9.047619047619047,1
36.0,16.0,4.27,5.67,4.0,15.0,20.0,1.0,7.84,1.08,34.08,0,0.7400346620450606,1.7940503432494281,1.3245033112582782,0
34.0,13.0,6.63,6.44,1.0,15.0,24.0,6.0,11.03,0.93,49.99,1,1.0137614678899083,1.638930163447251,1.589403973509934,1
30.0,18.0,11.1,8.53,5.0,18.0,27.0,9.0,12.61,1.91,88.24,1,1.2862108922363849,1.1258928571428573,1.4917127071823204,1
44.0,8.0,10.78,6.6,5.0,14.0,2.0,2.0,14.12,0.53,77.86,2,1.608955223880597,1.2977941176470589,0.14184397163120568,1
41.0,11.0,7.53,8.89,3.0,8.0,29.0,9.0,10.11,0.18,38.89,1,0.8375973303670745,1.3250327653997378,3.5802469135802473,0
32.0,4.0,12.09,8.92,1.0,19.0,0.0,0.0,14.83,1.08,76.55,2,1.3403547671840355,1.2165709598031174,0.0,1
20.0,10.0,6.36,6.99,4.0,1.0,26.0,1.0,11.01,0.37,0.0,0,0.8970380818053597,1.7043343653250773,23.636363636363633,0
36.0,19.0,8.61,8.39,7.0,5.0,18.0,4.0,11.76,0.83,33.94,0,1.0141342756183744,1.3501722158438578,3.5294117647058827,1
25.0,2.0,8.73,9.0,4.0,13.0,19.0,8.0,10.1,0.37,83.51,2,0.9593406593406594,1.143827859569649,1.450381679389313,0
23.0,14.0,7.41,8.25,3.0,8.0,12.0,3.0,12.16,1.76,11.4,0,0.8874251497005988,1.6191744340878829,1.4814814814814816,0
32.0,13.0,13.55,7.28,7.0,9.0,14.0,5.0,15.29,0.65,76.46,2,1.8360433604336044,1.1201465201465202,1.5384615384615385,1
35.0,10.0,10.97,8.23,6.0,17.0,12.0,2.0,15.54,1.55,58.4,1,1.3169267707082835,1.4037940379403793,0.7017543859649122,1
34.0,19.0,9.39,4.41,7.0,14.0,17.0,8.0,14.27,1.9,61.61,1,2.0820399113082044,1.5036880927291885,1.2056737588652482,2
34.0,7.0,9.11,7.17,7.0,3.0,16.0,1.0,13.62,1.88,29.37,0,1.2530949105914717,1.478827361563518,5.161290322580645,1
25.0,3.0,5.59,5.08,0.0,4.0,0.0,7.0,9.3,1.05,35.82,1,1.079150579150579,1.6344463971880494,0.0,1
34.0,11.0,7.72,4.58,0.0,5.0,14.0,2.0,11.69,1.97,30.84,0,1.6495726495726497,1.4948849104859336,2.7450980392156863,1
33.0,7.0,10.73,8.46,5.0,14.0,23.0,7.0,14.53,1.31,66.31,1,1.2535046728971961,1.3416435826408124,1.6312056737588654,1
30.0,5.0,13.25,7.2,2.0,19.0,3.0,2.0,16.09,0.26,64.32,1,1.815068493150685,1.205243445692884,0.15706806282722513,1
26.0,14.0,12.16,5.22,3.0,1.0,27.0,5.0,14.26,1.78,40.99,1,2.285714285714286,1.163132137030995,24.545454545454543,2
28.0,11.0,7.0,5.93,2.0,15.0,1.0,7.0,9.14,0.94,52.49,1,1.1608623548922057,1.287323943661972,0.06622516556291391,1
35.0,15.0,8.34,8.87,5.0,4.0,25.0,9.0,12.26,0.31,52.14,1,0.9297658862876255,1.45260663507109,6.097560975609756,0
24.0,15.0,4.83,8.31,6.0,3.0,18.0,3.0,8.33,1.58,4.22,0,0.5743162901307967,1.6896551724137931,5.806451612903226,0
44.0,19.0,5.02,6.46,3.0,0.0,7.0,8.0,8.36,1.25,36.42,1,0.7652439024390244,1.6328125000000002,70.0,0
39.0,19.0,8.7,8.9,4.0,7.0,21.0,8.0,12.31,1.76,25.64,0,0.9666666666666666,1.3988636363636366,2.9577464788732395,0
29.0,3.0,9.3,5.84,6.0,9.0,15.0,5.0,13.4,1.65,65.97,1,1.565656565656566,1.425531914893617,1.6483516483516485,1
37.0,10.0,6.64,7.48,3.0,14.0,7.0,0.0,10.63,0.64,38.93,1,0.8759894459102902,1.577151335311573,0.49645390070921985,0
22.0,12.0,10.43,7.56,1.0,1.0,9.0,8.0,11.85,0.51,36.06,1,1.3616187989556137,1.1253561253561253,8.181818181818182,1
32.0,8.0,11.03,8.56,7.0,18.0,15.0,8.0,13.48,1.47,80.05,2,1.2736720554272516,1.2111410601976642,0.8287292817679557,1
30.0,3.0,6.99,8.43,2.0,11.0,4.0,6.0,9.05,1.15,35.91,1,0.8194607268464245,1.2764456981664318,0.3603603603603604,0
36.0,11.0,11.58,5.41,3.0,9.0,18.0,8.0,14.73,0.14,94.03,2,2.101633393829401,1.2611301369863015,1.978021978021978,2
41.0,8.0,6.06,7.22,7.0,11.0,5.0,7.0,7.31,0.36,53.34,1,0.8278688524590164,1.1866883116883118,0.45045045045045046,0
32.0,12.0,9.44,5.97,2.0,19.0,9.0,8.0,13.49,0.3,90.84,2,1.555189456342669,1.4140461215932916,0.47120418848167533,1
25.0,15.0,12.04,6.63,6.0,8.0,23.0,8.0,13.47,1.18,79.42,2,1.7890044576523032,1.109555189456343,2.8395061728395063,1
36.0,5.0,9.37,6.77,5.0,7.0,29.0,6.0,11.46,0.17,69.7,1,1.363901018922853,1.2101372756071809,4.084507042253521,1
32.0,9.0,13.08,5.98,3.0,1.0,4.0,5.0,17.21,0.42,63.73,1,2.151315789473684,1.3057663125948407,3.6363636363636362,2
38.0,12.0,4.59,6.32,0.0,6.0,20.0,1.0,5.8,1.09,0.0,0,0.7149532710280374,1.236673773987207,3.278688524590164,0
40.0,6.0,9.88,5.04,2.0,3.0,18.0,6.0,13.52,0.27,52.98,1,1.9221789883268485,1.3547094188376752,5.806451612903226,1
38.0,18.0,9.62,7.04,7.0,18.0,18.0,0.0,14.32,0.5,77.18,2,1.3473389355742296,1.4732510288065845,0.9944751381215469,1
29.0,18.0,10.6,7.79,4.0,7.0,12.0,5.0,14.07,1.81,52.76,1,1.3434727503168569,1.3149532710280376,1.6901408450704227,1
22.0,16.0,12.33,6.15,4.0,12.0,27.0,5.0,16.18,1.39,64.6,1,1.9728,1.3016894609814964,2.231404958677686,1
33.0,12.0,11.26,8.89,7.0,2.0,14.0,6.0,15.43,0.61,71.2,2,1.2525027808676306,1.358274647887324,6.666666666666666,1
38.0,12.0,11.9,4.29,7.0,4.0,7.0,1.0,13.79,1.75,52.27,1,2.710706150341686,1.1491666666666667,1.707317073170732,2
24.0,1.0,6.89,6.95,3.0,19.0,10.0,3.0,10.21,0.5,66.2,1,0.9773049645390071,1.46065808297568,0.5235602094240838,0
24.0,9.0,7.87,6.92,4.0,7.0,0.0,1.0,10.11,1.18,44.69,1,1.1210826210826212,1.2685069008782937,0.0,1
39.0,12.0,10.27,4.18,7.0,1.0,3.0,3.0,12.27,0.74,66.33,1,2.3995327102803743,1.1832208293153328,2.727272727272727,2
36.0,8.0,9.53,5.12,6.0,9.0,24.0,2.0,11.3,1.5,46.68,1,1.825670498084291,1.1734164070612672,2.6373626373626373,1
40.0,0.0,13.61,8.53,4.0,15.0,14.0,1.0,16.95,1.02,82.01,2,1.5770567786790268,1.236323851203501,0.9271523178807948,1
29.0,13.0,5.87,6.72,2.0,3.0,21.0,1.0,10.05,0.5,15.25,0,0.8607038123167157,1.683417085427136,6.774193548387097,0
24.0,15.0,7.51,6.18,6.0,13.0,29.0,2.0,12.01,1.22,37.43,1,1.195859872611465,1.578186596583443,2.213740458015267,1
23.0,19.0,9.73,6.08,3.0,2.0,25.0,9.0,12.44,1.49,52.97,1,1.574433656957929,1.2655137334689726,11.904761904761905,1
25.0,14.0,12.68,8.44,2.0,9.0,26.0,3.0,15.17,1.07,45.25,1,1.484777517564403,1.1870109546165886,2.857142857142857,1
23.0,0.0,13.29,5.84,3.0,12.0,26.0,6.0,17.04,1.02,87.81,2,2.2373737373737375,1.2725914861837193,2.1487603305785123,2
26.0,16.0,7.36,8.3,4.0,4.0,12.0,3.0,11.48,0.84,32.25,0,0.8761904761904762,1.5388739946380698,2.9268292682926833,0
26.0,12.0,4.67,5.55,6.0,16.0,6.0,6.0,6.68,1.59,66.42,1,0.8265486725663718,1.40041928721174,0.37267080745341613,0
37.0,14.0,8.22,6.66,3.0,16.0,26.0,3.0,10.41,1.17,54.82,1,1.2159763313609468,1.2512019230769231,1.6149068322981366,1
22.0,15.0,7.94,4.72,5.0,10.0,6.0,2.0,11.07,0.39,45.67,1,1.6473029045643157,1.3768656716417909,0.594059405940594,1
20.0,15.0,13.86,8.13,3.0,18.0,5.0,7.0,16.64,1.78,78.82,2,1.6840826245443499,1.191977077363897,0.2762430939226519,1
43.0,1.0,8.31,7.68,1.0,17.0,24.0,2.0,12.13,1.67,51.23,1,1.0681233933161955,1.4423305588585018,1.4035087719298245,1
44.0,16.0,7.06,6.65,4.0,16.0,7.0,7.0,10.08,1.93,67.76,1,1.045925925925926,1.4078212290502794,0.43478260869565216,1
23.0,10.0,7.65,6.46,1.0,10.0,11.0,5.0,9.1,1.14,46.48,1,1.166158536585366,1.1741935483870967,1.0891089108910892,1
25.0,7.0,7.97,6.41,2.0,14.0,23.0,2.0,9.63,1.35,36.89,1,1.2242703533026114,1.1933085501858736,1.6312056737588654,1
28.0,19.0,12.22,5.13,1.0,7.0,17.0,3.0,16.83,1.73,50.51,1,2.3365200764818357,1.3660714285714284,2.3943661971830985,2
41.0,2.0,4.81,6.07,6.0,11.0,22.0,2.0,6.72,0.11,33.48,0,0.779578606158833,1.368635437881874,1.981981981981982,0
33.0,11.0,7.17,8.28,2.0,16.0,14.0,5.0,8.37,1.82,29.59,0,0.8556085918854416,1.1513067400275103,0.8695652173913043,0
31.0,19.0,13.66,7.85,4.0,4.0,27.0,8.0,17.59,0.54,77.22,2,1.7182389937106919,1.278343023255814,6.585365853658537,1
44.0,15.0,5.53,5.21,2.0,3.0,15.0,9.0,9.27,0.11,41.82,1,1.041431261770245,1.6465364120781527,4.838709677419355,1
39.0,13.0,11.43,8.92,4.0,10.0,0.0,7.0,14.83,0.48,82.37,2,1.2671840354767185,1.2862098872506507,0.0,1
43.0,15.0,7.56,8.52,5.0,7.0,9.0,3.0,10.57,1.17,21.13,1,0.877030162412993,1.3798955613577024,1.267605633802817,0
44.0,16.0,9.82,6.64,3.0,15.0,14.0,1.0,14.7,0.1,59.56,1,1.4569732937685462,1.4818548387096773,0.9271523178807948,1
23.0,10.0,5.0,6.65,6.0,15.0,23.0,9.0,6.48,0.0,54.92,1,0.7407407407407407,1.2705882352941178,1.5231788079470199,0
40.0,16.0,7.06,8.51,1.0,2.0,12.0,0.0,10.1,1.28,0.0,0,0.8199767711962834,1.410614525139665,5.714285714285714,0
43.0,18.0,9.01,7.18,5.0,11.0,18.0,3.0,12.27,0.91,60.67,1,1.2376373626373627,1.3468715697036224,1.6216216216216217,1
31.0,0.0,6.32,6.68,0.0,12.0,26.0,4.0,7.41,1.69,32.99,0,0.9321533923303836,1.1542056074766356,2.1487603305785123,0
29.0,11.0,9.42,7.75,5.0,0.0,12.0,1.0,12.07,0.52,16.83,0,1.2,1.267857142857143,120.0,1
41.0,14.0,6.2,5.18,7.0,3.0,8.0,2.0,10.33,0.56,18.49,0,1.1742424242424243,1.6396825396825396,2.5806451612903225,1
26.0,17.0,10.5,8.39,3.0,5.0,20.0,3.0,13.38,0.16,39.79,1,1.2367491166077738,1.2622641509433963,3.9215686274509807,1
22.0,13.0,13.04,6.66,6.0,4.0,15.0,2.0,17.54,1.08,61.22,1,1.9289940828402365,1.334855403348554,3.658536585365854,1
42.0,0.0,4.85,7.02,6.0,4.0,22.0,7.0,8.43,0.73,41.72,1,0.6811797752808989,1.7030303030303031,5.365853658536586,0
33.0,12.0,6.17,4.45,7.0,9.0,13.0,1.0,10.23,0.68,37.18,1,1.3560439560439561,1.6315789473684212,1.4285714285714286,1
43.0,14.0,12.44,5.55,5.0,18.0,22.0,8.0,16.66,0.92,97.68,2,2.201769911504425,1.328548644338118,1.2154696132596685,2
29.0,6.0,10.32,6.13,5.0,17.0,8.0,5.0,14.08,1.7,98.81,2,1.6565008025682184,1.3512476007677543,0.4678362573099415,1
35.0,14.0,4.79,6.07,4.0,1.0,17.0,0.0,8.79,0.21,8.38,0,0.7763371150729336,1.7975460122699385,15.454545454545453,0
35.0,19.0,8.86,7.89,2.0,15.0,3.0,7.0,12.64,1.05,72.03,2,1.108886107634543,1.410714285714286,0.19867549668874174,1
41.0,9.0,6.1,5.41,5.0,14.0,11.0,9.0,9.3,0.39,59.25,1,1.1070780399274047,1.5000000000000002,0.7801418439716312,1
29.0,13.0,5.99,4.91,1.0,4.0,23.0,5.0,9.26,0.42,36.43,1,1.1956087824351298,1.5205254515599342,5.609756097560976,1
44.0,5.0,13.41,6.91,6.0,8.0,4.0,3.0,15.17,0.51,81.24,2,1.9129814550641941,1.1228719467061437,0.4938271604938272,1
32.0,13.0,11.62,7.08,7.0,9.0,10.0,5.0,15.93,0.92,62.76,1,1.6183844011142061,1.3592150170648465,1.098901098901099,1
25.0,10.0,10.96,4.61,1.0,4.0,4.0,1.0,13.21,0.99,27.0,0,2.3269639065817413,1.1943942133815553,0.9756097560975611,2
31.0,10.0,6.39,4.01,4.0,8.0,18.0,0.0,9.53,1.74,22.13,0,1.5547445255474455,1.4684129429892143,2.2222222222222223,1
28.0,19.0,5.19,8.59,5.0,8.0,20.0,5.0,7.19,1.78,27.36,0,0.5972382048331416,1.3591682419659736,2.469135802469136,0
32.0,18.0,12.71,4.4,5.0,1.0,28.0,7.0,16.49,1.17,57.12,1,2.8244444444444445,1.2872755659640904,25.454545454545453,2
23.0,1.0,4.06,8.49,4.0,6.0,6.0,4.0,8.96,0.56,53.795,1,0.4726426076833527,2.1538461538461546,0.9836065573770493,0
43.0,19.0,7.88,6.0,3.0,0.0,3.0,7.0,12.02,1.64,45.6,1,1.2918032786885247,1.506265664160401,30.0,1
30.0,0.0,6.78,7.27,0.0,19.0,7.0,2.0,10.26,1.59,25.8,0,0.9199457259158753,1.4912790697674418,0.36649214659685864,0
32.0,7.0,9.7,4.93,0.0,1.0,29.0,5.0,12.97,1.6,40.41,1,1.9284294234592447,1.3234693877551023,26.36363636363636,1
37.0,13.0,6.51,8.12,2.0,11.0,26.0,0.0,9.47,0.03,26.68,0,0.7919708029197081,1.4326777609682302,2.3423423423423424,0
30.0,8.0,7.11,4.9,1.0,5.0,5.0,2.0,8.93,1.51,37.29,1,1.4220000000000002,1.2385575589459084,0.9803921568627452,1
44.0,1.0,12.5,5.93,3.0,19.0,5.0,3.0,14.89,1.71,58.26,1,2.0729684908789388,1.1817460317460318,0.2617801047120419,2
40.0,4.0,10.03,5.19,1.0,18.0,21.0,4.0,12.66,1.21,75.04,2,1.8960302457466918,1.2497532082922016,1.160220994475138,1
23.0,7.0,5.46,8.19,3.0,15.0,3.0,2.0,10.24,1.02,53.795,0,0.6586248492159229,1.841726618705036,0.19867549668874174,0
37.0,15.0,11.26,8.29,4.0,3.0,13.0,7.0,13.96,1.55,54.78,1,1.3420738974970203,1.2288732394366197,4.193548387096774,1
20.0,15.0,6.07,5.86,2.0,17.0,2.0,4.0,9.41,1.01,40.98,1,1.0184563758389262,1.5251215559157212,0.11695906432748537,1
26.0,12.0,8.33,5.54,4.0,4.0,9.0,6.0,13.02,1.63,59.03,1,1.4769503546099292,1.5444839857651245,2.1951219512195124,1
25.0,19.0,10.47,7.87,1.0,17.0,21.0,4.0,13.54,1.58,64.06,1,1.313676286072773,1.280983916745506,1.2280701754385963,1
34.0,14.0,6.72,8.39,6.0,5.0,5.0,7.0,8.73,1.83,15.87,0,0.7915194346289752,1.2800586510263932,0.9803921568627452,0
37.0,0.0,7.84,7.12,2.0,13.0,17.0,0.0,10.36,1.84,6.0,0,1.0858725761772854,1.3047858942065491,1.297709923664122,1
43.0,2.0,11.34,8.64,5.0,19.0,29.0,2.0,13.84,1.06,75.82,2,1.297482837528604,1.2097902097902098,1.5183246073298429,1
30.0,5.0,13.38,5.92,7.0,16.0,9.0,2.0,17.24,0.06,87.97,2,2.2225913621262463,1.2789317507418396,0.5590062111801242,2
39.0,13.0,9.29,4.76,6.0,17.0,8.0,9.0,11.47,0.04,100.0,2,1.911522633744856,1.2215122470713526,0.4678362573099415,1
43.0,3.0,4.1,4.9,7.0,9.0,15.0,9.0,8.02,1.88,43.9,1,0.82,1.9095238095238098,1.6483516483516485,0
34.0,17.0,7.38,7.35,3.0,18.0,19.0,2.0,11.94,0.67,64.19,1,0.9906040268456376,1.5962566844919786,1.0497237569060773,0
35.0,14.0,7.99,6.04,3.0,17.0,3.0,5.0,10.33,0.76,77.08,2,1.3013029315960913,1.276885043263288,0.17543859649122806,1
26.0,8.0,8.99,4.78,2.0,3.0,25.0,8.0,8.93,0.94,51.45,1,1.8422131147540985,0.9823982398239823,8.064516129032258,1
40.0,17.0,8.36,5.46,4.0,19.0,28.0,5.0,11.91,0.53,69.32,1,1.5035971223021583,1.4078014184397165,1.4659685863874345,1
29.0,2.0,10.33,6.46,2.0,14.0,27.0,4.0,12.77,1.18,57.29,1,1.5746951219512195,1.224352828379674,1.9148936170212767,1
31.0,9.0,5.21,4.61,4.0,5.0,10.0,0.0,8.35,1.02,15.17,0,1.1061571125265393,1.5725047080979284,1.9607843137254903,1
43.0,16.0,6.73,4.02,2.0,5.0,27.0,1.0,10.27,0.51,21.52,0,1.6334951456310685,1.5036603221083455,5.294117647058824,1
33.0,6.0,9.08,8.59,4.0,2.0,11.0,0.0,11.71,1.49,22.2,0,1.04487917146145,1.2755991285403052,5.238095238095238,1
44.0,14.0,7.16,5.52,0.0,8.0,23.0,5.0,11.86,1.34,34.76,0,1.2740213523131674,1.6336088154269972,2.8395061728395063,1
24.0,0.0,13.91,5.11,2.0,10.0,18.0,2.0,16.51,1.05,72.04,2,2.669865642994242,1.1784439685938617,1.7821782178217822,2
40.0,10.0,8.31,7.49,7.0,4.0,9.0,4.0,10.54,0.65,37.14,1,1.0948616600790515,1.2532699167657548,2.1951219512195124,1
32.0,16.0,12.7,8.27,7.0,13.0,6.0,5.0,17.24,1.75,76.49,2,1.5173237753882916,1.346875,0.4580152671755725,1
24.0,4.0,12.97,7.16,4.0,1.0,6.0,4.0,14.52,0.81,55.91,1,1.7865013774104685,1.1109410864575362,5.454545454545454,1
22.0,6.0,12.36,5.27,5.0,18.0,17.0,2.0,13.86,0.75,83.49,2,2.3016759776536313,1.1123595505617978,0.9392265193370165,2
42.0,18.0,4.47,8.31,1.0,7.0,2.0,1.0,9.21,1.28,0.0,0,0.5315101070154578,2.0153172866520794,0.28169014084507044,0
24.0,14.0,13.48,6.55,6.0,12.0,11.0,1.0,15.32,1.84,66.34,1,2.0270676691729324,1.1281296023564065,0.9090909090909092,2
32.0,2.0,5.29,5.91,6.0,18.0,13.0,1.0,6.88,1.02,44.08,1,0.8801996672212978,1.2764378478664193,0.718232044198895,0
36.0,14.0,4.34,7.02,6.0,4.0,19.0,9.0,7.48,1.45,33.58,0,0.6095505617977529,1.684684684684685,4.634146341463415,0
38.0,4.0,8.14,7.5,1.0,14.0,1.0,3.0,9.33,0.91,19.57,0,1.0710526315789475,1.1322815533980581,0.07092198581560284,1
38.0,11.0,5.95,6.97,7.0,3.0,29.0,3.0,9.43,0.44,42.7,1,0.8415841584158417,1.5586776859504132,9.35483870967742,0
44.0,19.0,5.84,8.6,2.0,3.0,8.0,2.0,8.65,0.25,17.18,0,0.671264367816092,1.4562289562289563,2.5806451612903225,0
40.0,4.0,6.88,7.14,2.0,17.0,9.0,7.0,10.44,0.27,65.09,1,0.9502762430939228,1.4957020057306591,0.5263157894736842,0
31.0,2.0,6.48,8.39,4.0,18.0,26.0,3.0,8.62,0.04,58.01,1,0.7632508833922261,1.310030395136778,1.43646408839779,0
44.0,8.0,10.85,6.93,4.0,19.0,5.0,7.0,15.47,1.11,74.41,2,1.543385490753912,1.412785388127854,0.2617801047120419,1
28.0,8.0,5.87,5.65,2.0,8.0,16.0,2.0,7.95,0.26,13.98,0,1.0208695652173914,1.3316582914572865,1.9753086419753088,1
20.0,6.0,9.43,6.66,1.0,14.0,14.0,1.0,12.98,1.73,25.97,0,1.3949704142011834,1.362014690451207,0.9929078014184397,1
37.0,1.0,13.86,4.43,4.0,11.0,0.0,7.0,18.64,1.97,91.06,2,3.059602649006623,1.3352435530085962,0.0,3
40.0,15.0,8.32,5.15,6.0,3.0,23.0,5.0,10.92,0.99,50.46,1,1.5847619047619048,1.2969121140142519,7.419354838709677,1
23.0,8.0,10.42,7.83,1.0,2.0,26.0,1.0,12.07,0.9,28.88,0,1.3139974779319041,1.1473384030418252,12.38095238095238,1
29.0,12.0,13.69,7.31,7.0,4.0,21.0,6.0,14.96,0.7,85.07,2,1.8475033738191635,1.0848440899202323,5.121951219512195,1
44.0,18.0,5.38,4.83,4.0,16.0,12.0,9.0,10.23,1.28,44.44,1,1.0912778904665315,1.8667883211678835,0.7453416149068323,1
26.0,19.0,8.19,6.19,0.0,4.0,9.0,6.0,12.24,1.22,24.08,0,1.302066772655008,1.4764776839565743,2.1951219512195124,1
41.0,16.0,12.5,4.71,2.0,3.0,11.0,3.0,17.18,0.69,52.68,1,2.598752598752599,1.3634920634920635,3.5483870967741935,2
42.0,5.0,13.32,8.28,6.0,6.0,22.0,7.0,17.12,0.69,81.69,2,1.5894988066825777,1.2757078986587185,3.6065573770491803,1
20.0,3.0,10.01,4.55,0.0,6.0,21.0,2.0,12.38,1.29,44.89,1,2.152688172043011,1.2245301681503464,3.4426229508196724,2
36.0,0.0,5.43,7.27,4.0,6.0,15.0,8.0,6.92,1.11,53.795,1,0.7367706919945727,1.251356238698011,2.459016393442623,0
43.0,17.0,13.01,7.04,6.0,16.0,1.0,4.0,17.73,1.44,74.76,2,1.8221288515406162,1.3524027459954235,0.06211180124223602,1
21.0,18.0,5.74,6.36,5.0,14.0,2.0,2.0,8.7,1.88,43.08,1,0.8885448916408669,1.4897260273972601,0.14184397163120568,0
30.0,8.0,7.53,5.39,2.0,6.0,7.0,8.0,10.12,1.56,57.79,1,1.371584699453552,1.326343381389253,1.1475409836065575,1
28.0,12.0,7.76,6.02,3.0,14.0,19.0,1.0,11.07,0.61,63.32,1,1.2679738562091505,1.4083969465648856,1.3475177304964538,1
26.0,7.0,8.47,8.03,2.0,19.0,28.0,1.0,12.02,1.52,45.58,1,1.0418204182041821,1.4025670945157525,1.4659685863874345,1
41.0,12.0,11.9,7.81,2.0,3.0,14.0,2.0,14.14,0.9,26.74,0,1.504424778761062,1.1783333333333335,4.516129032258064,1
36.0,14.0,12.02,7.69,2.0,1.0,23.0,8.0,15.57,1.56,58.1,1,1.5430038510911424,1.2846534653465347,20.909090909090907,1
36.0,10.0,11.2,7.75,6.0,12.0,18.0,9.0,12.6,1.77,82.07,2,1.4267515923566878,1.1150442477876108,1.4876033057851241,1
21.0,11.0,4.22,4.72,6.0,11.0,17.0,2.0,5.76,0.5,45.48,1,0.8755186721991702,1.3333333333333335,1.5315315315315317,0
25.0,13.0,9.65,4.5,2.0,9.0,22.0,4.0,12.69,0.48,75.36,2,2.097826086956522,1.3015384615384615,2.417582417582418,2
33.0,3.0,11.47,8.31,5.0,18.0,0.0,8.0,14.96,0.87,87.38,2,1.3638525564803805,1.2929991356957649,0.0,1
25.0,0.0,8.45,8.19,2.0,14.0,26.0,9.0,10.2,0.1,57.6,1,1.0193003618817853,1.192982456140351,1.8439716312056738,1
21.0,3.0,13.45,7.41,4.0,16.0,18.0,5.0,14.58,1.37,91.43,2,1.7909454061251664,1.0760147601476016,1.1180124223602483,1
20.0,18.0,12.24,7.03,2.0,5.0,1.0,5.0,17.07,1.5,57.66,1,1.7166900420757363,1.3833063209076175,0.19607843137254904,1
29.0,8.0,10.38,5.83,5.0,4.0,4.0,0.0,11.49,0.69,39.96,1,1.7504215851602025,1.0963740458015268,0.9756097560975611,1
40.0,9.0,4.62,5.12,7.0,12.0,17.0,1.0,5.63,0.93,28.86,0,0.8850574712643678,1.1927966101694916,1.4049586776859504,0
24.0,3.0,10.52,7.34,4.0,13.0,15.0,8.0,12.81,1.18,78.76,2,1.413978494623656,1.2062146892655368,1.1450381679389314,1
21.0,19.0,13.12,6.46,2.0,13.0,9.0,7.0,15.01,0.15,90.13,2,2.0,1.1354009077155824,0.6870229007633588,1
41.0,8.0,7.79,6.18,2.0,14.0,20.0,1.0,11.08,1.42,26.22,0,1.2404458598726116,1.4043092522179976,1.4184397163120568,1
35.0,12.0,8.99,5.52,4.0,15.0,28.0,4.0,16.96,1.05,85.01,2,1.5996441281138793,1.865786578657866,1.8543046357615895,1
44.0,11.0,7.13,5.35,2.0,9.0,2.0,4.0,10.05,1.02,47.9,1,1.3082568807339452,1.3900414937759338,0.21978021978021978,1
21.0,10.0,9.7,4.12,5.0,0.0,24.0,5.0,13.79,1.45,67.77,1,2.2985781990521326,1.4071428571428573,240.0,2
29.0,11.0,10.48,6.6,6.0,10.0,9.0,3.0,15.12,1.35,60.92,1,1.564179104477612,1.4291115311909262,0.8910891089108911,1
21.0,17.0,10.78,8.94,7.0,6.0,24.0,8.0,12.54,0.19,82.74,2,1.1924778761061947,1.1525735294117647,3.934426229508197,1
35.0,11.0,12.83,8.08,1.0,16.0,23.0,4.0,15.78,1.57,78.36,2,1.5684596577017116,1.2204176334106729,1.4285714285714284,1
35.0,15.0,6.35,8.49,2.0,3.0,12.0,3.0,9.92,1.22,19.28,0,0.7392316647264261,1.5379844961240312,3.8709677419354835,0
38.0,4.0,6.62,7.11,3.0,6.0,20.0,8.0,8.95,1.43,31.45,0,0.9181692094313454,1.3318452380952381,3.278688524590164,0
26.0,19.0,11.04,6.41,4.0,2.0,9.0,1.0,15.0,0.52,66.73,1,1.695852534562212,1.3464991023339319,4.285714285714286,1
41.0,11.0,5.77,8.95,5.0,19.0,10.0,1.0,9.59,0.44,42.47,1,0.6375690607734807,1.6337308347529815,0.5235602094240838,0
31.0,10.0,8.64,6.46,2.0,13.0,6.0,2.0,11.32,1.65,48.03,1,1.3170731707317074,1.2951945080091534,0.4580152671755725,1
43.0,8.0,4.2,8.58,2.0,17.0,1.0,9.0,5.55,0.78,47.98,1,0.4838709677419355,1.2906976744186047,0.05847953216374269,0
34.0,17.0,5.41,7.81,4.0,17.0,18.0,3.0,6.46,1.02,53.46,1,0.683944374209861,1.1724137931034484,1.0526315789473684,0
27.0,2.0,10.79,5.65,0.0,0.0,27.0,9.0,13.27,1.1,72.44,2,1.8765217391304347,1.2185491276400369,270.0,1
25.0,19.0,11.47,6.52,5.0,5.0,26.0,8.0,12.8,1.17,76.02,2,1.7326283987915412,1.1063094209161626,5.098039215686275,1
29.0,16.0,5.15,5.92,5.0,8.0,17.0,4.0,9.28,0.14,35.53,1,0.8554817275747509,1.7676190476190474,2.0987654320987654,0
22.0,13.0,6.28,4.68,1.0,1.0,25.0,1.0,8.62,0.6,33.66,0,1.3138075313807533,1.3510971786833854,22.727272727272727,1
38.0,0.0,4.99,5.78,6.0,7.0,10.0,2.0,8.65,0.13,20.56,0,0.8486394557823129,1.6994106090373282,1.4084507042253522,0
36.0,16.0,8.33,8.44,6.0,9.0,16.0,7.0,10.72,1.02,67.13,1,0.9754098360655739,1.2716488730723607,1.7582417582417582,0
26.0,7.0,5.26,7.76,1.0,3.0,2.0,5.0,9.44,1.8,0.0,0,0.6692111959287532,1.7611940298507465,0.6451612903225806,0
40.0,4.0,8.37,5.39,2.0,9.0,19.0,4.0,12.92,0.78,46.72,1,1.5245901639344264,1.5253837072018892,2.087912087912088,1
39.0,4.0,11.32,5.84,4.0,0.0,11.0,3.0,15.67,1.56,52.48,1,1.905723905723906,1.37215411558669,110.0,1
23.0,8.0,10.83,7.08,3.0,10.0,24.0,3.0,13.77,0.57,55.75,1,1.5083565459610029,1.2598353156450137,2.376237623762376,1
33.0,2.0,6.8,6.08,2.0,8.0,27.0,7.0,8.14,1.71,42.72,1,1.1003236245954693,1.1797101449275365,3.3333333333333335,1
39.0,18.0,10.74,6.52,1.0,18.0,1.0,5.0,13.23,0.84,80.06,2,1.622356495468278,1.220479704797048,0.055248618784530384,1
41.0,8.0,13.28,7.49,2.0,10.0,24.0,4.0,15.98,0.71,66.6,1,1.7496706192358367,1.1943198804185353,2.376237623762376,1
34.0,17.0,7.48,6.34,4.0,3.0,0.0,4.0,12.32,1.39,19.92,0,1.1614906832298137,1.6253298153034301,0.0,1
43.0,15.0,7.29,4.95,5.0,4.0,8.0,5.0,10.55,1.03,27.96,0,1.4435643564356435,1.4276048714479028,1.9512195121951221,1
27.0,0.0,9.71,6.6,7.0,16.0,21.0,2.0,13.27,0.67,83.86,2,1.4492537313432838,1.3527013251783893,1.3043478260869563,1
40.0,1.0,6.46,5.78,5.0,17.0,23.0,6.0,10.59,0.12,64.23,1,1.098639455782313,1.614329268292683,1.3450292397660817,1
34.0,13.0,10.52,5.45,5.0,4.0,18.0,0.0,13.79,0.33,40.3,1,1.8954954954954955,1.2984934086629003,4.390243902439025,1
41.0,13.0,8.99,5.64,5.0,17.0,7.0,4.0,15.71,1.54,72.4,2,1.5662020905923346,1.7282728272827284,0.4093567251461988,1
39.0,0.0,8.59,6.2,6.0,16.0,26.0,5.0,10.57,1.84,66.58,1,1.3634920634920635,1.2163406214039127,1.6149068322981366,1
33.0,15.0,10.8,8.43,3.0,2.0,8.0,1.0,12.04,0.34,37.01,1,1.2661195779601409,1.1045871559633027,3.8095238095238093,1
28.0,14.0,10.52,7.67,0.0,10.0,6.0,1.0,14.41,1.14,35.58,1,1.353925353925354,1.356873822975518,0.594059405940594,1
27.0,14.0,4.39,7.34,6.0,16.0,3.0,8.0,8.78,0.07,63.75,1,0.5900537634408602,1.9554565701559021,0.18633540372670807,0
36.0,11.0,5.83,6.36,3.0,7.0,21.0,1.0,8.48,0.58,4.05,0,0.9024767801857585,1.4300168634064083,2.9577464788732395,0
21.0,15.0,12.94,4.01,7.0,7.0,15.0,2.0,16.14,0.9,79.87,2,3.1484184914841853,1.2377300613496933,2.1126760563380285,3
44.0,13.0,13.39,5.7,2.0,1.0,5.0,0.0,15.62,1.47,38.71,1,2.3086206896551724,1.157894736842105,4.545454545454545,2
43.0,10.0,11.8,8.07,1.0,6.0,17.0,8.0,14.6,0.09,49.87,1,1.4443084455324358,1.2268907563025209,2.7868852459016393,1
22.0,14.0,13.21,6.46,7.0,19.0,1.0,5.0,15.05,1.56,70.31,2,2.0137195121951224,1.1307287753568744,0.05235602094240837,2
27.0,18.0,7.06,6.82,4.0,5.0,10.0,3.0,11.1,0.41,24.38,0,1.0202312138728322,1.5502793296089385,1.9607843137254903,1
31.0,7.0,6.48,5.02,2.0,19.0,4.0,6.0,9.45,1.52,52.58,1,1.2656250000000002,1.4361702127659572,0.20942408376963348,1
20.0,10.0,7.84,8.58,7.0,17.0,16.0,1.0,11.03,1.25,53.1,1,0.9032258064516129,1.3891687657430731,0.935672514619883,0
29.0,1.0,4.55,8.62,0.0,6.0,4.0,7.0,5.7,0.68,22.22,0,0.5217889908256881,1.2258064516129035,0.6557377049180328,0
39.0,9.0,12.1,4.73,4.0,17.0,25.0,7.0,15.59,1.45,99.05,2,2.5051759834368528,1.2778688524590165,1.461988304093567,2
22.0,2.0,13.84,7.62,4.0,11.0,2.0,2.0,15.65,0.47,76.13,2,1.7927461139896372,1.1226685796269729,0.1801801801801802,1
25.0,16.0,12.24,4.38,4.0,6.0,18.0,3.0,14.77,0.44,54.78,1,2.7321428571428577,1.1969205834683954,2.9508196721311477,2
26.0,7.0,9.55,6.99,2.0,6.0,7.0,6.0,12.2,0.12,58.27,1,1.3469675599435826,1.2642487046632123,1.1475409836065575,1
39.0,3.0,6.95,4.89,0.0,0.0,10.0,4.0,9.74,0.79,29.91,0,1.3927855711422847,1.3815602836879433,100.0,1
42.0,13.0,5.98,4.73,2.0,9.0,2.0,5.0,7.89,0.2,46.72,1,1.2380952380952381,1.2976973684210527,0.21978021978021978,1
44.0,9.0,7.64,4.02,4.0,9.0,2.0,1.0,12.04,0.84,45.94,1,1.8543689320388352,1.5555555555555556,0.21978021978021978,1
37.0,0.0,10.67,8.7,4.0,11.0,0.0,5.0,13.38,0.02,56.03,1,1.2125000000000001,1.242339832869081,0.0,1
30.0,3.0,8.47,8.15,6.0,2.0,29.0,3.0,11.92,0.31,36.59,1,1.0266666666666668,1.3908984830805133,13.809523809523808,1
38.0,0.0,13.34,4.39,1.0,2.0,23.0,4.0,16.8,1.86,54.02,1,2.971046770601337,1.25,10.952380952380953,2
24.0,16.0,12.54,7.0,3.0,12.0,12.0,4.0,15.97,1.59,77.98,2,1.7661971830985914,1.2634493670886078,0.9917355371900827,1
38.0,16.0,5.02,5.16,7.0,12.0,29.0,1.0,8.26,0.47,45.88,1,0.9543726235741444,1.6132812500000002,2.396694214876033,0
30.0,6.0,5.32,5.32,2.0,5.0,9.0,7.0,9.61,1.44,31.44,0,0.981549815498155,1.7730627306273061,1.7647058823529413,0
43.0,19.0,10.76,8.37,0.0,2.0,25.0,0.0,15.01,1.34,14.19,0,1.2703659976387252,1.3821362799263353,11.904761904761905,1
31.0,14.0,6.31,4.57,6.0,14.0,5.0,1.0,8.98,0.35,52.93,1,1.3511777301927195,1.4009360374414979,0.3546099290780142,1
29.0,12.0,11.91,7.01,4.0,8.0,10.0,6.0,15.45,0.74,68.27,1,1.6751054852320677,1.2864279766860949,1.234567901234568,1
27.0,1.0,9.91,6.01,2.0,5.0,7.0,6.0,12.02,1.83,47.58,1,1.6219312602291327,1.2007992007992008,1.3725490196078431,1
43.0,18.0,6.3,4.95,3.0,5.0,18.0,1.0,7.66,1.48,10.38,0,1.2475247524752475,1.1968750000000001,3.5294117647058827,1
28.0,12.0,8.79,6.26,2.0,7.0,29.0,0.0,11.71,1.52,31.7,0,1.3820754716981132,1.317210348706412,4.084507042253521,1
23.0,10.0,8.06,8.7,7.0,10.0,10.0,9.0,12.02,1.13,62.55,1,0.9159090909090911,1.4730392156862744,0.9900990099009901,0
24.0,14.0,12.73,7.91,7.0,18.0,5.0,0.0,16.33,1.33,63.58,1,1.589263420724095,1.2727981293842554,0.2762430939226519,1
40.0,9.0,4.32,4.66,3.0,15.0,11.0,0.0,8.0,1.02,36.16,1,0.9075630252100841,1.8099547511312217,0.728476821192053,0
27.0,8.0,12.96,8.25,2.0,8.0,17.0,5.0,14.59,1.48,59.28,1,1.5520958083832337,1.1171516079632464,2.0987654320987654,1
42.0,8.0,10.52,8.69,1.0,10.0,2.0,9.0,13.33,1.47,51.19,1,1.1968145620022754,1.2551789077212807,0.19801980198019803,1
28.0,19.0,11.38,5.38,2.0,15.0,12.0,6.0,13.98,0.06,93.14,2,2.0766423357664237,1.2177700348432057,0.794701986754967,2
34.0,0.0,4.03,5.67,6.0,5.0,3.0,1.0,8.16,1.26,29.56,0,0.6984402079722705,1.9757869249394675,0.5882352941176471,0
34.0,16.0,10.28,4.63,5.0,16.0,8.0,5.0,11.83,1.26,77.85,2,2.1733615221987317,1.1396917148362236,0.49689440993788814,2
35.0,11.0,9.88,5.72,1.0,15.0,15.0,3.0,13.04,0.13,67.92,1,1.6975945017182135,1.3066132264529056,0.9933774834437087,1
33.0,9.0,9.37,7.37,3.0,19.0,11.0,8.0,14.02,0.82,93.76,2,1.254350736278447,1.480464625131996,0.5759162303664921,1
27.0,4.0,11.86,5.36,4.0,17.0,19.0,7.0,16.43,1.8,69.94,1,2.172161172161172,1.3737458193979935,1.111111111111111,2
37.0,17.0,9.56,4.03,4.0,0.0,6.0,7.0,13.97,1.91,70.06,2,2.314769975786925,1.4461697722567288,60.0,2
29.0,14.0,12.57,5.69,7.0,17.0,11.0,1.0,15.07,1.56,84.09,2,2.1709844559585494,1.1894238358326756,0.6432748538011696,2
39.0,5.0,6.33,6.27,2.0,7.0,7.0,4.0,11.09,0.3,42.65,1,0.9937205651491368,1.724727838258165,0.9859154929577465,0
25.0,10.0,12.06,6.83,0.0,9.0,20.0,1.0,16.28,0.75,33.21,0,1.7402597402597404,1.3388157894736843,2.197802197802198,1
31.0,16.0,8.99,7.42,2.0,1.0,14.0,2.0,10.19,0.37,0.0,0,1.1954787234042554,1.121012101210121,12.727272727272727,1
21.0,5.0,12.13,4.31,4.0,8.0,1.0,7.0,16.86,1.3,66.26,1,2.750566893424037,1.3785772690106295,0.1234567901234568,2
26.0,7.0,13.4,6.35,1.0,3.0,10.0,4.0,18.15,1.55,43.28,1,2.0775193798449614,1.3444444444444443,3.225806451612903,2
35.0,11.0,7.36,5.33,3.0,10.0,23.0,3.0,9.32,1.77,18.32,0,1.3554327808471456,1.2493297587131367,2.2772277227722775,1
22.0,13.0,9.3,8.74,2.0,9.0,20.0,4.0,10.81,1.72,25.03,0,1.0520361990950227,1.15,2.197802197802198,1
32.0,11.0,10.58,5.8,3.0,13.0,4.0,7.0,14.34,0.2,73.39,2,1.793220338983051,1.3426966292134832,0.3053435114503817,1
22.0,9.0,4.79,4.5,0.0,6.0,22.0,9.0,8.04,0.25,29.36,0,1.041304347826087,1.6441717791411041,3.6065573770491803,1
37.0,19.0,8.94,4.21,4.0,18.0,5.0,6.0,11.25,1.82,95.64,2,2.074245939675174,1.2444690265486726,0.2762430939226519,2
30.0,14.0,7.61,5.33,4.0,5.0,18.0,5.0,11.35,1.69,53.795,1,1.401473296500921,1.4721141374837872,3.5294117647058827,1
27.0,6.0,12.72,4.89,2.0,15.0,29.0,1.0,13.97,0.92,69.08,1,2.549098196392786,1.0897035881435257,1.9205298013245033,2
25.0,8.0,12.77,7.25,3.0,18.0,13.0,9.0,13.96,0.86,100.0,2,1.7374149659863947,1.084693084693085,0.718232044198895,1
20.0,9.0,11.01,8.23,3.0,18.0,6.0,4.0,13.43,1.11,73.94,2,1.3217286914765907,1.208820882088209,0.3314917127071823,1
20.0,9.0,10.56,5.56,0.0,12.0,11.0,9.0,12.34,1.19,58.38,1,1.865724381625442,1.1575984990619137,0.9090909090909092,1
42.0,15.0,11.34,6.89,3.0,11.0,29.0,8.0,15.21,0.51,82.89,2,1.6223175965665237,1.3295454545454546,2.6126126126126126,1
27.0,6.0,7.66,7.65,5.0,14.0,16.0,8.0,12.45,0.81,61.48,1,0.9883870967741936,1.604381443298969,1.1347517730496455,0
24.0,4.0,8.05,5.99,5.0,7.0,3.0,8.0,11.7,1.24,65.0,1,1.3218390804597702,1.4355828220858895,0.4225352112676057,1
35.0,2.0,9.54,4.33,4.0,3.0,19.0,2.0,13.16,0.41,31.51,0,2.1534988713318284,1.365145228215768,6.129032258064516,2
30.0,17.0,13.38,5.15,5.0,19.0,21.0,8.0,14.41,2.0,100.0,2,2.548571428571429,1.0689910979228487,1.0994764397905759,2
24.0,10.0,11.24,8.42,7.0,7.0,21.0,8.0,14.29,0.57,82.18,2,1.31924882629108,1.2601410934744268,2.9577464788732395,1
23.0,14.0,9.51,8.12,5.0,15.0,9.0,4.0,13.78,1.1,65.55,1,1.1569343065693432,1.4339229968782519,0.5960264900662252,1
25.0,19.0,11.7,4.43,1.0,15.0,23.0,5.0,15.32,1.11,64.31,1,2.5827814569536427,1.298305084745763,1.5231788079470199,2
33.0,4.0,7.71,5.12,5.0,1.0,27.0,6.0,9.62,0.9,68.16,1,1.4770114942528736,1.231754161331626,24.545454545454543,1
41.0,11.0,11.3,7.85,5.0,16.0,0.0,9.0,15.69,0.48,97.65,2,1.4213836477987423,1.3763157894736842,0.0,1
38.0,3.0,8.11,6.43,1.0,4.0,28.0,9.0,12.97,1.13,43.79,1,1.2419601837672283,1.579780755176614,6.829268292682928,1
28.0,14.0,6.8,7.8,2.0,4.0,22.0,9.0,8.92,0.18,47.13,1,0.8607594936708861,1.2927536231884058,5.365853658536586,0
31.0,8.0,10.1,5.06,6.0,11.0,14.0,5.0,11.93,0.77,53.795,2,1.9573643410852715,1.169607843137255,1.2612612612612613,1
30.0,6.0,10.87,8.76,1.0,6.0,3.0,4.0,13.22,0.45,28.93,0,1.22686230248307,1.20510483135825,0.49180327868852464,1
33.0,9.0,8.59,7.92,1.0,4.0,12.0,0.0,9.84,0.25,30.95,0,1.071072319201995,1.1323360184119677,2.9268292682926833,1
42.0,12.0,9.66,4.99,7.0,3.0,5.0,3.0,14.15,1.85,46.43,1,1.8978388998035365,1.4497950819672132,1.6129032258064515,1
35.0,7.0,10.94,6.79,4.0,16.0,25.0,7.0,15.66,1.4,80.37,2,1.5878084179970973,1.4184782608695654,1.5527950310559004,1
20.0,11.0,11.68,4.57,4.0,5.0,14.0,7.0,15.21,0.34,74.84,2,2.501070663811563,1.2911714770797964,2.7450980392156863,2
32.0,18.0,12.96,5.81,6.0,13.0,13.0,5.0,17.02,1.9,64.14,1,2.192893401015229,1.3032159264931087,0.9923664122137404,2
42.0,0.0,7.55,7.3,5.0,8.0,24.0,2.0,11.22,0.43,43.21,1,1.0202702702702704,1.4666666666666668,2.9629629629629632,1
40.0,15.0,13.51,5.65,2.0,3.0,2.0,7.0,16.02,0.47,49.32,1,2.349565217391304,1.177075679647318,0.6451612903225806,2
40.0,16.0,10.37,7.28,4.0,10.0,23.0,6.0,12.02,0.27,56.15,1,1.4051490514905147,1.1480420248328558,2.2772277227722775,1
32.0,17.0,11.88,5.22,0.0,19.0,18.0,8.0,16.23,1.46,88.19,2,2.233082706766918,1.3547579298831385,0.9424083769633507,2
21.0,10.0,11.0,7.61,1.0,15.0,5.0,2.0,15.24,1.14,53.04,1,1.4267185473411155,1.372972972972973,0.33112582781456956,1
23.0,17.0,6.06,5.8,6.0,15.0,1.0,5.0,7.38,0.12,41.93,1,1.0271186440677966,1.1980519480519483,0.06622516556291391,1
25.0,6.0,4.71,7.95,2.0,15.0,8.0,0.0,7.56,0.05,34.4,0,0.5850931677018633,1.5717255717255718,0.5298013245033113,0
32.0,17.0,11.26,4.68,6.0,5.0,29.0,7.0,13.85,1.07,56.82,1,2.3556485355648538,1.2191901408450705,5.686274509803922,2
24.0,7.0,9.11,5.81,3.0,14.0,12.0,1.0,13.12,1.3,43.55,1,1.5414551607445008,1.4245385450597177,0.851063829787234,1
44.0,10.0,11.02,6.32,6.0,2.0,17.0,4.0,14.03,1.65,44.12,1,1.7165109034267911,1.2616906474820144,8.095238095238095,1
22.0,10.0,8.99,6.12,5.0,8.0,11.0,5.0,11.17,0.96,52.43,1,1.4453376205787782,1.2288228822882288,1.3580246913580247,1
20.0,9.0,7.12,6.17,4.0,0.0,20.0,3.0,10.95,1.35,24.98,0,1.1355661881977672,1.5166204986149585,200.0,1
23.0,10.0,6.85,6.22,4.0,10.0,21.0,8.0,9.74,1.47,54.22,1,1.0838607594936709,1.4014388489208636,2.0792079207920793,1
44.0,12.0,11.31,8.94,5.0,5.0,3.0,2.0,13.34,1.23,59.95,1,1.2511061946902657,1.1691498685363715,0.5882352941176471,1
39.0,8.0,6.77,4.97,7.0,4.0,27.0,1.0,11.33,0.7,38.95,1,1.3353057199211047,1.64919941775837,6.585365853658537,1
21.0,6.0,11.15,7.84,5.0,17.0,22.0,2.0,12.6,0.26,75.84,2,1.4042821158690177,1.1199999999999999,1.286549707602339,1
24.0,8.0,7.84,6.76,2.0,11.0,28.0,4.0,8.91,1.3,53.795,1,1.142857142857143,1.1221662468513856,2.5225225225225225,1
22.0,12.0,11.71,6.07,7.0,6.0,6.0,0.0,13.29,1.54,55.6,1,1.8978930307941655,1.1253175275190515,0.9836065573770493,1
28.0,2.0,5.43,7.17,1.0,1.0,11.0,9.0,7.08,0.38,22.68,0,0.7469050894085282,1.2802893309222425,10.0,0
39.0,2.0,6.05,8.27,7.0,6.0,22.0,3.0,9.2,0.99,22.43,0,0.7228195937873357,1.4959349593495934,3.6065573770491803,0
25.0,0.0,10.86,6.33,0.0,8.0,10.0,0.0,14.36,0.79,72.74,2,1.6889580093312597,1.3102189781021898,1.234567901234568,1
37.0,19.0,9.6,8.32,1.0,19.0,6.0,8.0,12.39,0.41,92.1,2,1.1401425178147269,1.277319587628866,0.31413612565445026,1
25.0,1.0,6.04,4.47,1.0,7.0,28.0,5.0,7.86,0.49,53.795,0,1.3216630196936545,1.2801302931596092,3.943661971830986,1
38.0,2.0,13.03,7.27,0.0,8.0,25.0,1.0,14.56,0.48,59.16,1,1.7679782903663501,1.108910891089109,3.0864197530864197,1
31.0,14.0,6.76,5.67,7.0,9.0,26.0,4.0,9.73,0.84,53.62,1,1.17157712305026,1.4183673469387756,2.857142857142857,1
44.0,5.0,8.21,5.93,4.0,9.0,9.0,0.0,11.47,0.78,36.8,1,1.3615257048092873,1.3802647412755715,0.989010989010989,1
30.0,12.0,6.02,6.86,7.0,1.0,8.0,9.0,8.24,1.11,60.95,1,0.8649425287356322,1.34640522875817,7.2727272727272725,0
21.0,0.0,8.99,6.4,1.0,9.0,1.0,6.0,9.76,0.19,48.84,1,1.383076923076923,1.0737073707370737,0.10989010989010989,1
34.0,19.0,8.92,5.91,3.0,2.0,4.0,8.0,10.24,1.16,63.01,1,1.4841930116472546,1.1352549889135255,1.9047619047619047,1
31.0,18.0,6.95,5.54,3.0,0.0,9.0,0.0,8.05,1.02,11.8,0,1.2322695035460993,1.1418439716312059,90.0,1
31.0,0.0,11.69,7.09,4.0,16.0,14.0,7.0,13.11,0.51,95.54,2,1.6258692628650904,1.1119592875318067,0.8695652173913043,1
28.0,1.0,7.94,6.53,2.0,0.0,27.0,7.0,11.91,1.0,46.94,1,1.197586726998492,1.4813432835820894,270.0,1
40.0,14.0,11.3,5.62,6.0,4.0,14.0,6.0,13.68,1.37,55.47,1,1.9755244755244756,1.2,3.414634146341464,1
43.0,13.0,6.07,5.02,0.0,13.0,13.0,9.0,7.18,1.54,52.29,1,1.1855468750000002,1.1636952998379255,0.9923664122137404,1
21.0,18.0,7.77,7.87,0.0,5.0,26.0,3.0,10.8,0.07,25.16,0,0.9749058971141782,1.3722998729351972,5.098039215686275,0
41.0,10.0,4.08,8.0,2.0,8.0,15.0,6.0,7.22,1.07,37.39,1,0.5037037037037038,1.7272727272727273,1.8518518518518519,0
22.0,14.0,11.59,5.07,5.0,13.0,26.0,1.0,14.3,0.71,88.65,2,2.241779497098646,1.223267750213858,1.984732824427481,2
31.0,5.0,10.26,5.31,1.0,3.0,1.0,5.0,11.7,1.39,42.15,1,1.8964879852125696,1.1293436293436294,0.3225806451612903,1
35.0,19.0,12.18,5.2,5.0,0.0,18.0,4.0,16.2,0.57,55.41,1,2.29811320754717,1.3192182410423452,180.0,2
40.0,8.0,8.56,8.42,4.0,5.0,22.0,4.0,12.32,1.49,34.12,0,1.0046948356807512,1.4226327944572748,4.313725490196079,1
43.0,4.0,12.0,7.87,3.0,6.0,8.0,7.0,14.58,1.2,45.81,1,1.50564617314931,1.2049586776859504,1.3114754098360657,1
20.0,19.0,10.48,4.37,0.0,5.0,13.0,0.0,13.0,1.58,49.74,1,2.3445190156599556,1.2287334593572778,2.5490196078431375,2
40.0,1.0,4.04,6.46,2.0,0.0,14.0,5.0,5.66,1.97,0.0,0,0.6158536585365854,1.3671497584541064,140.0,0
22.0,5.0,6.54,4.18,3.0,7.0,18.0,3.0,10.55,1.82,36.85,1,1.5280373831775704,1.5888554216867472,2.535211267605634,1
39.0,17.0,8.94,5.27,5.0,11.0,25.0,9.0,12.34,1.19,90.68,2,1.6648044692737431,1.3650442477876108,2.2522522522522523,1
21.0,18.0,10.19,8.59,0.0,10.0,7.0,5.0,11.53,1.79,47.09,1,1.1726121979286537,1.120505344995141,0.6930693069306931,1
28.0,8.0,4.66,8.32,0.0,1.0,26.0,5.0,7.17,0.31,1.49,0,0.5534441805225654,1.5063025210084033,23.636363636363633,0
38.0,5.0,11.05,7.91,6.0,1.0,14.0,0.0,15.66,0.09,26.93,0,1.3795255930087391,1.4044843049327354,12.727272727272727,1
34.0,13.0,8.99,6.29,1.0,1.0,7.0,7.0,12.25,1.07,41.14,1,1.4068857589984352,1.3476347634763477,6.363636363636363,1
37.0,12.0,9.26,5.61,0.0,7.0,27.0,3.0,11.56,1.95,34.22,0,1.6217162872154116,1.235042735042735,3.802816901408451,1
30.0,10.0,6.92,8.41,4.0,6.0,3.0,8.0,10.5,1.42,64.11,1,0.8131609870740306,1.4957264957264957,0.49180327868852464,0
44.0,11.0,9.95,7.29,7.0,15.0,26.0,6.0,11.76,0.61,71.49,2,1.3464140730717185,1.1701492537313434,1.7218543046357617,1
42.0,18.0,4.27,5.48,0.0,8.0,28.0,3.0,7.37,1.34,12.41,0,0.7652329749103942,1.6864988558352405,3.4567901234567904,0
35.0,18.0,4.65,6.32,7.0,15.0,5.0,0.0,8.33,0.08,31.55,0,0.7242990654205608,1.7536842105263157,0.33112582781456956,0
41.0,18.0,11.34,8.41,4.0,1.0,10.0,8.0,15.76,0.94,49.77,1,1.3325499412455935,1.3776223776223777,9.09090909090909,1
36.0,12.0,7.22,8.52,5.0,2.0,11.0,9.0,10.99,0.47,45.89,1,0.8375870069605569,1.5013661202185793,5.238095238095238,0
24.0,13.0,7.47,7.3,6.0,1.0,23.0,5.0,10.01,0.1,27.19,0,1.0094594594594595,1.322324966974901,20.909090909090907,1
31.0,17.0,6.08,7.66,1.0,18.0,27.0,5.0,10.15,0.5,53.79,1,0.7835051546391752,1.6423948220064726,1.4917127071823204,0
30.0,11.0,8.46,4.2,6.0,16.0,8.0,0.0,13.05,1.44,50.18,1,1.9674418604651165,1.5245327102803738,0.49689440993788814,1
34.0,3.0,4.52,7.02,4.0,19.0,17.0,4.0,7.43,1.1,56.34,1,0.6348314606741573,1.6082251082251084,0.8900523560209423,0
22.0,9.0,7.0,7.44,5.0,9.0,16.0,3.0,8.02,0.05,41.42,1,0.9283819628647215,1.1295774647887324,1.7582417582417582,0
20.0,16.0,9.27,4.1,3.0,10.0,20.0,0.0,13.79,0.82,48.58,1,2.2071428571428573,1.471718249733191,1.9801980198019802,2
39.0,3.0,8.66,8.22,6.0,19.0,25.0,6.0,10.32,1.5,84.99,2,1.0408653846153846,1.178082191780822,1.3089005235602094,1
35.0,11.0,14.0,8.64,6.0,18.0,2.0,3.0,15.51,1.91,78.53,2,1.6018306636155606,1.1,0.11049723756906077,1
21.0,12.0,7.89,5.19,0.0,5.0,26.0,2.0,10.12,1.75,29.91,0,1.4914933837429112,1.2665832290362953,5.098039215686275,1
21.0,3.0,7.87,8.23,6.0,9.0,12.0,1.0,10.39,0.0,46.49,1,0.9447779111644657,1.3036386449184443,1.3186813186813187,0
22.0,9.0,9.04,7.33,2.0,13.0,5.0,7.0,13.24,0.44,77.69,2,1.2166890982503364,1.4485776805251642,0.3816793893129771,1
27.0,2.0,5.9,6.9,2.0,0.0,27.0,4.0,8.46,0.42,53.795,0,0.8428571428571429,1.4100000000000001,270.0,0
43.0,14.0,12.76,8.22,4.0,14.0,13.0,9.0,12.02,0.83,86.6,2,1.533653846153846,0.9346811819595645,0.9219858156028369,1
34.0,1.0,9.72,5.43,1.0,5.0,26.0,8.0,13.26,1.29,51.21,1,1.7576853526220617,1.35030549898167,5.098039215686275,1
26.0,16.0,5.92,7.95,4.0,12.0,0.0,4.0,9.6,0.31,43.4,1,0.7354037267080744,1.5946843853820598,0.0,0
25.0,5.0,11.93,5.57,7.0,13.0,27.0,9.0,16.19,1.83,87.63,2,2.1040564373897706,1.345802161263508,2.0610687022900764,2
28.0,7.0,4.34,7.94,6.0,12.0,26.0,0.0,6.94,1.55,23.59,0,0.5398009950248756,1.5630630630630633,2.1487603305785123,0
39.0,2.0,13.83,6.26,6.0,15.0,14.0,9.0,15.17,0.84,100.0,2,2.1745283018867925,1.089016511127064,0.9271523178807948,2
20.0,17.0,12.65,4.58,5.0,0.0,21.0,4.0,15.86,1.17,49.41,1,2.702991452991453,1.243921568627451,210.0,2
27.0,0.0,9.8,5.91,6.0,13.0,17.0,4.0,11.28,1.08,57.67,1,1.6306156405990018,1.1393939393939392,1.297709923664122,1
42.0,15.0,5.11,5.17,5.0,12.0,10.0,7.0,6.18,1.16,54.9,1,0.9696394686907023,1.1861804222648753,0.8264462809917356,0
42.0,6.0,6.15,4.5,6.0,9.0,10.0,5.0,10.26,1.72,46.28,1,1.3369565217391306,1.6416,1.098901098901099,1
22.0,2.0,6.79,4.55,6.0,9.0,7.0,4.0,9.4,1.02,63.91,1,1.460215053763441,1.3642960812772134,0.7692307692307693,1
23.0,3.0,6.41,7.9,4.0,3.0,3.0,7.0,9.51,1.37,19.43,0,0.80125,1.4608294930875576,0.9677419354838709,0
44.0,8.0,8.98,8.41,4.0,13.0,1.0,0.0,12.63,0.21,51.53,1,1.055229142185664,1.3909691629955947,0.07633587786259542,1
34.0,4.0,13.45,8.64,3.0,11.0,0.0,4.0,16.05,0.92,75.69,2,1.5389016018306636,1.1845018450184504,0.0,1
25.0,18.0,8.44,8.27,5.0,5.0,23.0,2.0,9.64,1.27,16.95,0,1.0083632019115891,1.1288056206088994,4.509803921568627,1
34.0,14.0,10.62,8.15,3.0,14.0,9.0,4.0,12.63,0.03,64.12,1,1.2872727272727271,1.178171641791045,0.6382978723404256,1
40.0,7.0,10.89,4.34,4.0,4.0,16.0,2.0,12.67,0.22,71.65,2,2.452702702702703,1.1528662420382165,3.9024390243902443,2
22.0,5.0,12.72,7.95,1.0,9.0,6.0,3.0,17.63,0.18,63.91,1,1.5801242236024844,1.375195007800312,0.6593406593406593,1
44.0,17.0,4.34,7.92,0.0,9.0,6.0,8.0,8.3,0.75,25.28,0,0.5411471321695761,1.8693693693693698,0.6593406593406593,0
40.0,18.0,8.04,4.66,5.0,9.0,12.0,1.0,10.85,1.24,54.94,1,1.6890756302521008,1.332923832923833,1.3186813186813187,1
40.0,14.0,11.85,7.31,2.0,11.0,21.0,9.0,13.1,1.99,68.15,1,1.5991902834008098,1.096234309623431,1.8918918918918919,1
32.0,6.0,12.15,6.26,3.0,3.0,23.0,0.0,13.61,0.51,41.88,1,1.9103773584905663,1.1110204081632653,7.419354838709677,1
39.0,9.0,13.27,8.5,7.0,3.0,25.0,3.0,17.52,0.27,61.69,1,1.5430232558139536,1.3103964098728498,8.064516129032258,1
33.0,5.0,11.03,7.48,5.0,12.0,0.0,7.0,15.81,0.83,90.29,2,1.4551451187335092,1.4204851752021566,0.0,1
23.0,13.0,6.45,8.75,7.0,13.0,27.0,4.0,7.58,0.29,38.59,1,0.728813559322034,1.1572519083969466,2.0610687022900764,0
31.0,16.0,9.06,4.52,0.0,11.0,0.0,8.0,13.7,0.05,77.68,2,1.9610389610389616,1.4956331877729256,0.0,1
36.0,8.0,4.32,4.2,3.0,12.0,12.0,9.0,6.84,1.13,52.15,1,1.0046511627906978,1.5475113122171946,0.9917355371900827,1
26.0,18.0,10.47,8.87,5.0,19.0,0.0,2.0,12.32,1.76,74.5,2,1.1672240802675586,1.1655629139072847,0.0,1
28.0,4.0,9.54,4.4,3.0,12.0,5.0,8.0,10.95,1.72,83.16,2,2.1199999999999997,1.1358921161825726,0.4132231404958678,2
22.0,6.0,10.67,5.93,3.0,1.0,22.0,0.0,14.76,0.2,35.87,1,1.7694859038142623,1.3704735376044568,20.0,1
32.0,18.0,13.3,7.25,4.0,18.0,25.0,1.0,16.18,0.29,89.02,2,1.8095238095238098,1.207462686567164,1.3812154696132595,1
34.0,19.0,10.87,8.4,6.0,8.0,24.0,8.0,15.2,0.98,62.09,1,1.2788235294117647,1.3855970829535096,2.9629629629629632,1
37.0,6.0,7.2,5.27,4.0,9.0,9.0,8.0,9.1,0.74,54.88,1,1.340782122905028,1.2465753424657533,0.989010989010989,1
38.0,1.0,5.99,4.15,3.0,16.0,20.0,9.0,9.7,1.41,96.53,2,1.4094117647058824,1.592775041050903,1.2422360248447204,1
20.0,15.0,12.55,6.61,3.0,9.0,0.0,4.0,14.02,0.99,63.63,1,1.8703427719821164,1.108300395256917,0.0,1
25.0,12.0,5.94,6.36,6.0,19.0,24.0,9.0,7.3,0.04,82.84,2,0.9195046439628484,1.2086092715231789,1.256544502617801,0
42.0,7.0,5.62,5.53,2.0,12.0,4.0,3.0,7.15,0.57,36.2,1,0.9982238010657194,1.2500000000000002,0.3305785123966942,0
21.0,5.0,6.07,8.37,0.0,19.0,21.0,8.0,10.31,1.8,37.02,1,0.7166469893742622,1.6709886547811994,1.0994764397905759,0
43.0,5.0,9.09,7.75,6.0,0.0,24.0,9.0,12.71,1.02,38.14,1,1.1579617834394904,1.3830250272034823,240.0,1
33.0,8.0,5.24,8.29,0.0,1.0,1.0,1.0,6.9,1.6,0.0,0,0.6245530393325388,1.2921348314606742,0.9090909090909091,0
25.0,3.0,13.38,4.81,1.0,16.0,29.0,2.0,15.92,0.8,69.55,1,2.7250509164969454,1.1810089020771513,1.8012422360248446,2
33.0,10.0,13.66,7.46,7.0,12.0,2.0,7.0,17.71,1.35,83.6,2,1.806878306878307,1.287063953488372,0.1652892561983471,1
23.0,4.0,13.74,8.88,6.0,16.0,29.0,0.0,15.88,0.34,82.0,2,1.530066815144766,1.147398843930636,1.8012422360248446,1
40.0,16.0,4.39,7.06,1.0,12.0,22.0,1.0,9.08,1.47,17.62,0,0.6131284916201117,2.0222717149220495,1.8181818181818183,0
27.0,19.0,13.46,4.86,1.0,16.0,2.0,4.0,18.12,1.57,81.89,2,2.713709677419355,1.336283185840708,0.12422360248447203,2
22.0,6.0,13.97,8.98,4.0,18.0,17.0,6.0,17.18,0.18,90.6,2,1.538546255506608,1.2210376687988629,0.9392265193370165,1
38.0,14.0,13.42,6.64,4.0,13.0,22.0,9.0,16.95,0.37,89.39,2,1.991097922848665,1.253698224852071,1.6793893129770994,1
33.0,14.0,10.71,8.2,2.0,19.0,7.0,8.0,14.32,0.93,100.0,2,1.2903614457831327,1.3246993524514339,0.36649214659685864,1
32.0,13.0,11.01,4.75,4.0,9.0,8.0,2.0,13.04,1.27,51.87,1,2.270103092783505,1.1737173717371736,0.8791208791208791,2
36.0,12.0,5.22,7.33,1.0,1.0,1.0,3.0,7.68,1.27,13.54,0,0.702557200538358,1.4436090225563911,0.9090909090909091,0
44.0,10.0,12.74,8.56,5.0,13.0,28.0,9.0,14.28,1.34,63.66,1,1.4711316397228638,1.1121495327102804,2.1374045801526718,1
27.0,12.0,4.6,6.66,3.0,16.0,1.0,0.0,9.3,1.43,35.96,1,0.680473372781065,1.9787234042553197,0.06211180124223602,0
43.0,8.0,7.18,5.44,1.0,4.0,26.0,0.0,11.08,1.01,28.86,0,1.296028880866426,1.5219780219780221,6.341463414634147,1
33.0,9.0,13.91,4.64,2.0,17.0,15.0,0.0,15.1,1.15,73.92,2,2.9345991561181437,1.0778015703069237,0.8771929824561403,2
25.0,3.0,8.22,5.48,3.0,2.0,6.0,3.0,11.42,0.02,31.91,0,1.4731182795698925,1.3725961538461537,2.857142857142857,1
42.0,16.0,5.31,5.77,4.0,15.0,29.0,8.0,7.68,0.33,74.5,2,0.9045996592844975,1.4195933456561924,1.9205298013245033,0
41.0,13.0,13.69,7.55,3.0,18.0,3.0,7.0,17.95,1.0,84.83,2,1.7895424836601308,1.3016678752719362,0.16574585635359115,1
35.0,17.0,13.84,4.89,5.0,17.0,4.0,3.0,16.22,1.49,99.56,2,2.7735470941883773,1.163558106169297,0.23391812865497075,2
44.0,10.0,5.87,4.53,2.0,19.0,0.0,7.0,9.45,1.62,59.36,1,1.267818574514039,1.5829145728643215,0.0,1
38.0,15.0,12.65,5.93,4.0,4.0,21.0,6.0,14.31,1.46,75.24,2,2.097844112769486,1.1223529411764706,5.121951219512195,2
33.0,0.0,7.9,6.29,0.0,7.0,9.0,5.0,11.14,0.97,57.11,1,1.2363067292644758,1.3925,1.267605633802817,1
38.0,6.0,7.81,7.14,1.0,5.0,12.0,9.0,9.99,0.56,36.63,1,1.078729281767956,1.2629582806573958,2.3529411764705883,1
22.0,9.0,6.63,7.54,6.0,14.0,23.0,1.0,8.29,0.89,47.43,1,0.8678010471204188,1.2317979197622586,1.6312056737588654,0
29.0,8.0,4.45,8.45,5.0,2.0,26.0,2.0,7.93,0.02,18.13,0,0.5204678362573101,1.7428571428571429,12.38095238095238,0
38.0,2.0,6.68,5.44,5.0,8.0,14.0,3.0,10.23,1.2,20.7,0,1.2057761732851986,1.5088495575221241,1.7283950617283952,1
28.0,13.0,4.54,6.64,6.0,10.0,0.0,6.0,9.47,0.15,55.43,1,0.6735905044510386,2.0409482758620694,0.0,0
39.0,14.0,13.24,5.83,1.0,19.0,17.0,7.0,16.92,0.29,100.0,2,2.2327150084317036,1.2683658170914545,0.8900523560209423,2
32.0,1.0,10.62,4.01,2.0,13.0,22.0,7.0,13.68,1.25,88.22,2,2.5839416058394162,1.2761194029850746,1.6793893129770994,2
26.0,13.0,12.87,6.9,2.0,8.0,13.0,3.0,17.52,0.03,47.34,1,1.8385714285714285,1.350809560524287,1.6049382716049383,1
33.0,15.0,11.17,8.08,5.0,9.0,17.0,8.0,15.48,1.15,77.22,2,1.3655256723716382,1.373558118899734,1.8681318681318682,1
28.0,6.0,5.31,4.18,1.0,14.0,24.0,7.0,8.5,1.28,52.6,1,1.2406542056074767,1.5711645101663587,1.702127659574468,1
42.0,3.0,13.41,4.02,3.0,17.0,21.0,4.0,16.46,1.58,83.68,2,3.2548543689320395,1.218356772760918,1.2280701754385963,3
44.0,17.0,13.0,7.64,0.0,18.0,11.0,2.0,17.77,0.14,82.75,2,1.6795865633074938,1.3564885496183205,0.6077348066298343,1
38.0,4.0,7.48,7.42,0.0,6.0,11.0,5.0,10.95,0.01,30.78,0,0.9946808510638299,1.4445910290237467,1.8032786885245902,0
34.0,5.0,5.12,6.03,2.0,18.0,4.0,8.0,8.98,1.53,57.06,1,0.835236541598695,1.7203065134099618,0.22099447513812154,0
39.0,6.0,11.04,7.31,7.0,4.0,6.0,0.0,12.39,0.58,48.69,1,1.4898785425101215,1.112208258527828,1.4634146341463417,1
33.0,14.0,11.28,8.77,2.0,17.0,25.0,6.0,15.15,1.77,66.85,1,1.2717023675310035,1.3312829525483305,1.461988304093567,1
43.0,0.0,12.97,5.24,3.0,0.0,23.0,6.0,15.03,0.37,52.29,1,2.4288389513108615,1.1499617444529455,230.0,2
25.0,3.0,4.53,5.23,2.0,11.0,12.0,0.0,5.99,1.17,20.44,0,0.849906191369606,1.2937365010799138,1.0810810810810811,0
40.0,0.0,5.42,4.93,0.0,5.0,8.0,6.0,9.82,0.22,46.28,1,1.0775347912524853,1.778985507246377,1.5686274509803924,1
23.0,10.0,9.98,7.62,7.0,12.0,5.0,0.0,13.74,0.81,65.51,1,1.2927461139896375,1.3630952380952381,0.4132231404958678,1
27.0,17.0,10.19,5.77,1.0,16.0,20.0,1.0,12.82,1.76,47.82,1,1.7359454855195913,1.2458697764820215,1.2422360248447204,1
36.0,13.0,8.99,8.94,5.0,8.0,6.0,8.0,7.07,1.22,32.23,0,0.9944690265486726,0.7777777777777778,0.7407407407407408,0
28.0,10.0,7.97,7.57,0.0,0.0,17.0,7.0,9.76,1.38,24.44,0,1.0391134289439374,1.2094175960346962,170.0,1
20.0,9.0,9.84,5.84,3.0,11.0,14.0,8.0,10.88,0.45,80.53,2,1.6565656565656566,1.0945674044265594,1.2612612612612613,1
43.0,16.0,11.38,4.75,1.0,0.0,7.0,8.0,13.78,1.85,55.17,1,2.34639175257732,1.200348432055749,70.0,2
39.0,3.0,7.16,6.96,1.0,3.0,27.0,3.0,8.75,1.25,25.93,0,1.0141643059490086,1.2052341597796143,8.709677419354838,1
44.0,14.0,8.84,5.47,5.0,6.0,19.0,4.0,11.53,0.21,51.13,1,1.5870736086175945,1.2897091722595078,3.114754098360656,1
33.0,15.0,12.14,8.53,0.0,19.0,15.0,5.0,16.48,0.03,100.0,1,1.4067207415990732,1.34640522875817,0.7853403141361256,1
30.0,12.0,13.54,6.21,6.0,4.0,16.0,6.0,15.0,0.03,75.4,2,2.1458003169572106,1.0997067448680353,3.9024390243902443,2
40.0,8.0,6.3,5.46,1.0,9.0,2.0,5.0,7.67,0.1,66.09,1,1.1330935251798562,1.1984375,0.21978021978021978,1
22.0,10.0,6.53,6.94,1.0,4.0,12.0,8.0,11.14,1.82,36.45,1,0.9275568181818182,1.6802413273001509,2.9268292682926833,0
28.0,10.0,13.4,4.68,2.0,6.0,8.0,1.0,17.38,0.72,65.85,1,2.8033472803347284,1.2874074074074073,1.3114754098360657,2
33.0,5.0,7.96,6.81,1.0,16.0,19.0,7.0,9.17,0.6,41.14,1,1.1519536903039076,1.1377171215880892,1.1801242236024843,1
28.0,0.0,11.18,4.28,3.0,11.0,14.0,1.0,12.5,0.83,68.62,1,2.5525114155251143,1.1081560283687943,1.2612612612612613,2
23.0,5.0,10.12,7.03,1.0,14.0,25.0,1.0,13.86,0.82,58.27,1,1.4193548387096773,1.356164383561644,1.773049645390071,1
23.0,12.0,6.86,6.65,2.0,2.0,25.0,5.0,9.34,0.48,22.28,0,1.0162962962962963,1.3419540229885056,11.904761904761905,1
27.0,10.0,10.54,6.6,4.0,16.0,29.0,3.0,14.44,0.18,83.81,2,1.573134328358209,1.3571428571428572,1.8012422360248446,1
21.0,14.0,10.56,7.42,4.0,13.0,26.0,5.0,13.18,0.22,82.74,2,1.4042553191489364,1.2363977485928705,1.984732824427481,1
28.0,17.0,9.92,4.22,3.0,14.0,15.0,5.0,14.79,1.2,68.77,1,2.2962962962962967,1.4760479041916168,1.0638297872340425,2
33.0,19.0,5.0,6.3,4.0,14.0,15.0,1.0,8.78,0.79,19.71,0,0.7812500000000001,1.7215686274509805,1.0638297872340425,0
41.0,13.0,13.95,6.22,4.0,14.0,18.0,5.0,15.14,1.8,76.87,2,2.2072784810126582,1.0775800711743773,1.2765957446808511,2
28.0,14.0,8.0,6.3,6.0,18.0,3.0,7.0,10.32,0.93,79.86,2,1.25,1.2740740740740741,0.16574585635359115,1
43.0,4.0,10.38,8.9,6.0,10.0,18.0,4.0,13.63,1.01,61.38,1,1.1533333333333333,1.3005725190839694,1.7821782178217822,1
42.0,3.0,12.86,4.7,3.0,17.0,18.0,0.0,14.43,1.86,74.95,2,2.6791666666666667,1.113425925925926,1.0526315789473684,2
35.0,1.0,8.23,7.45,7.0,9.0,1.0,7.0,9.24,1.0,45.52,1,1.090066225165563,1.1092436974789917,0.10989010989010989,1
36.0,6.0,11.74,6.01,1.0,8.0,5.0,5.0,13.06,1.0,65.63,1,1.921440261865794,1.1030405405405406,0.617283950617284,1
35.0,9.0,13.72,6.56,1.0,2.0,12.0,1.0,16.82,0.73,47.82,1,2.0600600600600605,1.2170767004341534,5.714285714285714,2
31.0,15.0,7.59,7.81,7.0,0.0,14.0,6.0,11.12,1.42,33.22,0,0.9595448798988623,1.446033810143043,140.0,0
22.0,9.0,8.05,4.79,4.0,10.0,9.0,7.0,9.42,0.78,84.29,2,1.6462167689161558,1.1558282208588957,0.8910891089108911,1
30.0,17.0,13.06,7.82,4.0,15.0,21.0,1.0,16.72,1.18,77.3,2,1.648989898989899,1.2705167173252279,1.390728476821192,1
33.0,16.0,5.6,4.35,0.0,2.0,9.0,0.0,9.07,0.89,8.81,0,1.258426966292135,1.5912280701754389,4.285714285714286,1
37.0,12.0,4.29,6.42,4.0,8.0,3.0,5.0,9.05,1.06,16.21,0,0.6579754601226995,2.0615034168564925,0.3703703703703704,0
40.0,0.0,13.09,7.71,7.0,10.0,13.0,5.0,17.45,1.65,88.81,2,1.676056338028169,1.3229719484457922,1.2871287128712872,1
40.0,0.0,12.22,4.96,6.0,16.0,7.0,7.0,16.99,0.83,84.45,2,2.41501976284585,1.3790584415584415,0.43478260869565216,2
24.0,14.0,13.73,7.85,4.0,0.0,5.0,6.0,18.59,0.46,58.13,1,1.727044025157233,1.344179320318149,50.0,1
35.0,0.0,4.58,4.83,3.0,8.0,11.0,7.0,7.34,1.14,28.88,0,0.9290060851926978,1.5683760683760684,1.3580246913580247,0
39.0,5.0,8.99,8.0,0.0,2.0,7.0,9.0,8.51,1.02,13.32,0,1.1098765432098767,0.9361936193619362,3.333333333333333,1
24.0,12.0,5.05,6.34,5.0,9.0,5.0,9.0,7.18,1.39,47.03,1,0.7841614906832298,1.3941747572815535,0.5494505494505495,0
22.0,0.0,10.83,7.42,0.0,4.0,14.0,4.0,13.86,0.62,28.22,0,1.4401595744680853,1.2680695333943275,3.414634146341464,1
31.0,4.0,10.06,8.59,7.0,10.0,28.0,1.0,11.66,1.93,18.8,0,1.1576524741081704,1.1476377952755905,2.7722772277227725,1
20.0,8.0,7.59,6.04,1.0,4.0,24.0,4.0,11.28,0.69,22.68,0,1.236156351791531,1.4668400520156046,5.853658536585367,1
40.0,16.0,4.57,5.16,1.0,11.0,18.0,1.0,5.67,1.97,5.82,0,0.8688212927756654,1.214132762312634,1.6216216216216217,0
28.0,15.0,10.4,8.34,0.0,13.0,13.0,8.0,12.34,0.38,57.17,1,1.2322274881516588,1.1752380952380952,0.9923664122137404,1
28.0,7.0,9.7,4.81,0.0,11.0,2.0,4.0,12.02,2.0,50.43,1,1.9755600814663952,1.226530612244898,0.1801801801801802,1
23.0,16.0,5.13,7.16,1.0,18.0,17.0,0.0,9.88,0.15,49.48,1,0.7066115702479339,1.8891013384321227,0.9392265193370165,0
22.0,14.0,13.09,8.62,6.0,8.0,9.0,8.0,14.67,1.43,69.83,1,1.5011467889908259,1.1122062168309326,1.1111111111111112,1
36.0,0.0,5.99,7.37,7.0,6.0,13.0,9.0,10.55,1.48,40.77,1,0.8018741633199465,1.7323481116584567,2.1311475409836067,0
21.0,11.0,11.44,4.98,3.0,15.0,13.0,4.0,12.94,1.36,77.43,2,2.251968503937008,1.1213171577123051,0.8609271523178809,2
43.0,4.0,12.85,4.76,3.0,6.0,21.0,0.0,16.45,1.56,62.03,1,2.6440329218107,1.2702702702702702,3.4426229508196724,2
20.0,5.0,9.79,5.26,3.0,13.0,6.0,8.0,12.07,0.94,84.82,2,1.8264925373134329,1.2204246713852378,0.4580152671755725,1
27.0,0.0,6.47,5.96,3.0,7.0,6.0,8.0,12.02,0.11,32.77,0,1.0676567656765676,1.8295281582952816,0.8450704225352114,1
32.0,0.0,7.09,4.8,1.0,17.0,20.0,9.0,12.08,0.72,65.2,1,1.4469387755102041,1.6801112656467316,1.1695906432748537,1
42.0,9.0,12.86,7.99,7.0,2.0,21.0,9.0,14.76,1.28,82.02,2,1.5896168108776267,1.138888888888889,10.0,1
34.0,9.0,6.98,5.79,6.0,1.0,22.0,5.0,8.79,1.29,38.08,1,1.1850594227504245,1.2415254237288134,20.0,1
27.0,2.0,11.46,8.68,2.0,4.0,10.0,5.0,14.82,0.39,57.26,1,1.305239179954442,1.282006920415225,2.439024390243903,1
31.0,10.0,13.9,8.21,4.0,7.0,17.0,9.0,17.86,0.51,90.28,2,1.6726835138387484,1.2757142857142856,2.3943661971830985,1
41.0,18.0,14.0,8.54,4.0,18.0,9.0,9.0,18.93,0.97,79.56,2,1.6203703703703707,1.3425531914893618,0.49723756906077343,1
31.0,10.0,9.33,5.47,4.0,8.0,14.0,1.0,13.14,1.46,27.91,0,1.6750448833034113,1.3934252386002122,1.7283950617283952,1
33.0,17.0,12.27,6.87,4.0,1.0,29.0,6.0,15.52,1.71,49.99,1,1.7604017216642756,1.2546483427647535,26.36363636363636,1
34.0,1.0,13.9,5.61,1.0,14.0,11.0,1.0,16.54,0.17,83.22,2,2.4343257443082313,1.1814285714285713,0.7801418439716312,2
34.0,8.0,7.75,5.28,2.0,7.0,22.0,3.0,11.13,1.85,32.71,0,1.4405204460966543,1.4178343949044587,3.098591549295775,1
28.0,16.0,6.52,7.04,1.0,9.0,16.0,3.0,9.92,1.86,22.19,0,0.9131652661064426,1.4984894259818733,1.7582417582417582,0
38.0,13.0,5.14,8.09,2.0,6.0,21.0,9.0,7.01,0.02,36.59,1,0.6275946275946276,1.337786259541985,3.4426229508196724,0
39.0,3.0,5.41,4.47,1.0,18.0,23.0,6.0,9.09,1.01,59.11,1,1.1838074398249454,1.6497277676950999,1.2707182320441988,1
41.0,16.0,12.54,5.38,6.0,0.0,28.0,5.0,12.02,1.17,62.0,1,2.2883211678832116,0.9509493670886077,280.0,2
27.0,16.0,9.89,5.03,0.0,1.0,16.0,9.0,12.85,1.11,29.07,0,1.9278752436647175,1.2862862862862863,14.545454545454545,1
40.0,11.0,12.74,7.99,2.0,2.0,0.0,6.0,14.78,1.23,48.47,1,1.5747836835599507,1.1510903426791277,0.0,1
38.0,19.0,11.89,8.67,4.0,13.0,5.0,5.0,12.02,1.01,65.51,1,1.3557582668187003,1.0025020850708923,0.3816793893129771,1
25.0,17.0,10.74,4.4,2.0,14.0,20.0,0.0,14.2,0.59,54.47,1,2.3866666666666667,1.3099630996309963,1.4184397163120568,2
39.0,2.0,10.09,5.9,5.0,13.0,14.0,3.0,11.35,0.19,63.24,1,1.6816666666666666,1.113837095191364,1.0687022900763359,1
44.0,10.0,4.48,8.57,3.0,7.0,18.0,2.0,5.53,0.42,0.0,0,0.516724336793541,1.2074235807860263,2.535211267605634,0
38.0,17.0,12.72,5.72,2.0,17.0,13.0,6.0,14.24,1.48,93.18,2,2.1855670103092786,1.110764430577223,0.7602339181286549,2
23.0,3.0,8.18,7.56,5.0,16.0,9.0,6.0,9.85,0.48,56.73,1,1.0678851174934727,1.1896135265700483,0.5590062111801242,1
42.0,16.0,9.6,4.5,3.0,6.0,28.0,3.0,11.39,1.66,47.49,1,2.0869565217391304,1.1742268041237114,4.59016393442623,2
26.0,17.0,4.22,6.22,5.0,19.0,9.0,6.0,8.32,0.81,53.26,1,0.6677215189873418,1.9259259259259263,0.47120418848167533,0
23.0,4.0,13.36,6.52,3.0,0.0,22.0,3.0,16.15,0.83,49.72,1,2.0181268882175227,1.199851411589896,220.0,2
41.0,13.0,13.03,7.79,0.0,8.0,6.0,8.0,15.91,1.74,74.39,2,1.6514575411913814,1.2117288651942117,0.7407407407407408,1
31.0,9.0,9.43,5.44,2.0,8.0,6.0,2.0,13.01,0.43,41.91,1,1.7021660649819494,1.3651626442812173,0.7407407407407408,1
32.0,14.0,9.77,5.32,5.0,10.0,13.0,9.0,13.69,0.38,81.67,2,1.8025830258302582,1.3870314083080042,1.2871287128712872,1
22.0,0.0,11.05,5.51,6.0,18.0,14.0,1.0,12.06,1.97,80.74,2,1.96969696969697,1.0816143497757849,0.7734806629834253,1
41.0,15.0,6.65,6.78,0.0,5.0,21.0,4.0,11.08,1.08,24.27,0,0.9665697674418605,1.6414814814814815,4.11764705882353,0
31.0,10.0,6.22,8.38,4.0,6.0,19.0,8.0,11.17,0.38,31.74,0,0.7334905660377358,1.7674050632911393,3.114754098360656,0
21.0,19.0,10.74,8.15,2.0,14.0,8.0,2.0,12.23,0.33,41.95,1,1.3018181818181818,1.128228782287823,0.5673758865248227,1
43.0,5.0,5.04,4.29,1.0,19.0,27.0,0.0,8.64,1.72,31.07,0,1.1480637813211847,1.680933852140078,1.413612565445026,1
21.0,15.0,8.54,8.39,1.0,5.0,14.0,8.0,9.55,1.2,40.95,1,1.0058892815076559,1.1053240740740744,2.7450980392156863,1
42.0,1.0,8.93,4.48,1.0,8.0,8.0,4.0,10.13,0.23,55.12,1,1.9497816593886461,1.1218161683277963,0.9876543209876544,1
28.0,0.0,7.81,6.08,6.0,14.0,22.0,1.0,9.95,1.77,55.26,1,1.2637540453074434,1.2579013906447536,1.5602836879432624,1
20.0,8.0,5.85,7.83,5.0,5.0,6.0,5.0,10.24,0.89,25.16,0,0.7377049180327868,1.7210084033613449,1.1764705882352942,0
27.0,11.0,7.55,4.41,5.0,6.0,23.0,2.0,11.16,1.98,30.46,0,1.6740576496674058,1.4588235294117649,3.7704918032786887,1
42.0,16.0,7.38,4.2,3.0,16.0,10.0,8.0,10.16,0.56,64.45,1,1.716279069767442,1.358288770053476,0.6211180124223602,1
25.0,14.0,8.99,5.65,1.0,5.0,4.0,2.0,11.74,1.06,22.93,0,1.5634782608695652,1.2915291529152915,0.7843137254901962,1
25.0,18.0,10.75,7.65,4.0,8.0,26.0,1.0,13.61,0.35,37.92,1,1.3870967741935485,1.2543778801843317,3.2098765432098766,1
41.0,9.0,13.68,6.61,5.0,2.0,8.0,2.0,15.92,0.88,70.66,2,2.0387481371087928,1.1552975326560233,3.8095238095238093,2
44.0,11.0,5.44,6.09,6.0,13.0,5.0,5.0,9.95,0.35,42.27,1,0.8788368336025849,1.7960288808664258,0.3816793893129771,0
32.0,13.0,12.73,8.07,2.0,5.0,6.0,2.0,16.0,0.61,36.62,1,1.558139534883721,1.2470771628994544,1.1764705882352942,1
36.0,10.0,6.84,7.83,5.0,3.0,27.0,8.0,9.78,0.54,33.06,0,0.862547288776797,1.4092219020172911,8.709677419354838,0
31.0,12.0,9.91,7.93,2.0,15.0,22.0,8.0,12.77,0.57,83.3,2,1.2341220423412205,1.2757242757242757,1.456953642384106,1
25.0,2.0,9.47,6.3,6.0,15.0,24.0,8.0,14.21,1.94,83.17,2,1.4796875000000003,1.4848484848484849,1.589403973509934,1
27.0,13.0,9.57,4.1,5.0,8.0,22.0,1.0,13.46,0.08,57.49,1,2.278571428571429,1.391933815925543,2.7160493827160495,2
38.0,9.0,11.23,4.86,7.0,3.0,13.0,6.0,12.81,0.99,53.94,1,2.2641129032258065,1.1306266548984996,4.193548387096774,2
29.0,15.0,7.82,7.71,3.0,7.0,18.0,1.0,10.57,1.26,23.64,0,1.001280409731114,1.3345959595959596,2.535211267605634,1
20.0,6.0,7.19,6.46,3.0,7.0,21.0,0.0,9.34,1.32,25.28,0,1.0960365853658538,1.281207133058985,2.9577464788732395,1
44.0,3.0,12.53,8.86,3.0,5.0,21.0,4.0,17.48,1.51,59.98,1,1.3984375,1.3840063341250992,4.11764705882353,1
32.0,19.0,6.2,4.95,4.0,7.0,10.0,7.0,8.86,1.52,23.16,0,1.2277227722772277,1.4063492063492062,1.4084507042253522,1
36.0,10.0,5.8,4.61,5.0,5.0,27.0,2.0,7.07,1.91,17.61,0,1.2314225053078556,1.1983050847457628,5.294117647058824,1
22.0,15.0,4.16,4.69,2.0,13.0,6.0,6.0,6.8,1.51,41.77,1,0.8684759916492694,1.596244131455399,0.4580152671755725,0
27.0,19.0,6.11,4.92,6.0,13.0,5.0,5.0,8.4,1.65,66.41,1,1.217131474103586,1.3526570048309179,0.3816793893129771,1
33.0,3.0,9.19,6.64,5.0,17.0,3.0,0.0,12.59,1.06,43.21,1,1.3635014836795254,1.3552206673842844,0.17543859649122806,1
22.0,16.0,9.39,8.88,6.0,12.0,13.0,6.0,11.29,1.32,46.11,1,1.0456570155902005,1.1896733403582718,1.0743801652892562,1
35.0,12.0,6.54,6.95,0.0,14.0,21.0,2.0,12.02,0.96,27.69,0,0.9276595744680851,1.8102409638554218,1.4893617021276595,0
32.0,10.0,4.72,6.61,3.0,2.0,2.0,3.0,6.1,0.55,0.0,0,0.7034277198211624,1.265560165975104,0.9523809523809523,0
39.0,2.0,11.45,7.37,1.0,5.0,16.0,9.0,13.58,0.63,42.19,1,1.5327978580990629,1.1757575757575758,3.1372549019607847,1
43.0,8.0,11.58,4.37,6.0,19.0,14.0,1.0,13.97,0.72,100.0,2,2.5906040268456376,1.1960616438356164,0.7329842931937173,2
36.0,5.0,13.98,8.08,0.0,16.0,0.0,0.0,18.32,0.68,61.88,1,1.7090464547677262,1.3011363636363638,0.0,1
32.0,10.0,13.0,6.46,6.0,19.0,20.0,4.0,15.08,1.07,84.42,1,1.981707317073171,1.151145038167939,1.0471204188481675,1
25.0,15.0,13.26,4.86,0.0,15.0,10.0,5.0,14.39,0.5,75.72,2,2.6733870967741935,1.0770958083832336,0.6622516556291391,2
36.0,18.0,11.98,7.15,6.0,5.0,12.0,1.0,16.1,1.03,48.99,1,1.6524137931034484,1.3327814569536425,2.3529411764705883,1
33.0,4.0,10.16,6.98,3.0,7.0,29.0,9.0,14.64,1.83,53.44,1,1.4350282485875707,1.4269005847953218,4.084507042253521,1
36.0,13.0,5.29,4.32,1.0,12.0,23.0,5.0,8.26,0.81,52.19,1,1.1968325791855203,1.5324675324675325,1.9008264462809918,1
27.0,16.0,10.22,5.33,7.0,12.0,2.0,5.0,12.36,0.45,67.99,1,1.8821362799263355,1.197674418604651,0.1652892561983471,1
30.0,2.0,4.56,5.95,3.0,19.0,12.0,7.0,8.65,0.69,58.56,1,0.7537190082644628,1.8562231759656656,0.6282722513089005,0
39.0,3.0,12.85,5.22,6.0,16.0,17.0,7.0,13.89,1.75,97.2,2,2.415413533834587,1.0725868725868728,1.0559006211180124,2
20.0,15.0,8.82,5.22,3.0,2.0,23.0,5.0,13.52,1.88,42.37,1,1.6578947368421055,1.515695067264574,10.952380952380953,1
26.0,15.0,10.97,6.86,1.0,12.0,8.0,6.0,15.43,1.77,58.92,1,1.5761494252873565,1.3938572719060522,0.6611570247933884,1
40.0,3.0,4.52,6.35,0.0,6.0,14.0,3.0,7.7,0.57,19.29,0,0.7007751937984497,1.666666666666667,2.295081967213115,0
40.0,18.0,9.34,7.34,0.0,19.0,1.0,4.0,12.02,0.78,64.58,1,1.2553763440860215,1.2733050847457628,0.05235602094240837,1
36.0,16.0,7.01,8.78,6.0,4.0,27.0,5.0,8.14,1.95,31.94,0,0.7894144144144145,1.1448663853727146,6.585365853658537,0
29.0,12.0,6.85,7.3,5.0,10.0,7.0,5.0,11.85,0.65,50.88,1,0.9256756756756757,1.7050359712230216,0.6930693069306931,0
30.0,0.0,7.9,6.91,1.0,17.0,1.0,2.0,11.95,0.28,48.79,1,1.1269614835948645,1.49375,0.05847953216374269,1
41.0,11.0,4.01,8.24,0.0,3.0,22.0,8.0,6.36,0.56,29.05,0,0.48081534772182255,1.5474452554744529,7.096774193548387,0
28.0,3.0,8.67,7.16,4.0,19.0,23.0,3.0,9.75,1.93,53.12,1,1.194214876033058,1.1117445838084379,1.2041884816753925,1
28.0,10.0,8.87,4.83,3.0,6.0,0.0,7.0,12.43,0.83,73.4,2,1.7991886409736308,1.3857302118171684,0.0,1
43.0,4.0,12.63,5.57,6.0,3.0,23.0,3.0,17.58,1.87,67.57,1,2.227513227513228,1.380989787902592,7.419354838709677,2
24.0,1.0,8.49,7.67,4.0,9.0,2.0,5.0,12.32,0.21,56.73,1,1.0926640926640927,1.4342258440046567,0.21978021978021978,1
32.0,16.0,7.64,7.69,4.0,0.0,28.0,0.0,8.97,1.53,6.0,0,0.9807445442875481,1.1589147286821708,280.0,0
28.0,7.0,13.95,8.94,5.0,16.0,16.0,1.0,16.56,0.19,70.15,2,1.543141592920354,1.1786476868327402,0.9937888198757763,1
36.0,5.0,9.71,7.13,5.0,4.0,6.0,5.0,11.15,1.02,52.2,1,1.343015214384509,1.1365953109072375,1.4634146341463417,1
43.0,8.0,8.73,8.5,5.0,16.0,9.0,2.0,13.38,1.23,52.52,1,1.0151162790697674,1.5152887882219706,0.5590062111801242,1
40.0,12.0,8.96,4.27,4.0,2.0,18.0,6.0,11.28,0.87,51.52,1,2.050343249427918,1.2450331125827814,8.571428571428571,2
38.0,10.0,12.09,6.83,2.0,8.0,23.0,0.0,16.02,1.33,51.06,1,1.7445887445887447,1.3141919606234618,2.8395061728395063,1
26.0,15.0,7.41,8.6,7.0,2.0,8.0,2.0,8.75,1.95,25.11,0,0.8517241379310345,1.1651131824234355,3.8095238095238093,0
42.0,15.0,7.89,5.44,2.0,2.0,17.0,2.0,9.4,0.11,21.98,0,1.424187725631769,1.1764705882352942,8.095238095238095,1
28.0,1.0,11.56,4.77,4.0,8.0,14.0,0.0,15.28,0.38,53.38,1,2.373716632443532,1.3104631217838765,1.7283950617283952,2
26.0,9.0,4.73,5.75,3.0,4.0,16.0,3.0,9.1,1.28,3.74,0,0.8085470085470087,1.8840579710144927,3.9024390243902443,0
32.0,11.0,12.65,7.96,6.0,9.0,23.0,7.0,14.46,1.79,76.38,2,1.5694789081885856,1.1341176470588237,2.5274725274725274,1
30.0,7.0,8.3,4.42,4.0,14.0,25.0,6.0,10.97,1.6,84.69,2,1.8362831858407083,1.305952380952381,1.773049645390071,1
33.0,10.0,9.81,7.0,6.0,11.0,21.0,6.0,13.29,0.93,54.43,1,1.3816901408450706,1.3410696266397577,1.8918918918918919,1
38.0,9.0,11.57,4.68,4.0,5.0,25.0,4.0,15.76,1.49,53.3,1,2.4205020920502096,1.350471293916024,4.901960784313726,2
30.0,12.0,6.66,6.18,5.0,6.0,16.0,3.0,10.17,0.42,23.01,0,1.0605095541401275,1.5044378698224852,2.6229508196721314,1
32.0,16.0,12.9,8.83,6.0,6.0,18.0,9.0,14.28,0.03,73.97,2,1.444568868980963,1.0984615384615384,2.9508196721311477,1
32.0,6.0,13.79,4.98,5.0,3.0,8.0,5.0,16.96,1.14,52.92,1,2.714566929133858,1.221022318214543,2.5806451612903225,2
32.0,2.0,8.94,4.17,5.0,12.0,24.0,1.0,13.48,1.63,67.77,1,2.0936768149882905,1.4911504424778763,1.9834710743801653,2
20.0,19.0,13.37,6.14,7.0,14.0,5.0,0.0,17.84,0.87,86.67,2,2.1426282051282053,1.3244246473645138,0.3546099290780142,2
27.0,12.0,4.01,6.89,7.0,17.0,18.0,6.0,12.02,1.14,54.63,1,0.5736766809728183,2.9245742092457423,1.0526315789473684,0
31.0,18.0,12.94,5.49,2.0,17.0,7.0,3.0,17.92,0.84,94.53,2,2.3148479427549193,1.374233128834356,0.4093567251461988,2
38.0,6.0,7.11,6.71,4.0,6.0,5.0,6.0,8.53,1.03,50.02,1,1.0440528634361235,1.1830790568654646,0.819672131147541,1
31.0,8.0,8.99,8.77,3.0,9.0,16.0,5.0,10.02,1.77,29.97,0,1.0135287485907554,1.1023102310231023,1.7582417582417582,1
27.0,18.0,6.28,5.56,3.0,15.0,5.0,8.0,10.38,0.96,50.87,1,1.109540636042403,1.626959247648903,0.33112582781456956,1
27.0,12.0,7.17,5.55,5.0,7.0,12.0,9.0,8.73,0.01,57.02,1,1.2690265486725665,1.2008253094910593,1.6901408450704227,1
40.0,7.0,6.13,6.41,5.0,18.0,20.0,5.0,11.02,1.6,57.13,1,0.9416282642089094,1.7688603531300162,1.1049723756906076,0
32.0,17.0,13.06,6.58,4.0,10.0,23.0,2.0,15.48,1.24,59.01,1,1.9550898203592817,1.1762917933130699,2.2772277227722775,1
31.0,1.0,12.99,4.01,7.0,5.0,28.0,6.0,15.39,1.46,100.0,2,3.16058394160584,1.1757066462948818,5.490196078431373,3
35.0,17.0,5.02,7.08,3.0,9.0,14.0,8.0,6.87,1.8,37.35,1,0.6991643454038997,1.3417968750000002,1.5384615384615385,0
20.0,17.0,5.43,8.99,4.0,18.0,11.0,9.0,7.58,0.57,60.37,1,0.5973597359735974,1.370705244122966,0.6077348066298343,0
32.0,10.0,12.62,5.46,7.0,13.0,6.0,5.0,12.02,1.01,100.0,2,2.2697841726618706,0.9449685534591196,0.4580152671755725,2
26.0,0.0,7.99,7.15,6.0,19.0,5.0,6.0,10.71,1.2,76.12,2,1.1020689655172413,1.323856613102596,0.2617801047120419,1
24.0,13.0,5.69,6.46,2.0,5.0,16.0,7.0,7.46,0.69,41.27,1,0.867378048780488,1.2884283246977548,3.1372549019607847,0
27.0,15.0,9.11,7.02,4.0,3.0,27.0,3.0,13.35,1.69,47.16,1,1.279494382022472,1.449511400651466,8.709677419354838,1
44.0,10.0,8.17,6.24,4.0,19.0,7.0,4.0,9.42,1.4,73.23,2,1.2886435331230284,1.139056831922612,0.36649214659685864,1
33.0,0.0,6.19,6.65,0.0,14.0,5.0,3.0,10.53,1.47,29.06,0,0.9170370370370371,1.6740858505564387,0.3546099290780142,0
42.0,6.0,11.21,6.72,2.0,4.0,28.0,5.0,13.31,1.62,34.85,0,1.643695014662757,1.1768346595932804,6.829268292682928,1
32.0,15.0,8.99,4.88,3.0,15.0,18.0,5.0,13.29,0.52,75.13,2,1.8052208835341368,1.4620462046204619,1.1920529801324504,1
34.0,13.0,5.0,7.85,3.0,6.0,20.0,6.0,7.52,1.49,13.95,0,0.628930817610063,1.4745098039215687,3.278688524590164,0
42.0,14.0,13.25,6.46,5.0,1.0,22.0,1.0,16.53,1.02,54.28,1,2.019817073170732,1.2382022471910115,20.0,2
36.0,13.0,9.58,5.35,5.0,12.0,8.0,5.0,13.76,1.68,62.09,1,1.7577981651376149,1.421487603305785,0.6611570247933884,1
34.0,10.0,6.5,8.69,2.0,1.0,19.0,1.0,11.46,0.98,0.0,0,0.739476678043231,1.7363636363636366,17.27272727272727,0
39.0,10.0,6.06,4.06,5.0,8.0,27.0,9.0,8.28,1.01,63.82,1,1.4567307692307694,1.344155844155844,3.3333333333333335,1
37.0,18.0,5.36,7.63,0.0,19.0,29.0,4.0,8.58,0.2,55.77,1,0.6934023285899096,1.5714285714285714,1.5183246073298429,0
37.0,16.0,8.25,5.91,2.0,4.0,15.0,0.0,11.11,1.7,0.11,0,1.372712146422629,1.3305389221556887,3.658536585365854,1
21.0,5.0,5.36,6.61,7.0,2.0,17.0,2.0,10.36,1.07,11.77,0,0.7988077496274218,1.8974358974358974,8.095238095238095,0
23.0,10.0,8.16,5.46,7.0,1.0,18.0,3.0,12.4,1.19,15.67,0,1.4676258992805757,1.5012106537530268,16.363636363636363,1
20.0,16.0,5.49,5.61,7.0,13.0,6.0,3.0,8.08,0.24,18.96,0,0.9614711033274956,1.4454382826475851,0.4580152671755725,0
23.0,8.0,10.57,4.08,5.0,7.0,7.0,1.0,13.48,1.2,58.01,1,2.5287081339712922,1.2633552014995315,0.9859154929577465,2
37.0,17.0,11.85,7.65,6.0,19.0,20.0,7.0,13.83,0.08,86.07,2,1.5290322580645161,1.1573221757322176,1.0471204188481675,1
24.0,16.0,9.5,7.55,1.0,11.0,18.0,5.0,13.52,1.85,54.71,1,1.2418300653594772,1.4083333333333334,1.6216216216216217,1
38.0,11.0,10.8,7.27,0.0,16.0,0.0,8.0,15.18,1.73,60.26,1,1.4654002713704208,1.3926605504587155,0.0,1
34.0,4.0,13.38,8.39,2.0,15.0,25.0,5.0,18.24,0.39,86.26,2,1.5759717314487633,1.3531157270029672,1.6556291390728477,1
27.0,10.0,10.38,8.51,1.0,5.0,12.0,2.0,13.64,1.19,32.8,0,1.2055749128919862,1.3015267175572518,2.3529411764705883,1
39.0,3.0,7.64,6.78,7.0,5.0,0.0,1.0,11.32,1.02,22.68,0,1.1104651162790697,1.4625322997416021,0.0,1
36.0,3.0,8.49,7.42,7.0,17.0,10.0,8.0,11.27,1.61,71.68,2,1.1289893617021278,1.3119906868451687,0.5847953216374269,1
20.0,2.0,12.61,4.05,4.0,1.0,1.0,2.0,16.05,1.51,57.04,1,3.03855421686747,1.2627852084972464,0.9090909090909091,3
31.0,16.0,5.31,8.23,0.0,7.0,20.0,5.0,7.7,1.99,17.98,0,0.637454981992797,1.4232902033271722,2.8169014084507045,0
38.0,6.0,7.26,8.08,4.0,13.0,2.0,9.0,11.21,0.7,75.11,2,0.8875305623471883,1.5230978260869568,0.15267175572519084,0
34.0,3.0,9.77,4.1,7.0,1.0,12.0,1.0,10.86,0.25,52.34,1,2.3261904761904764,1.1003039513677813,10.909090909090908,2
28.0,12.0,10.76,6.71,1.0,16.0,6.0,6.0,11.87,1.15,72.75,2,1.5800293685756241,1.0930018416206262,0.37267080745341613,1
26.0,11.0,11.63,8.53,3.0,9.0,1.0,0.0,15.49,1.02,52.61,1,1.3476245654692933,1.3205456095481671,0.10989010989010989,1
21.0,0.0,7.18,4.91,7.0,17.0,1.0,8.0,11.9,0.57,82.86,2,1.43313373253493,1.6346153846153848,0.05847953216374269,1
28.0,18.0,5.46,5.76,3.0,5.0,2.0,0.0,8.99,0.47,53.795,0,0.9317406143344711,1.616906474820144,0.3921568627450981,0
29.0,19.0,13.55,5.66,5.0,16.0,12.0,8.0,17.46,1.6,93.78,2,2.352430555555556,1.2791208791208792,0.7453416149068323,2
21.0,17.0,4.76,5.78,3.0,17.0,11.0,0.0,9.06,1.51,36.99,1,0.8095238095238095,1.8641975308641978,0.6432748538011696,0
38.0,10.0,4.96,4.21,4.0,13.0,0.0,0.0,7.41,0.41,31.49,0,1.1508120649651974,1.464426877470356,0.0,1
30.0,19.0,8.95,6.46,0.0,9.0,17.0,7.0,10.38,1.74,55.17,1,1.3643292682926829,1.146961325966851,1.8681318681318682,1
32.0,2.0,12.19,5.47,4.0,3.0,4.0,0.0,16.92,0.27,51.37,1,2.188509874326751,1.3767290480065095,1.2903225806451613,2
29.0,16.0,11.75,8.33,4.0,17.0,14.0,7.0,16.5,0.22,93.75,2,1.3938315539739028,1.3924050632911393,0.8187134502923976,1
33.0,11.0,13.38,5.76,7.0,10.0,26.0,2.0,16.15,0.7,82.73,2,2.283276450511946,1.1980712166172105,2.5742574257425743,2
37.0,9.0,5.42,6.24,7.0,15.0,9.0,3.0,7.29,1.77,38.53,1,0.8548895899053628,1.3206521739130437,0.5960264900662252,0
38.0,7.0,7.76,5.9,3.0,3.0,5.0,1.0,12.33,1.39,12.16,0,1.2933333333333332,1.568702290076336,1.6129032258064515,1
41.0,14.0,6.82,4.6,4.0,18.0,17.0,5.0,10.65,0.79,81.13,2,1.4510638297872342,1.5390173410404624,0.9392265193370165,1
28.0,4.0,12.61,8.95,1.0,5.0,14.0,6.0,13.64,0.31,51.49,1,1.3933701657458564,1.0731707317073171,2.7450980392156863,1
44.0,3.0,8.88,8.13,2.0,7.0,13.0,9.0,10.31,1.43,63.7,1,1.0789793438639126,1.1481069042316259,1.8309859154929577,1
26.0,19.0,4.27,6.7,2.0,17.0,23.0,2.0,9.2,1.2,6.33,0,0.6279411764705882,2.105263157894737,1.3450292397660817,0
22.0,18.0,11.08,6.38,2.0,18.0,15.0,8.0,12.23,1.98,85.79,2,1.7098765432098766,1.09391771019678,0.8287292817679557,1
39.0,3.0,7.89,7.25,5.0,17.0,3.0,2.0,10.02,1.53,61.36,1,1.073469387755102,1.2540675844806008,0.17543859649122806,1
25.0,14.0,9.31,5.63,7.0,15.0,18.0,6.0,12.5,0.2,85.9,2,1.6247818499127402,1.3283740701381508,1.1920529801324504,1
40.0,16.0,12.94,4.25,6.0,6.0,20.0,3.0,14.68,1.46,75.52,2,2.9747126436781612,1.1257668711656443,3.278688524590164,2
21.0,11.0,6.57,6.02,6.0,16.0,29.0,4.0,8.5,0.51,67.94,1,1.073529411764706,1.2743628185907048,1.8012422360248446,1
25.0,2.0,6.4,8.92,3.0,2.0,7.0,8.0,8.81,1.92,28.99,0,0.7095343680709535,1.3553846153846154,3.333333333333333,0
22.0,9.0,6.63,4.91,6.0,14.0,24.0,2.0,8.71,0.04,65.34,1,1.3233532934131738,1.2942050520059438,1.702127659574468,1
35.0,14.0,7.38,6.64,3.0,3.0,0.0,2.0,12.02,0.48,38.23,1,1.0949554896142435,1.606951871657754,0.0,1
27.0,9.0,5.07,4.04,2.0,15.0,19.0,8.0,8.07,1.0,57.46,1,1.2246376811594204,1.5609284332688589,1.2582781456953642,1
21.0,17.0,10.97,4.61,7.0,13.0,21.0,8.0,13.08,0.16,100.0,2,2.329087048832272,1.1815718157181572,1.6030534351145038,2
36.0,0.0,6.07,6.94,0.0,16.0,21.0,3.0,8.32,0.69,29.8,0,0.8622159090909092,1.348460291734198,1.3043478260869563,0
28.0,2.0,13.26,5.49,5.0,8.0,12.0,0.0,14.42,0.99,74.97,2,2.372093023255814,1.0793413173652695,1.4814814814814816,2
31.0,11.0,6.16,8.53,2.0,6.0,8.0,5.0,7.36,0.89,12.17,0,0.7137891077636154,1.1757188498402558,1.3114754098360657,0
22.0,0.0,6.56,6.03,7.0,13.0,0.0,8.0,10.43,0.92,90.49,2,1.0701468189233279,1.5660660660660661,0.0,1
30.0,2.0,6.97,5.04,4.0,11.0,14.0,5.0,8.42,1.76,53.88,1,1.3560311284046693,1.190947666195191,1.2612612612612613,1
20.0,2.0,11.69,6.46,7.0,16.0,28.0,4.0,14.59,1.01,91.35,2,1.7820121951219512,1.2374893977947414,1.7391304347826086,1
42.0,4.0,8.28,7.97,6.0,8.0,14.0,9.0,12.65,1.88,38.59,1,1.0260223048327137,1.5095465393794751,1.7283950617283952,1
32.0,10.0,12.19,4.1,2.0,11.0,13.0,2.0,14.66,0.3,83.59,2,2.9023809523809527,1.192839707078926,1.1711711711711712,2
32.0,0.0,11.85,6.53,6.0,11.0,4.0,2.0,14.23,0.56,73.15,2,1.7873303167420813,1.190794979079498,0.3603603603603604,1
24.0,3.0,13.29,7.87,2.0,7.0,25.0,1.0,17.78,1.31,56.78,1,1.6675031367628608,1.3278566094100077,3.5211267605633805,1
40.0,3.0,11.57,4.52,6.0,9.0,16.0,6.0,16.03,0.57,75.39,2,2.504329004329005,1.3736075407026564,1.7582417582417582,2
36.0,16.0,4.52,8.51,0.0,9.0,5.0,8.0,9.04,0.69,26.12,0,0.5249709639953543,1.9567099567099568,0.5494505494505495,0
44.0,13.0,12.37,5.32,3.0,4.0,8.0,5.0,15.66,1.8,62.38,1,2.282287822878229,1.2558139534883723,1.9512195121951221,2
42.0,17.0,13.38,4.85,7.0,19.0,19.0,9.0,18.19,1.08,100.0,2,2.7030303030303036,1.349406528189911,0.9947643979057591,2
43.0,0.0,13.94,6.95,6.0,0.0,25.0,0.0,18.22,0.67,53.28,1,1.977304964539007,1.2977207977207976,250.0,1
44.0,15.0,5.25,4.88,3.0,8.0,25.0,5.0,7.91,1.55,37.63,1,1.0542168674698795,1.4785046728971964,3.0864197530864197,1
25.0,2.0,10.13,7.4,4.0,14.0,24.0,7.0,13.65,0.14,72.39,2,1.3506666666666667,1.3343108504398826,1.702127659574468,1
40.0,8.0,5.99,6.45,2.0,1.0,18.0,7.0,7.48,1.13,23.11,0,0.9145038167938931,1.2282430213464697,16.363636363636363,0
41.0,3.0,6.63,4.55,1.0,3.0,26.0,9.0,9.84,0.2,41.48,1,1.4258064516129034,1.462109955423477,8.387096774193548,1
30.0,4.0,11.46,6.46,4.0,3.0,22.0,2.0,13.51,0.35,68.88,1,1.7469512195121955,1.1686851211072664,7.096774193548387,1
37.0,10.0,13.78,7.37,6.0,2.0,20.0,0.0,15.91,0.12,58.22,1,1.8447121820615797,1.1462536023054757,9.523809523809524,1
23.0,8.0,9.95,6.73,3.0,15.0,25.0,4.0,11.45,1.8,79.39,2,1.4568081991215225,1.1393034825870647,1.6556291390728477,1
22.0,2.0,12.51,5.87,0.0,7.0,16.0,5.0,14.94,0.1,57.17,1,2.0954773869346734,1.1847739888977002,2.2535211267605635,2
32.0,5.0,8.99,4.67,6.0,6.0,6.0,9.0,7.02,1.03,46.74,1,1.8846960167714888,0.7722772277227723,0.9836065573770493,1
42.0,10.0,4.37,7.54,3.0,11.0,7.0,8.0,7.77,1.02,36.98,1,0.5719895287958116,1.738255033557047,0.6306306306306306,0
28.0,8.0,9.97,8.07,3.0,11.0,14.0,1.0,12.19,0.77,48.68,1,1.2203182374541004,1.2105263157894737,1.2612612612612613,1
40.0,14.0,7.89,4.63,6.0,3.0,5.0,0.0,12.06,0.99,36.02,1,1.668076109936575,1.5093867334167712,1.6129032258064515,1
25.0,2.0,12.9,6.47,0.0,14.0,0.0,6.0,15.98,0.9,68.75,1,1.9634703196347034,1.2292307692307693,0.0,1
31.0,0.0,7.02,6.42,2.0,5.0,8.0,1.0,10.57,1.5,23.68,0,1.0766871165644172,1.484550561797753,1.5686274509803924,1
21.0,19.0,8.32,5.75,2.0,2.0,6.0,1.0,10.43,1.82,23.18,0,1.4222222222222223,1.2387173396674585,2.857142857142857,1
22.0,18.0,8.99,7.95,6.0,6.0,29.0,2.0,13.54,0.6,44.55,1,1.1167701863354036,1.4895489548954894,4.754098360655738,1
22.0,13.0,6.73,4.5,6.0,5.0,21.0,3.0,10.23,0.05,57.92,1,1.4630434782608697,1.4978038067349928,4.11764705882353,1
31.0,16.0,13.08,5.03,6.0,0.0,19.0,6.0,17.53,1.79,75.81,2,2.5497076023391814,1.3300455235204858,190.0,2
34.0,13.0,8.65,4.01,3.0,7.0,18.0,5.0,10.29,1.96,53.66,1,2.104622871046229,1.176,2.535211267605634,2
28.0,16.0,8.24,5.86,6.0,0.0,3.0,5.0,10.76,0.87,43.8,1,1.3825503355704698,1.290167865707434,30.0,1
42.0,13.0,12.5,5.46,4.0,15.0,0.0,6.0,13.95,0.91,100.0,2,2.248201438848921,1.1071428571428572,0.0,2
27.0,11.0,7.12,8.33,1.0,2.0,8.0,2.0,8.98,0.29,10.93,0,0.8446026097271649,1.2437673130193907,3.8095238095238093,0
30.0,15.0,12.17,7.73,6.0,1.0,1.0,2.0,14.75,0.95,47.1,1,1.5542784163473817,1.202118989405053,0.9090909090909091,1
35.0,0.0,5.22,4.42,4.0,5.0,15.0,1.0,9.8,0.61,32.18,0,1.1548672566371683,1.8421052631578951,2.9411764705882355,1
44.0,12.0,5.83,7.7,5.0,7.0,1.0,4.0,9.06,1.99,19.46,0,0.7474358974358974,1.5278246205733559,0.14084507042253522,0
41.0,5.0,13.51,7.38,4.0,6.0,2.0,6.0,15.83,0.37,74.8,2,1.8061497326203209,1.163115356355621,0.3278688524590164,1
23.0,16.0,12.42,5.41,3.0,6.0,13.0,2.0,16.41,0.76,47.85,1,2.2540834845735027,1.310702875399361,2.1311475409836067,2
20.0,11.0,7.88,4.08,3.0,18.0,12.0,6.0,8.96,1.23,89.27,2,1.8851674641148326,1.1228070175438598,0.6629834254143646,1
43.0,18.0,10.38,4.58,1.0,17.0,16.0,7.0,12.86,0.69,99.76,2,2.217948717948718,1.2270992366412212,0.935672514619883,2
26.0,5.0,13.43,5.25,1.0,2.0,9.0,2.0,16.83,0.95,41.27,1,2.5102803738317756,1.2439024390243902,4.285714285714286,2
21.0,6.0,6.12,8.08,1.0,10.0,2.0,0.0,9.45,1.95,22.11,0,0.7481662591687042,1.5192926045016077,0.19801980198019803,0
43.0,0.0,4.59,6.33,3.0,10.0,3.0,2.0,8.02,1.02,34.21,0,0.713841368584759,1.7100213219616205,0.297029702970297,0
24.0,0.0,9.37,8.59,3.0,2.0,24.0,5.0,11.22,1.82,31.59,0,1.0782508630609897,1.1847940865892292,11.428571428571429,1
26.0,4.0,5.43,7.95,4.0,0.0,4.0,0.0,7.78,0.09,6.12,0,0.6745341614906831,1.4068716094032552,40.0,0
23.0,5.0,5.87,5.44,3.0,9.0,10.0,8.0,10.6,0.24,60.12,1,1.05956678700361,1.7755443886097153,1.098901098901099,1
24.0,15.0,12.92,8.23,5.0,1.0,5.0,2.0,17.82,1.89,27.09,0,1.5510204081632653,1.368663594470046,4.545454545454545,1
43.0,15.0,4.07,4.58,2.0,16.0,28.0,2.0,6.32,0.26,65.77,1,0.8696581196581198,1.5155875299760193,1.7391304347826086,0
20.0,13.0,12.17,4.18,2.0,8.0,0.0,6.0,15.75,1.47,53.09,1,2.843457943925234,1.2836185819070904,0.0,2
20.0,0.0,9.17,7.04,1.0,17.0,18.0,6.0,11.14,0.89,52.62,1,1.2843137254901962,1.2017259978425028,1.0526315789473684,1
32.0,12.0,9.59,5.71,3.0,19.0,29.0,5.0,12.06,0.81,90.67,2,1.6506024096385543,1.2445820433436534,1.5183246073298429,1
39.0,19.0,10.72,5.65,5.0,8.0,6.0,6.0,14.89,1.32,77.58,2,1.8643478260869566,1.3761552680221811,0.7407407407407408,1
38.0,9.0,8.31,7.44,7.0,10.0,22.0,4.0,11.31,1.46,67.53,1,1.1021220159151195,1.3448275862068966,2.1782178217821784,1
29.0,9.0,5.16,8.25,2.0,16.0,9.0,7.0,9.56,1.86,41.54,1,0.6179640718562874,1.8174904942965782,0.5590062111801242,0
37.0,8.0,5.03,5.61,4.0,13.0,28.0,9.0,8.54,0.51,51.93,1,0.8809106830122593,1.664717348927875,2.1374045801526718,0
22.0,12.0,11.54,5.63,7.0,17.0,11.0,1.0,15.06,1.4,79.83,2,2.013961605584642,1.2938144329896908,0.6432748538011696,2
30.0,2.0,6.21,6.67,0.0,17.0,11.0,4.0,7.35,0.68,55.49,1,0.9172821270310193,1.1648177496038035,0.6432748538011696,0
34.0,17.0,4.28,7.27,6.0,11.0,28.0,8.0,8.28,1.44,36.17,1,0.5807327001356853,1.8904109589041096,2.5225225225225225,0
30.0,19.0,13.8,5.01,4.0,17.0,0.0,3.0,18.71,0.28,53.795,2,2.7005870841487285,1.346043165467626,0.0,2
36.0,1.0,13.8,8.56,0.0,7.0,8.0,7.0,16.69,0.92,65.48,1,1.5935334872979214,1.2007194244604318,1.1267605633802817,1
36.0,16.0,7.78,7.27,5.0,7.0,16.0,2.0,9.41,0.37,53.795,0,1.0556309362279512,1.1941624365482233,2.2535211267605635,1
25.0,18.0,4.26,7.13,4.0,7.0,22.0,5.0,9.17,0.67,24.69,0,0.5892116182572614,2.1032110091743124,3.098591549295775,0
24.0,12.0,11.27,8.52,2.0,9.0,11.0,7.0,13.43,1.43,71.94,2,1.3074245939675175,1.1811785400175903,1.208791208791209,1
27.0,12.0,12.31,8.54,3.0,14.0,27.0,8.0,14.95,0.47,88.87,2,1.4247685185185188,1.2046736502820306,1.9148936170212767,1
21.0,0.0,5.25,4.68,0.0,7.0,1.0,6.0,6.56,1.37,28.18,0,1.098326359832636,1.2261682242990655,0.14084507042253522,1
35.0,1.0,5.35,4.73,3.0,13.0,8.0,5.0,6.79,1.02,44.7,1,1.1076604554865424,1.2458715596330276,0.6106870229007634,1
39.0,0.0,12.22,7.81,5.0,12.0,11.0,5.0,14.09,0.18,85.01,2,1.5448798988622,1.1436688311688312,0.9090909090909092,1
43.0,4.0,13.22,8.78,6.0,7.0,14.0,5.0,16.41,0.77,57.03,1,1.488738738738739,1.231981981981982,1.971830985915493,1
31.0,2.0,11.91,7.33,6.0,16.0,24.0,9.0,15.14,1.74,83.47,2,1.6029609690444147,1.2606161532056621,1.4906832298136645,1
25.0,6.0,6.01,6.06,3.0,18.0,24.0,8.0,9.43,1.98,65.3,1,0.9756493506493508,1.5433715220949265,1.3259668508287292,0
20.0,12.0,8.12,6.46,2.0,5.0,3.0,2.0,12.02,0.74,18.47,0,1.2378048780487805,1.4622871046228711,0.5882352941176471,1
23.0,17.0,10.01,5.14,5.0,16.0,21.0,3.0,12.99,0.11,92.95,2,1.9103053435114505,1.28486646884273,1.3043478260869563,1
36.0,6.0,5.6,8.99,7.0,3.0,28.0,2.0,9.81,0.26,6.21,0,0.616061606160616,1.7210526315789476,9.032258064516128,0
32.0,0.0,6.11,6.16,6.0,6.0,11.0,8.0,10.85,1.58,44.82,1,0.976038338658147,1.747181964573269,1.8032786885245902,0
37.0,4.0,6.83,8.66,1.0,16.0,17.0,4.0,8.91,1.31,30.28,0,0.7796803652968037,1.2857142857142858,1.0559006211180124,0
24.0,16.0,9.1,6.15,1.0,9.0,2.0,9.0,10.62,0.57,95.68,2,1.456,1.1543478260869566,0.21978021978021978,1
43.0,7.0,9.11,8.64,0.0,5.0,21.0,7.0,11.81,0.78,27.53,0,1.0423340961098397,1.2823018458197613,4.11764705882353,1
43.0,14.0,12.14,5.68,2.0,9.0,0.0,7.0,13.25,1.62,92.06,2,2.100346020761246,1.082516339869281,0.0,2
22.0,19.0,11.53,7.8,3.0,17.0,22.0,8.0,16.06,0.83,87.13,2,1.459493670886076,1.3809114359415304,1.286549707602339,1
30.0,3.0,13.14,8.76,4.0,6.0,17.0,9.0,15.1,1.51,68.26,1,1.4830699774266367,1.1404833836858006,2.7868852459016393,1
32.0,1.0,12.33,7.23,7.0,13.0,23.0,6.0,15.53,1.02,66.92,1,1.6821282401091404,1.249396621078037,1.7557251908396947,1
23.0,4.0,6.54,7.39,4.0,13.0,20.0,2.0,8.0,1.45,52.55,1,0.8731642189586115,1.2048192771084338,1.5267175572519085,0
33.0,0.0,7.31,4.51,5.0,9.0,22.0,4.0,10.52,0.93,58.94,1,1.5856832971800434,1.4197031039136303,2.417582417582418,1
41.0,4.0,9.0,6.37,0.0,8.0,7.0,2.0,10.16,1.02,23.88,0,1.3910355486862442,1.1164835164835165,0.8641975308641976,1
30.0,5.0,4.14,8.43,0.0,9.0,18.0,1.0,8.22,1.2,0.0,0,0.48534583821805394,1.9386792452830193,1.978021978021978,0
29.0,1.0,13.04,5.2,0.0,1.0,21.0,2.0,17.86,1.02,31.36,0,2.460377358490566,1.3592085235920852,19.09090909090909,2
38.0,0.0,4.44,7.94,2.0,2.0,27.0,9.0,6.67,0.93,13.01,0,0.5522388059701493,1.4691629955947136,12.857142857142856,0
37.0,3.0,7.22,7.38,4.0,15.0,24.0,8.0,9.25,0.53,64.79,1,0.9652406417112299,1.2636612021857925,1.589403973509934,0
25.0,6.0,9.69,5.11,5.0,9.0,3.0,8.0,12.48,1.97,86.53,2,1.8598848368522072,1.2747701736465782,0.32967032967032966,1
34.0,0.0,9.18,5.41,7.0,10.0,25.0,7.0,12.66,1.81,95.13,2,1.6660617059891107,1.3642241379310347,2.4752475247524752,1
40.0,0.0,10.54,6.14,2.0,9.0,22.0,6.0,12.3,1.05,68.22,1,1.689102564102564,1.156015037593985,2.417582417582418,1
29.0,7.0,9.28,4.63,5.0,11.0,15.0,0.0,13.49,0.07,43.96,1,1.9619450317124736,1.4381663113006398,1.3513513513513513,1
24.0,19.0,6.29,8.57,2.0,13.0,16.0,8.0,8.08,0.34,72.76,2,0.7254901960784313,1.2644757433489828,1.2213740458015268,0
24.0,15.0,6.01,7.7,7.0,8.0,27.0,9.0,7.03,1.71,29.98,0,0.7705128205128206,1.1505728314238954,3.3333333333333335,0
29.0,12.0,13.07,5.82,7.0,12.0,22.0,1.0,16.17,1.86,82.36,2,2.20777027027027,1.2277904328018225,1.8181818181818183,2
24.0,17.0,6.64,5.5,3.0,5.0,8.0,5.0,8.1,0.32,41.26,1,1.1857142857142857,1.2017804154302671,1.5686274509803924,1
22.0,19.0,6.81,7.45,2.0,10.0,25.0,9.0,10.6,1.47,60.23,1,0.9019867549668874,1.5340086830680175,2.4752475247524752,0
42.0,9.0,8.13,6.12,2.0,0.0,7.0,5.0,9.8,1.25,18.37,0,1.307073954983923,1.1907654921020656,70.0,1
25.0,11.0,5.39,5.15,7.0,14.0,19.0,5.0,9.66,0.61,70.65,2,1.0266666666666666,1.7595628415300548,1.3475177304964538,1
23.0,0.0,9.07,6.15,3.0,6.0,18.0,7.0,11.95,0.87,69.91,1,1.4512,1.303162486368593,2.9508196721311477,1
37.0,9.0,10.65,8.36,1.0,10.0,6.0,7.0,13.92,1.35,60.16,1,1.2588652482269505,1.2948837209302326,0.594059405940594,1
28.0,8.0,11.86,4.34,3.0,16.0,28.0,9.0,13.61,0.2,100.0,2,2.671171171171171,1.1379598662207357,1.7391304347826086,2
36.0,2.0,11.11,6.46,0.0,4.0,11.0,1.0,12.7,0.38,51.49,1,1.6935975609756098,1.1329170383586085,2.682926829268293,1
32.0,10.0,5.48,8.81,6.0,8.0,0.0,6.0,9.01,0.07,51.23,1,0.6150392817059485,1.614695340501792,0.0,0
34.0,8.0,8.56,4.07,1.0,15.0,23.0,1.0,10.58,1.8,47.86,1,2.052757793764988,1.2217090069284064,1.5231788079470199,2
39.0,9.0,4.39,8.45,6.0,10.0,29.0,0.0,6.93,1.15,8.05,0,0.5134502923976608,1.5434298440979957,2.871287128712871,0
36.0,18.0,4.18,5.87,7.0,16.0,27.0,7.0,7.1,1.05,52.72,1,0.7001675041876047,1.6588785046728973,1.6770186335403725,0
32.0,15.0,8.4,4.95,4.0,5.0,16.0,8.0,10.32,1.41,34.68,0,1.6633663366336635,1.2141176470588235,3.1372549019607847,1
35.0,17.0,6.53,4.07,4.0,14.0,22.0,6.0,10.71,1.98,75.8,2,1.565947242206235,1.6153846153846156,1.5602836879432624,1
41.0,13.0,10.83,4.35,6.0,2.0,5.0,3.0,15.59,0.34,59.99,1,2.4337078651685395,1.4263494967978043,2.380952380952381,2
23.0,2.0,11.24,4.86,5.0,8.0,25.0,6.0,13.97,0.27,76.57,2,2.2661290322580645,1.2319223985890653,3.0864197530864197,2
24.0,1.0,12.95,4.13,2.0,11.0,23.0,3.0,17.62,0.59,75.84,2,3.0614657210401894,1.3501915708812262,2.0720720720720722,3
24.0,0.0,11.61,5.68,1.0,18.0,21.0,6.0,12.02,1.81,86.66,2,2.008650519031142,1.026473099914603,1.160220994475138,2
28.0,17.0,4.48,4.22,4.0,17.0,4.0,3.0,6.14,0.82,45.79,1,1.0370370370370372,1.3406113537117903,0.23391812865497075,1
36.0,8.0,7.72,7.46,3.0,15.0,24.0,8.0,9.41,1.59,69.79,1,1.0211640211640212,1.2033248081841432,1.589403973509934,1
32.0,12.0,6.73,8.09,3.0,7.0,19.0,4.0,9.64,0.41,27.46,0,0.8217338217338218,1.4114202049780382,2.676056338028169,0
21.0,1.0,7.86,8.44,0.0,18.0,6.0,6.0,10.96,0.99,43.11,1,0.9203747072599533,1.376884422110553,0.3314917127071823,0
32.0,6.0,5.6,6.75,6.0,4.0,21.0,7.0,7.96,0.25,46.8,1,0.8175182481751825,1.3964912280701756,5.121951219512195,0
41.0,15.0,4.98,8.73,0.0,11.0,25.0,4.0,7.23,0.83,11.14,0,0.563986409966025,1.423228346456693,2.2522522522522523,0
40.0,18.0,9.21,4.03,7.0,5.0,21.0,0.0,11.94,0.52,50.62,1,2.230024213075061,1.2824919441460794,4.11764705882353,2
42.0,14.0,11.2,4.67,1.0,11.0,26.0,3.0,14.96,1.1,74.17,2,2.348008385744235,1.3238938053097347,2.3423423423423424,2
38.0,10.0,11.02,5.47,4.0,14.0,11.0,2.0,12.36,1.56,73.91,2,1.9784560143626573,1.1115107913669064,0.7801418439716312,1
22.0,0.0,8.51,7.95,6.0,9.0,4.0,6.0,12.35,1.88,50.43,1,1.057142857142857,1.4343786295005807,0.43956043956043955,1
29.0,6.0,9.22,8.43,5.0,16.0,1.0,5.0,13.92,0.57,62.14,1,1.0808909730363425,1.4935622317596566,0.06211180124223602,1
21.0,19.0,9.16,7.09,2.0,6.0,3.0,5.0,13.21,1.49,42.67,1,1.2739916550764951,1.4265658747300218,0.49180327868852464,1
32.0,7.0,10.92,5.92,3.0,6.0,16.0,1.0,12.69,1.77,36.83,1,1.8139534883720931,1.1515426497277677,2.6229508196721314,1
38.0,9.0,4.48,7.33,7.0,10.0,24.0,5.0,5.83,0.25,46.1,1,0.6029609690444147,1.2729257641921397,2.376237623762376,0
36.0,4.0,11.1,4.9,1.0,1.0,24.0,7.0,14.06,1.17,51.69,1,2.2199999999999998,1.255357142857143,21.818181818181817,2
40.0,8.0,9.82,6.29,6.0,1.0,7.0,4.0,14.65,1.22,53.795,1,1.536776212832551,1.4768145161290323,6.363636363636363,1
33.0,0.0,8.99,6.54,1.0,13.0,19.0,8.0,10.26,0.54,42.97,1,1.3539156626506026,1.1287128712871286,1.450381679389313,1
31.0,1.0,4.49,4.52,5.0,17.0,4.0,1.0,7.74,0.05,56.29,1,0.9718614718614721,1.6862745098039216,0.23391812865497075,0
40.0,18.0,5.09,4.17,6.0,15.0,16.0,6.0,6.66,0.51,60.78,1,1.1920374707259953,1.2832369942196533,1.0596026490066226,1
31.0,13.0,9.25,7.75,1.0,10.0,19.0,5.0,13.11,1.17,35.47,1,1.178343949044586,1.402139037433155,1.8811881188118813,1
30.0,19.0,11.58,6.67,0.0,8.0,3.0,5.0,15.83,0.39,55.09,1,1.7104874446085674,1.3553082191780823,0.3703703703703704,1
26.0,9.0,7.35,5.66,5.0,6.0,20.0,3.0,12.09,0.57,50.4,1,1.2760416666666667,1.6228187919463088,3.278688524590164,1
23.0,8.0,7.79,6.19,3.0,3.0,17.0,9.0,11.24,1.42,51.89,1,1.2384737678855327,1.4245880861850444,5.483870967741935,1
38.0,9.0,13.34,8.79,6.0,15.0,17.0,8.0,16.4,0.8,71.17,2,1.500562429696288,1.2202380952380951,1.1258278145695364,1
20.0,5.0,6.13,5.92,7.0,13.0,27.0,5.0,9.61,0.13,54.38,1,1.0182724252491695,1.5425361155698234,2.0610687022900764,1
43.0,16.0,8.99,4.52,0.0,10.0,17.0,7.0,9.81,0.8,58.51,1,1.9458874458874462,1.0792079207920793,1.6831683168316833,1
22.0,5.0,7.43,6.32,0.0,7.0,15.0,7.0,10.94,2.0,49.43,1,1.1573208722741433,1.452855245683931,2.1126760563380285,1
32.0,3.0,11.46,7.24,5.0,10.0,10.0,3.0,13.49,0.52,52.21,1,1.561307901907357,1.1669550173010381,0.9900990099009901,1
34.0,19.0,10.26,4.06,7.0,19.0,7.0,4.0,13.8,0.53,100.0,2,2.466346153846154,1.3320463320463323,0.36649214659685864,2
21.0,2.0,8.16,5.66,5.0,16.0,28.0,1.0,12.68,0.34,53.795,1,1.4166666666666667,1.5351089588377724,1.7391304347826086,1
30.0,18.0,13.65,5.97,1.0,9.0,11.0,3.0,16.92,0.54,80.3,2,2.248764415156508,1.2305454545454546,1.208791208791209,2
23.0,17.0,11.35,6.32,7.0,9.0,17.0,5.0,14.36,1.15,62.01,1,1.7679127725856698,1.2541484716157205,1.8681318681318682,1
38.0,3.0,4.62,5.51,4.0,11.0,21.0,1.0,8.55,1.93,31.79,0,0.823529411764706,1.8114406779661019,1.8918918918918919,0
36.0,7.0,11.45,7.33,4.0,0.0,17.0,1.0,15.09,1.22,33.16,0,1.541049798115747,1.3064935064935066,170.0,1
22.0,16.0,4.24,8.72,4.0,1.0,28.0,9.0,5.47,0.82,24.29,0,0.48072562358276644,1.26036866359447,25.454545454545453,0
37.0,4.0,10.5,8.57,6.0,17.0,7.0,6.0,14.4,0.78,58.72,1,1.2110726643598615,1.358490566037736,0.4093567251461988,1
27.0,12.0,6.1,7.32,6.0,6.0,15.0,9.0,8.73,0.05,60.81,1,0.8221024258760108,1.4080645161290324,2.459016393442623,0
41.0,0.0,10.96,6.53,1.0,15.0,29.0,4.0,15.72,0.01,88.99,2,1.6530920060331826,1.4213381555153708,1.9205298013245033,1
44.0,12.0,7.1,8.13,2.0,12.0,16.0,2.0,11.98,1.59,53.795,0,0.8626974483596597,1.6638888888888892,1.322314049586777,0
43.0,3.0,12.73,8.18,6.0,3.0,1.0,2.0,15.52,0.98,69.9,1,1.5374396135265702,1.2096648480124708,0.3225806451612903,1
38.0,13.0,7.37,8.15,3.0,9.0,29.0,5.0,12.25,0.07,54.61,1,0.8933333333333333,1.6398929049531459,3.186813186813187,0
24.0,2.0,10.2,4.79,1.0,8.0,14.0,2.0,12.44,0.57,71.06,2,2.085889570552147,1.2077669902912622,1.7283950617283952,2
26.0,4.0,6.86,4.13,1.0,17.0,21.0,9.0,10.59,0.71,74.93,2,1.6217494089834519,1.521551724137931,1.2280701754385963,1
40.0,6.0,13.17,8.92,7.0,8.0,14.0,4.0,14.47,1.57,67.53,1,1.460088691796009,1.0904295403165034,1.7283950617283952,1
27.0,0.0,11.81,8.8,0.0,9.0,24.0,1.0,13.39,0.87,33.72,0,1.3269662921348315,1.1242653232577666,2.6373626373626373,1
24.0,11.0,6.43,6.82,7.0,7.0,21.0,2.0,10.89,1.02,16.45,0,0.9291907514450867,1.6676875957120982,2.9577464788732395,0
36.0,10.0,13.49,8.97,4.0,10.0,23.0,3.0,18.07,1.27,54.09,1,1.4873208379272327,1.329654157468727,2.2772277227722775,1
24.0,7.0,7.57,7.85,5.0,12.0,27.0,0.0,10.7,0.07,42.95,1,0.9522012578616353,1.3950456323337679,2.231404958677686,0
23.0,5.0,10.52,6.59,1.0,12.0,6.0,3.0,12.88,1.94,38.94,1,1.5724962630792227,1.2128060263653486,0.49586776859504134,1
41.0,1.0,11.43,5.95,2.0,15.0,0.0,3.0,14.23,0.36,75.69,2,1.8892561983471075,1.2341717259323506,0.0,1
38.0,18.0,4.23,6.96,6.0,12.0,1.0,2.0,8.71,0.55,10.81,0,0.5991501416430596,2.0115473441108547,0.08264462809917356,0
40.0,19.0,13.59,6.58,3.0,11.0,3.0,9.0,15.43,1.62,85.22,2,2.034431137724551,1.127100073046019,0.2702702702702703,2
21.0,19.0,7.44,8.97,2.0,14.0,15.0,8.0,9.62,0.38,58.02,1,0.8202866593164277,1.2758620689655171,1.0638297872340425,0
30.0,13.0,5.9,6.45,1.0,15.0,11.0,2.0,10.04,1.02,30.65,0,0.900763358778626,1.6733333333333331,0.728476821192053,0
41.0,0.0,12.51,8.18,1.0,7.0,16.0,1.0,17.25,1.73,37.05,1,1.5108695652173914,1.3679619349722443,2.2535211267605635,1
32.0,9.0,11.03,6.46,0.0,5.0,23.0,6.0,12.4,1.27,44.32,1,1.6814024390243902,1.1141060197663972,4.509803921568627,1
34.0,15.0,4.87,4.36,2.0,7.0,3.0,8.0,12.02,0.6,42.02,1,1.0919282511210762,2.4185110663983904,0.4225352112676057,1
31.0,3.0,5.17,4.44,0.0,1.0,15.0,5.0,8.75,1.29,21.5,0,1.1387665198237886,1.6603415559772297,13.636363636363635,1
41.0,10.0,11.15,7.3,5.0,17.0,6.0,4.0,13.07,1.63,57.5,1,1.506756756756757,1.1617777777777778,0.3508771929824561,1
40.0,15.0,4.75,5.3,2.0,10.0,22.0,5.0,8.77,0.81,10.64,0,0.8796296296296298,1.8082474226804124,2.1782178217821784,0
41.0,19.0,13.17,7.29,4.0,16.0,7.0,2.0,17.08,1.14,66.73,1,1.7821380243572396,1.2871137905048982,0.43478260869565216,1
30.0,0.0,11.42,4.72,4.0,9.0,24.0,8.0,12.99,1.98,78.2,2,2.369294605809129,1.1276041666666667,2.6373626373626373,2
26.0,15.0,7.35,5.99,4.0,1.0,8.0,7.0,10.36,1.93,52.22,1,1.206896551724138,1.3906040268456377,7.2727272727272725,1
24.0,10.0,7.63,4.51,2.0,18.0,13.0,8.0,11.66,1.02,84.8,2,1.6550976138828635,1.5084087968952136,0.718232044198895,1
36.0,8.0,9.06,5.41,0.0,19.0,22.0,7.0,10.83,0.19,64.55,1,1.6442831215970963,1.1823144104803494,1.1518324607329842,1
43.0,8.0,7.61,4.44,4.0,19.0,8.0,0.0,10.46,1.4,61.38,1,1.6762114537444934,1.356679636835279,0.41884816753926696,1
39.0,8.0,11.83,8.85,1.0,19.0,14.0,7.0,13.31,0.54,76.54,2,1.3217877094972068,1.1156747694886842,0.7329842931937173,1
28.0,16.0,13.75,5.98,6.0,1.0,20.0,7.0,15.98,1.34,68.58,1,2.2615131578947367,1.1537906137184115,18.18181818181818,2
33.0,11.0,9.85,8.51,3.0,5.0,25.0,4.0,11.72,0.7,53.795,0,1.1440185830429732,1.177889447236181,4.901960784313726,1
31.0,12.0,8.46,8.86,7.0,16.0,3.0,5.0,11.48,1.44,57.86,1,0.9441964285714287,1.3411214953271027,0.18633540372670807,0
25.0,7.0,6.23,8.55,0.0,11.0,2.0,1.0,7.79,0.73,0.42,0,0.7202312138728324,1.2306477093206951,0.1801801801801802,0
36.0,15.0,10.53,6.27,5.0,4.0,21.0,0.0,13.06,1.88,34.95,0,1.653061224489796,1.2285983066792099,5.121951219512195,1
38.0,17.0,10.86,7.89,6.0,1.0,9.0,7.0,12.96,0.27,59.55,1,1.3591989987484356,1.1824817518248176,8.181818181818182,1
38.0,0.0,10.85,4.77,5.0,8.0,26.0,6.0,14.83,0.14,70.45,2,2.2279260780287475,1.354337899543379,3.2098765432098766,2
35.0,0.0,4.27,4.47,2.0,1.0,24.0,3.0,8.07,1.56,5.37,0,0.9343544857768052,1.8466819221967967,21.818181818181817,0
31.0,11.0,12.99,8.38,5.0,19.0,3.0,6.0,14.37,0.8,81.48,2,1.5318396226415094,1.0977845683728036,0.15706806282722513,1
31.0,5.0,7.38,4.16,7.0,13.0,29.0,1.0,12.19,0.93,54.55,1,1.7323943661971832,1.6296791443850267,2.213740458015267,1
39.0,8.0,11.44,8.86,3.0,14.0,17.0,1.0,15.42,1.87,50.3,1,1.2767857142857144,1.3362218370883883,1.2056737588652482,1
25.0,4.0,11.6,7.36,3.0,1.0,10.0,6.0,15.06,1.18,46.77,1,1.5549597855227881,1.2871794871794873,9.09090909090909,1
42.0,15.0,10.51,6.1,1.0,17.0,18.0,2.0,13.42,1.32,70.09,2,1.6951612903225808,1.2648444863336477,1.0526315789473684,1
23.0,17.0,7.95,4.71,5.0,11.0,18.0,5.0,9.66,0.04,77.25,2,1.652806652806653,1.2,1.6216216216216217,1
25.0,16.0,10.08,7.62,0.0,6.0,17.0,6.0,14.93,1.34,37.32,1,1.305699481865285,1.4666011787819253,2.7868852459016393,1
30.0,17.0,4.4,6.82,3.0,15.0,12.0,6.0,5.43,0.78,42.49,1,0.6358381502890174,1.2066666666666666,0.794701986754967,0
20.0,0.0,11.62,7.56,0.0,18.0,24.0,9.0,15.39,0.92,75.22,2,1.5169712793733683,1.3131399317406145,1.3259668508287292,1
43.0,18.0,5.0,6.09,1.0,2.0,3.0,3.0,8.03,1.62,2.71,0,0.8077544426494346,1.5745098039215686,1.4285714285714286,0
42.0,7.0,7.97,4.33,2.0,14.0,2.0,2.0,12.58,1.05,55.8,1,1.799097065462754,1.5588599752168526,0.14184397163120568,1
34.0,2.0,5.04,5.57,3.0,14.0,15.0,0.0,7.56,1.97,34.61,0,0.888888888888889,1.4708171206225682,1.0638297872340425,0
30.0,4.0,12.37,5.58,4.0,6.0,13.0,6.0,15.44,1.59,74.59,2,2.1778169014084505,1.2381716118684845,2.1311475409836067,2
44.0,7.0,9.5,4.04,7.0,7.0,9.0,8.0,13.47,1.46,79.12,2,2.2946859903381642,1.4031250000000002,1.267605633802817,2
38.0,18.0,10.91,4.05,4.0,6.0,5.0,0.0,12.1,1.18,37.07,1,2.628915662650603,1.0990009082652135,0.819672131147541,2
37.0,17.0,10.83,5.65,3.0,2.0,7.0,4.0,12.05,0.82,51.89,1,1.8834782608695653,1.1024702653247942,3.333333333333333,1
36.0,17.0,12.42,7.64,5.0,18.0,26.0,3.0,12.02,0.11,77.3,2,1.6046511627906979,0.9600638977635783,1.43646408839779,1
38.0,0.0,5.33,7.12,7.0,18.0,23.0,9.0,6.92,0.04,90.66,2,0.7382271468144045,1.274401473296501,1.2707182320441988,0
40.0,14.0,10.6,5.2,7.0,17.0,15.0,1.0,11.63,0.09,100.0,2,2.0,1.0869158878504674,0.8771929824561403,1
33.0,17.0,9.75,7.01,0.0,6.0,9.0,6.0,13.24,1.92,56.53,1,1.3713080168776373,1.3441624365482234,1.4754098360655739,1
37.0,6.0,4.31,7.24,6.0,18.0,21.0,6.0,8.49,0.65,46.13,1,0.5871934604904632,1.9251700680272112,1.160220994475138,0
38.0,15.0,6.01,6.61,3.0,4.0,20.0,7.0,10.84,1.4,38.17,1,0.8956780923994039,1.7741407528641573,4.878048780487806,0
34.0,15.0,6.68,6.61,0.0,12.0,26.0,2.0,12.02,1.19,6.09,0,0.9955290611028316,1.7728613569321534,2.1487603305785123,0
34.0,14.0,4.73,5.85,5.0,1.0,6.0,5.0,6.85,1.14,32.25,0,0.7949579831932775,1.4182194616977224,5.454545454545454,0
23.0,5.0,7.55,4.62,4.0,17.0,18.0,3.0,12.01,1.16,64.11,1,1.5995762711864407,1.5699346405228758,1.0526315789473684,1
26.0,8.0,4.27,5.93,7.0,3.0,27.0,2.0,8.65,0.6,2.4,0,0.7081260364842454,1.9794050343249432,8.709677419354838,0
32.0,6.0,9.53,5.73,4.0,3.0,25.0,3.0,13.03,1.77,44.89,1,1.634648370497427,1.3530633437175494,8.064516129032258,1
22.0,13.0,6.12,6.96,0.0,7.0,17.0,0.0,8.21,1.84,53.795,0,0.8668555240793202,1.3199356913183282,2.3943661971830985,0
35.0,10.0,6.87,6.46,5.0,10.0,12.0,6.0,11.5,1.29,39.28,1,1.0472560975609757,1.6499282639885222,1.188118811881188,1
28.0,15.0,13.1,5.88,4.0,0.0,7.0,6.0,14.81,1.73,64.6,1,2.190635451505017,1.121969696969697,70.0,2
27.0,5.0,9.03,7.55,4.0,8.0,14.0,6.0,10.2,0.12,60.33,1,1.1803921568627451,1.1171960569550932,1.7283950617283952,1
39.0,15.0,6.69,8.06,1.0,5.0,27.0,1.0,10.88,0.2,17.88,0,0.8198529411764707,1.602356406480118,5.294117647058824,0
32.0,19.0,9.98,6.46,4.0,3.0,13.0,0.0,13.23,1.12,15.07,0,1.5213414634146343,1.3125,4.193548387096774,1
36.0,15.0,6.02,8.51,7.0,5.0,8.0,8.0,8.01,1.69,38.26,1,0.6991869918699187,1.308823529411765,1.5686274509803924,0
36.0,11.0,4.74,4.35,2.0,12.0,11.0,5.0,8.42,0.63,23.76,0,1.065168539325843,1.7396694214876034,0.9090909090909092,1
36.0,16.0,4.21,8.51,0.0,8.0,5.0,4.0,8.28,1.1,14.29,0,0.48896631823461095,1.9211136890951277,0.617283950617284,0
20.0,4.0,13.52,4.82,4.0,13.0,19.0,4.0,17.9,0.02,97.43,2,2.747967479674797,1.3142437591776799,1.450381679389313,2
27.0,12.0,11.25,5.69,0.0,11.0,21.0,7.0,13.38,1.97,63.37,1,1.9430051813471503,1.178854625550661,1.8918918918918919,1
38.0,7.0,12.0,7.03,6.0,3.0,27.0,0.0,13.1,1.53,40.73,1,1.6830294530154277,1.0826446280991735,8.709677419354838,1
25.0,4.0,13.81,8.53,6.0,7.0,22.0,5.0,16.85,0.72,56.77,1,1.6002317497103131,1.2113587347232209,3.098591549295775,1
22.0,11.0,13.32,5.28,5.0,16.0,11.0,2.0,17.74,1.97,99.1,2,2.475836431226766,1.321907600596125,0.6832298136645962,2
24.0,8.0,11.37,7.82,6.0,9.0,23.0,1.0,13.2,0.18,50.19,1,1.4356060606060606,1.1508282476024412,2.5274725274725274,1
32.0,2.0,10.94,7.55,6.0,2.0,18.0,4.0,13.62,0.93,49.63,1,1.4300653594771242,1.233695652173913,8.571428571428571,1
34.0,2.0,7.37,4.8,4.0,3.0,11.0,3.0,9.4,0.12,42.3,1,1.5040816326530615,1.2583668005354753,3.5483870967741935,1
33.0,0.0,5.04,6.4,1.0,7.0,21.0,8.0,6.09,0.67,17.41,0,0.7753846153846153,1.1848249027237354,2.9577464788732395,0
42.0,17.0,9.74,6.41,7.0,15.0,29.0,0.0,14.33,0.44,73.83,1,1.4961597542242704,1.45630081300813,1.9205298013245033,1
35.0,11.0,8.99,5.52,5.0,10.0,25.0,2.0,11.3,0.63,54.67,1,1.5996441281138793,1.2431243124312432,2.4752475247524752,1
37.0,8.0,8.99,7.9,6.0,1.0,21.0,2.0,17.59,1.89,46.83,1,1.12375,1.9350935093509352,19.09090909090909,1
41.0,8.0,8.43,8.63,2.0,7.0,25.0,3.0,10.82,0.85,23.48,0,0.965635738831615,1.2684642438452522,3.5211267605633805,0
41.0,17.0,10.91,7.58,0.0,6.0,6.0,6.0,13.02,0.65,37.83,1,1.4205729166666667,1.1825613079019073,0.9836065573770493,1
30.0,17.0,9.75,8.86,7.0,0.0,14.0,4.0,14.51,1.28,26.56,0,1.088169642857143,1.4730964467005077,140.0,1
22.0,6.0,5.77,4.25,7.0,1.0,15.0,9.0,9.4,1.37,45.17,1,1.3264367816091953,1.6013628620102218,13.636363636363635,1
41.0,3.0,9.92,4.19,7.0,12.0,14.0,5.0,12.02,1.97,74.94,2,2.312354312354312,1.1996007984031936,1.15702479338843,2
29.0,12.0,9.4,8.47,2.0,10.0,3.0,2.0,13.44,1.09,31.71,0,1.0968494749124855,1.414736842105263,0.297029702970297,1
29.0,16.0,8.99,8.49,6.0,2.0,5.0,4.0,11.3,1.51,29.19,0,1.0465657741559953,1.2431243124312432,2.380952380952381,1
40.0,1.0,9.13,4.54,1.0,1.0,15.0,1.0,12.38,0.76,26.72,0,1.9676724137931036,1.3412784398699893,13.636363636363635,1
35.0,13.0,5.64,5.79,6.0,15.0,14.0,3.0,7.72,0.34,39.69,1,0.9575551782682513,1.3449477351916377,0.9271523178807948,0
31.0,2.0,8.63,8.18,7.0,0.0,1.0,2.0,12.97,0.86,24.86,0,1.0422705314009664,1.4856815578465064,10.0,1
21.0,4.0,10.06,4.64,3.0,6.0,23.0,2.0,13.46,0.84,50.26,1,2.1223628691983127,1.3248031496062993,3.7704918032786887,2
28.0,13.0,8.89,5.34,3.0,2.0,2.0,3.0,10.86,0.84,29.98,0,1.6341911764705885,1.2080088987764181,0.9523809523809523,1
32.0,2.0,8.89,7.4,0.0,15.0,14.0,7.0,13.49,1.39,67.26,1,1.1853333333333333,1.5005561735261401,0.9271523178807948,1
22.0,6.0,4.78,8.91,5.0,5.0,24.0,7.0,8.1,0.81,24.17,0,0.5305216426193119,1.6598360655737705,4.705882352941177,0
43.0,17.0,5.91,7.99,1.0,13.0,7.0,0.0,8.89,1.91,18.99,0,0.7305315203955501,1.479201331114809,0.5343511450381679,0
44.0,12.0,7.21,7.89,6.0,10.0,11.0,4.0,8.35,1.97,29.09,0,0.902377972465582,1.1422708618331054,1.0891089108910892,0
34.0,9.0,8.19,5.71,0.0,18.0,21.0,1.0,12.83,1.05,44.19,1,1.4096385542168675,1.5476477683956575,1.160220994475138,1
22.0,12.0,9.94,7.31,5.0,0.0,25.0,9.0,14.75,1.12,48.19,1,1.3414304993252362,1.4691235059760956,250.0,1
38.0,10.0,12.63,4.57,0.0,12.0,1.0,5.0,15.88,0.82,66.75,1,2.7044967880085653,1.2474469756480755,0.08264462809917356,2
37.0,8.0,5.59,8.96,0.0,19.0,14.0,2.0,8.36,0.71,13.25,0,0.6169977924944812,1.4692442882249561,0.7329842931937173,0
27.0,1.0,4.15,6.4,2.0,8.0,7.0,9.0,6.59,1.97,45.07,1,0.6384615384615385,1.5505882352941176,0.8641975308641976,0
36.0,4.0,8.49,7.19,4.0,10.0,26.0,9.0,10.56,0.08,61.73,1,1.1646090534979423,1.2293364377182772,2.5742574257425743,1
27.0,16.0,8.32,8.38,1.0,0.0,21.0,8.0,11.62,0.82,27.77,0,0.9811320754716981,1.3800475059382422,210.0,0
26.0,3.0,9.52,4.0,2.0,12.0,10.0,8.0,11.03,0.3,53.795,2,2.3219512195121954,1.1465696465696467,0.8264462809917356,2
26.0,16.0,12.33,8.88,5.0,9.0,16.0,7.0,17.01,1.45,53.795,2,1.3730512249443207,1.3684633950120677,1.7582417582417582,1
22.0,8.0,12.02,5.8,4.0,0.0,21.0,1.0,13.72,0.39,33.93,0,2.0372881355932204,1.132013201320132,210.0,2
20.0,19.0,5.0,5.7,0.0,9.0,28.0,1.0,8.98,1.77,10.06,0,0.8620689655172414,1.7607843137254904,3.076923076923077,0
32.0,1.0,13.34,4.73,3.0,19.0,20.0,1.0,15.57,0.75,85.57,2,2.761904761904762,1.158482142857143,1.0471204188481675,2
44.0,17.0,5.1,8.29,6.0,16.0,21.0,4.0,7.0,1.83,44.89,1,0.6078665077473183,1.3461538461538463,1.3043478260869563,0
24.0,10.0,10.35,8.35,2.0,4.0,28.0,9.0,13.58,1.97,53.795,1,1.2248520710059172,1.2995215311004786,6.829268292682928,1
20.0,10.0,10.72,4.1,7.0,5.0,0.0,8.0,14.78,1.54,64.37,1,2.552380952380953,1.365988909426987,0.0,2
34.0,7.0,10.8,4.28,1.0,16.0,19.0,6.0,14.71,1.25,90.68,2,2.4657534246575343,1.3495412844036698,1.1801242236024843,2
24.0,0.0,6.65,8.59,1.0,9.0,22.0,6.0,8.59,0.3,36.37,1,0.7652474108170312,1.2725925925925925,2.417582417582418,0
32.0,16.0,7.3,4.61,4.0,10.0,28.0,2.0,9.62,1.87,33.59,0,1.5498938428874733,1.3,2.7722772277227725,1
27.0,11.0,9.49,7.1,2.0,12.0,14.0,2.0,13.97,1.55,49.54,1,1.3180555555555558,1.456725755995829,1.15702479338843,1
27.0,3.0,6.0,7.1,0.0,9.0,20.0,9.0,9.89,0.58,44.74,1,0.8333333333333334,1.6213114754098363,2.197802197802198,0
24.0,12.0,4.2,8.35,7.0,13.0,21.0,2.0,8.05,0.94,22.78,0,0.49704142011834324,1.8720930232558142,1.6030534351145038,0
28.0,8.0,9.62,6.86,4.0,12.0,1.0,0.0,11.7,0.14,70.99,2,1.382183908045977,1.2037037037037037,0.08264462809917356,1
20.0,6.0,8.65,6.17,5.0,3.0,23.0,7.0,12.82,1.32,52.79,1,1.3795853269537481,1.465142857142857,7.419354838709677,1
23.0,4.0,10.57,8.87,1.0,19.0,9.0,1.0,13.0,0.25,48.18,1,1.178372352285396,1.218369259606373,0.47120418848167533,1
22.0,4.0,5.47,5.14,7.0,16.0,19.0,6.0,8.08,1.3,67.58,1,1.0438931297709924,1.450628366247756,1.1801242236024843,1
21.0,16.0,12.41,5.31,5.0,17.0,5.0,8.0,14.56,1.34,100.0,2,2.293900184842884,1.1638689048760993,0.29239766081871343,2
27.0,8.0,5.46,4.42,7.0,10.0,2.0,1.0,12.02,0.65,32.03,0,1.2079646017699117,2.161870503597122,0.19801980198019803,1
42.0,5.0,12.91,8.88,2.0,9.0,24.0,0.0,15.59,1.9,39.2,1,1.4376391982182628,1.1983089930822444,2.6373626373626373,1
28.0,18.0,8.5,7.53,3.0,17.0,12.0,4.0,9.57,1.56,60.45,1,1.1140235910878113,1.1127906976744186,0.7017543859649122,1
21.0,15.0,9.5,4.06,7.0,18.0,23.0,9.0,12.32,0.99,94.03,2,2.2836538461538467,1.2833333333333334,1.2707182320441988,2
33.0,1.0,8.99,7.52,7.0,8.0,29.0,4.0,16.87,1.84,53.59,1,1.1797900262467194,1.855885588558856,3.5802469135802473,1
33.0,9.0,7.0,6.02,5.0,4.0,14.0,0.0,11.84,1.71,6.62,0,1.1437908496732028,1.667605633802817,3.414634146341464,1
23.0,15.0,5.82,6.46,6.0,0.0,5.0,8.0,7.13,1.38,9.6,0,0.8871951219512196,1.2043918918918919,50.0,0
25.0,4.0,8.46,5.39,0.0,4.0,8.0,2.0,10.59,0.31,38.53,1,1.5409836065573774,1.2371495327102804,1.9512195121951221,1
30.0,14.0,6.44,7.55,6.0,2.0,9.0,1.0,9.42,0.99,20.14,0,0.8418300653594772,1.4403669724770642,4.285714285714286,0
22.0,12.0,9.28,7.14,1.0,0.0,8.0,6.0,10.96,1.73,19.98,1,1.281767955801105,1.168443496801706,80.0,1
27.0,12.0,6.75,4.06,6.0,18.0,17.0,4.0,8.22,1.22,69.25,1,1.6225961538461542,1.2000000000000002,0.9392265193370165,1
22.0,12.0,12.64,8.43,2.0,5.0,8.0,5.0,15.45,1.09,33.91,0,1.4818288393903871,1.2127158555729984,1.5686274509803924,1
33.0,14.0,10.07,4.7,7.0,9.0,23.0,3.0,13.39,1.91,56.52,1,2.097916666666667,1.3166175024582105,2.5274725274725274,2
32.0,10.0,4.0,7.32,3.0,4.0,17.0,8.0,8.28,0.03,21.94,0,0.5390835579514824,2.0195121951219512,4.146341463414634,0
32.0,7.0,12.05,7.88,1.0,11.0,8.0,8.0,17.04,0.02,79.62,1,1.5100250626566418,1.402469135802469,0.7207207207207208,1
21.0,10.0,8.99,7.15,3.0,11.0,4.0,0.0,11.4,1.79,38.73,1,1.24,1.2541254125412542,0.3603603603603604,1
32.0,17.0,7.2,4.49,1.0,16.0,12.0,9.0,9.09,0.08,67.7,1,1.5686274509803921,1.2452054794520548,0.7453416149068323,1
38.0,3.0,7.83,8.88,4.0,1.0,11.0,6.0,11.82,0.67,19.99,0,0.8719376391982182,1.4905422446406054,10.0,0
25.0,9.0,10.3,6.46,6.0,13.0,8.0,7.0,13.45,1.85,83.26,2,1.5701219512195124,1.2932692307692306,0.6106870229007634,1
35.0,0.0,8.42,7.14,4.0,11.0,18.0,4.0,11.22,1.38,34.24,0,1.1629834254143647,1.3169014084507045,1.6216216216216217,1
21.0,4.0,10.29,7.99,4.0,12.0,19.0,6.0,15.03,1.3,53.84,1,1.2719406674907292,1.4465832531280078,1.5702479338842976,1
27.0,12.0,5.47,8.7,2.0,4.0,0.0,7.0,9.28,1.31,27.57,0,0.6215909090909091,1.666068222621185,0.0,0
36.0,0.0,13.7,7.02,7.0,4.0,10.0,7.0,17.43,0.64,92.45,2,1.9241573033707866,1.2630434782608697,2.439024390243903,1
42.0,7.0,11.3,5.3,4.0,16.0,4.0,8.0,12.35,1.06,84.69,2,2.092592592592593,1.0833333333333333,0.24844720496894407,2
32.0,2.0,6.5,8.18,2.0,4.0,6.0,4.0,10.96,1.26,9.22,0,0.785024154589372,1.6606060606060609,1.4634146341463417,0
29.0,2.0,11.24,4.82,0.0,18.0,12.0,1.0,15.41,0.61,79.57,2,2.2845528455284554,1.3589065255731922,0.6629834254143646,2
35.0,6.0,9.75,4.11,4.0,3.0,22.0,5.0,11.95,1.59,62.94,1,2.315914489311164,1.2131979695431472,7.096774193548387,2
25.0,3.0,5.09,8.54,2.0,6.0,5.0,0.0,7.26,0.64,1.04,0,0.5891203703703705,1.3988439306358382,0.819672131147541,0
21.0,2.0,5.78,6.88,7.0,16.0,12.0,9.0,6.99,0.14,66.61,1,0.8280802292263612,1.1887755102040818,0.7453416149068323,0
21.0,14.0,4.41,4.35,1.0,10.0,5.0,5.0,5.61,0.4,44.68,1,0.9910112359550564,1.2439024390243905,0.49504950495049505,0
32.0,7.0,12.09,6.9,2.0,5.0,14.0,2.0,15.76,0.82,51.93,1,1.727142857142857,1.2928630024610337,2.7450980392156863,1
43.0,2.0,9.52,4.73,5.0,12.0,7.0,2.0,11.26,1.82,58.81,1,1.971014492753623,1.1704781704781706,0.578512396694215,1
34.0,6.0,7.17,4.16,2.0,11.0,10.0,6.0,11.86,0.83,77.02,2,1.6830985915492958,1.6313617606602475,0.9009009009009009,1
21.0,17.0,5.26,4.58,6.0,4.0,9.0,3.0,9.63,0.18,38.16,1,1.123931623931624,1.7966417910447765,2.1951219512195124,1
26.0,10.0,8.84,7.88,5.0,9.0,8.0,4.0,11.24,0.39,53.795,1,1.1077694235588973,1.2572706935123044,0.8791208791208791,1
22.0,10.0,9.25,7.78,1.0,10.0,3.0,5.0,11.77,1.09,50.48,1,1.1738578680203047,1.2588235294117647,0.297029702970297,1
27.0,16.0,11.02,7.02,7.0,8.0,14.0,9.0,13.33,0.36,74.98,2,1.5477528089887642,1.1987410071942446,1.7283950617283952,1
42.0,5.0,13.7,5.05,6.0,12.0,3.0,5.0,15.07,0.13,96.57,2,2.6601941747572817,1.0920289855072465,0.24793388429752067,2
33.0,7.0,8.35,7.69,2.0,2.0,23.0,1.0,9.48,1.43,22.12,0,1.0718870346598202,1.1218934911242604,10.952380952380953,1
43.0,0.0,8.06,6.04,6.0,16.0,14.0,2.0,10.87,1.57,66.52,1,1.3127035830618894,1.3321078431372548,0.8695652173913043,1
42.0,9.0,7.7,6.55,7.0,17.0,20.0,0.0,12.47,1.7,21.93,0,1.1578947368421053,1.5987179487179488,1.1695906432748537,1
41.0,18.0,12.27,8.49,1.0,4.0,9.0,2.0,16.94,1.69,28.86,0,1.428405122235157,1.3694421988682297,2.1951219512195124,1
26.0,2.0,5.56,6.29,6.0,15.0,13.0,7.0,9.8,0.76,56.39,1,0.8701095461658842,1.7314487632508837,0.8609271523178809,0
40.0,3.0,7.44,7.13,4.0,15.0,24.0,3.0,10.95,1.47,49.9,1,1.029045643153527,1.4522546419098141,1.589403973509934,1
26.0,10.0,11.25,8.81,3.0,10.0,5.0,1.0,15.67,1.17,34.97,0,1.2626262626262625,1.3806167400881058,0.49504950495049505,1
20.0,14.0,4.16,6.26,4.0,3.0,15.0,3.0,7.22,0.05,15.25,0,0.6540880503144655,1.6948356807511737,4.838709677419355,0
36.0,0.0,6.89,6.8,5.0,8.0,24.0,6.0,8.61,0.8,46.07,1,0.9985507246376812,1.2317596566523605,2.9629629629629632,0
28.0,8.0,10.41,6.92,7.0,14.0,11.0,8.0,14.15,0.11,72.67,2,1.482905982905983,1.3463368220742151,0.7801418439716312,1
40.0,10.0,5.86,5.2,0.0,11.0,14.0,4.0,10.54,0.17,39.56,1,1.1056603773584908,1.768456375838926,1.2612612612612613,1
32.0,18.0,7.03,7.68,2.0,15.0,14.0,4.0,8.11,0.11,59.24,1,0.9035989717223651,1.137447405329593,0.9271523178807948,0
40.0,12.0,8.86,7.63,6.0,3.0,0.0,4.0,10.87,1.92,21.45,0,1.1461836998706338,1.2131696428571428,0.0,1
38.0,15.0,8.22,5.07,1.0,2.0,29.0,9.0,10.28,1.69,46.47,1,1.5899419729206965,1.235576923076923,13.809523809523808,1
40.0,3.0,5.06,4.07,4.0,3.0,3.0,8.0,6.46,0.88,43.14,1,1.2134292565947242,1.2519379844961243,0.9677419354838709,1
38.0,0.0,13.38,8.99,7.0,1.0,24.0,6.0,15.28,0.5,44.07,1,1.471947194719472,1.1335311572700295,21.818181818181817,1
44.0,19.0,4.44,6.91,6.0,9.0,12.0,2.0,6.98,0.14,44.09,1,0.6333808844507847,1.537444933920705,1.3186813186813187,0
44.0,12.0,11.5,4.91,2.0,6.0,6.0,1.0,16.26,0.86,51.46,1,2.295409181636727,1.4017241379310346,0.9836065573770493,2
41.0,0.0,4.71,5.42,4.0,1.0,14.0,8.0,9.15,1.2,42.15,1,0.8532608695652174,1.9022869022869024,12.727272727272727,0
36.0,4.0,8.67,7.09,3.0,0.0,5.0,2.0,13.45,1.59,15.17,0,1.2058414464534075,1.5336374002280502,50.0,1
42.0,4.0,5.75,4.69,2.0,17.0,29.0,7.0,7.23,0.1,72.05,2,1.2004175365344467,1.235897435897436,1.6959064327485378,1
42.0,13.0,5.41,4.19,6.0,7.0,13.0,3.0,6.52,0.84,33.83,0,1.2610722610722611,1.1833030852994555,1.8309859154929577,1
29.0,13.0,5.26,7.99,1.0,7.0,17.0,4.0,6.7,1.95,15.41,0,0.6501854140914709,1.2500000000000002,2.3943661971830985,0
29.0,7.0,8.53,7.58,3.0,9.0,3.0,7.0,13.19,0.24,64.7,1,1.1106770833333333,1.5283893395133257,0.32967032967032966,1
23.0,3.0,9.15,5.55,2.0,17.0,0.0,4.0,10.78,0.8,52.8,1,1.6194690265486729,1.1654054054054053,0.0,1
27.0,6.0,5.33,6.46,4.0,10.0,28.0,9.0,8.62,0.55,62.97,1,0.8125000000000001,1.587476979742173,2.7722772277227725,0
41.0,10.0,13.79,6.43,6.0,0.0,2.0,1.0,15.7,0.27,62.06,1,2.111791730474732,1.1303095752339813,20.0,2
39.0,18.0,6.58,5.38,3.0,6.0,12.0,5.0,7.66,1.68,34.49,0,1.2007299270072993,1.1467065868263473,1.9672131147540985,1
39.0,14.0,8.59,5.99,1.0,7.0,17.0,6.0,9.93,1.39,48.3,1,1.4105090311986863,1.1426927502876871,2.3943661971830985,1
37.0,3.0,6.16,5.37,2.0,13.0,28.0,0.0,10.0,0.82,42.64,1,1.1261425959780622,1.597444089456869,2.1374045801526718,1
33.0,18.0,8.94,4.88,4.0,18.0,3.0,9.0,10.67,0.74,78.69,2,1.7951807228915664,1.1803097345132745,0.16574585635359115,1
32.0,8.0,11.56,5.93,6.0,7.0,3.0,8.0,13.48,1.66,79.54,2,1.9170812603648428,1.1560891938250428,0.4225352112676057,1
33.0,12.0,9.21,8.82,4.0,18.0,10.0,5.0,11.72,0.18,80.64,2,1.032511210762332,1.2588614393125672,0.5524861878453038,1
39.0,13.0,6.86,5.33,7.0,3.0,13.0,3.0,10.49,0.29,36.14,1,1.263351749539595,1.507183908045977,4.193548387096774,1
40.0,13.0,6.48,5.68,5.0,9.0,24.0,1.0,9.36,1.81,25.21,0,1.1211072664359865,1.4224924012158053,2.6373626373626373,1
43.0,9.0,11.59,5.65,3.0,9.0,6.0,8.0,16.37,1.63,68.75,1,2.0156521739130433,1.4003421727972627,0.6593406593406593,2
34.0,15.0,5.18,6.4,6.0,3.0,28.0,5.0,7.92,1.55,28.43,0,0.7969230769230768,1.5000000000000002,9.032258064516128,0
41.0,4.0,7.7,8.22,2.0,7.0,2.0,8.0,9.5,1.25,55.52,1,0.9254807692307693,1.217948717948718,0.28169014084507044,0
23.0,5.0,5.51,6.01,5.0,6.0,6.0,1.0,8.65,0.58,46.32,1,0.9018003273322422,1.541889483065954,0.9836065573770493,0
32.0,1.0,6.58,8.03,4.0,14.0,7.0,4.0,9.38,1.87,55.13,1,0.809348093480935,1.4041916167664672,0.49645390070921985,0
42.0,12.0,5.53,4.58,3.0,7.0,11.0,5.0,9.68,0.98,35.97,1,1.1816239316239316,1.719360568383659,1.5492957746478875,1
27.0,12.0,12.87,8.47,0.0,9.0,6.0,4.0,17.61,0.56,49.07,1,1.5017502917152858,1.3577486507324596,0.6593406593406593,1
37.0,18.0,11.32,4.93,6.0,6.0,23.0,5.0,15.67,0.73,56.82,1,2.2504970178926444,1.37215411558669,3.7704918032786887,2
31.0,17.0,9.61,4.2,4.0,18.0,15.0,2.0,12.17,0.03,85.56,2,2.2348837209302324,1.2533470648815654,0.8287292817679557,2
42.0,18.0,8.99,4.79,3.0,2.0,29.0,8.0,8.1,1.02,72.87,2,1.8384458077709613,0.8910891089108911,13.809523809523808,1
33.0,0.0,9.1,4.95,0.0,8.0,24.0,1.0,13.76,0.38,44.86,1,1.801980198019802,1.4956521739130435,2.9629629629629632,1
21.0,7.0,9.21,6.54,6.0,15.0,16.0,1.0,11.75,0.27,66.97,1,1.3870481927710845,1.2620837808807732,1.0596026490066226,1
37.0,15.0,9.9,6.25,3.0,13.0,25.0,4.0,13.98,0.06,67.77,1,1.5590551181102363,1.3980000000000001,1.9083969465648856,1
43.0,1.0,4.6,7.58,4.0,6.0,21.0,9.0,9.56,0.45,42.99,1,0.5989583333333333,2.03404255319149,3.4426229508196724,0
21.0,7.0,13.73,4.25,0.0,11.0,14.0,2.0,17.04,0.21,72.38,2,3.15632183908046,1.232104121475054,1.2612612612612613,3
30.0,5.0,8.65,6.49,7.0,0.0,16.0,1.0,11.57,0.09,37.09,1,1.3125948406676784,1.3222857142857143,160.0,1
28.0,15.0,13.27,5.66,6.0,15.0,17.0,5.0,17.07,0.27,96.37,2,2.3038194444444446,1.2767389678384444,1.1258278145695364,2
31.0,10.0,4.1,7.15,3.0,2.0,25.0,5.0,5.88,0.4,19.67,0,0.5655172413793103,1.4000000000000001,11.904761904761905,0
36.0,16.0,6.48,4.22,2.0,0.0,3.0,6.0,9.43,0.83,33.25,0,1.5000000000000002,1.4331306990881458,30.0,1
34.0,18.0,5.04,4.17,0.0,5.0,16.0,3.0,7.29,1.17,26.86,0,1.1803278688524592,1.4182879377431907,3.1372549019607847,1
44.0,10.0,11.7,6.14,3.0,1.0,14.0,7.0,13.36,0.64,50.62,1,1.875,1.1322033898305086,12.727272727272727,1
36.0,10.0,7.2,8.06,2.0,6.0,21.0,2.0,10.64,0.28,35.26,1,0.8823529411764706,1.4575342465753425,3.4426229508196724,0
37.0,3.0,12.4,7.36,7.0,7.0,16.0,9.0,15.7,1.88,87.88,2,1.6621983914209115,1.256,2.2535211267605635,1
41.0,10.0,12.32,4.08,0.0,12.0,12.0,0.0,16.36,1.03,61.14,1,2.947368421052632,1.3172302737520127,0.9917355371900827,2
25.0,7.0,10.68,4.89,3.0,15.0,24.0,4.0,15.17,1.48,68.8,1,2.140280561122245,1.407235621521336,1.589403973509934,2
36.0,8.0,10.66,5.13,4.0,9.0,25.0,5.0,12.54,1.39,54.2,1,2.038240917782027,1.1654275092936803,2.7472527472527473,2
42.0,1.0,11.0,6.12,0.0,3.0,2.0,5.0,15.12,0.57,28.02,0,1.7684887459807075,1.3621621621621622,0.6451612903225806,1
43.0,15.0,10.74,6.93,0.0,12.0,11.0,1.0,13.21,1.02,43.46,1,1.52773826458037,1.2186346863468636,0.9090909090909092,1
37.0,5.0,7.87,5.08,6.0,16.0,26.0,2.0,11.39,1.2,64.57,1,1.5193050193050195,1.4291091593475533,1.6149068322981366,1
27.0,18.0,10.83,5.91,2.0,7.0,16.0,2.0,15.23,0.7,53.02,1,1.8019966722129785,1.393412625800549,2.2535211267605635,1
28.0,7.0,12.97,6.92,5.0,7.0,21.0,6.0,14.99,1.34,89.9,2,1.8475783475783478,1.1469013006885997,2.9577464788732395,1
25.0,13.0,7.33,5.92,6.0,6.0,21.0,0.0,10.73,1.58,23.95,0,1.217607973421927,1.4441453566621805,3.4426229508196724,1
32.0,15.0,13.45,4.72,5.0,0.0,6.0,3.0,16.37,0.73,57.61,1,2.79045643153527,1.2081180811808119,60.0,2
31.0,11.0,4.14,6.46,3.0,14.0,6.0,2.0,8.3,0.03,33.78,0,0.6310975609756098,1.9575471698113212,0.425531914893617,0
44.0,4.0,7.49,5.62,4.0,14.0,25.0,9.0,11.28,0.7,65.31,1,1.3094405594405596,1.4861660079051382,1.773049645390071,1
30.0,18.0,5.32,8.32,4.0,18.0,10.0,6.0,9.4,0.23,65.46,1,0.6318289786223278,1.7343173431734318,0.5524861878453038,0
44.0,17.0,5.27,6.46,0.0,3.0,15.0,0.0,7.42,0.31,17.21,0,0.8033536585365854,1.3817504655493484,4.838709677419355,0
20.0,8.0,12.15,4.95,5.0,5.0,3.0,7.0,15.97,0.73,86.22,2,2.4059405940594063,1.3036734693877552,0.5882352941176471,2
30.0,1.0,13.18,4.76,2.0,9.0,15.0,9.0,16.6,0.42,100.0,2,2.711934156378601,1.2500000000000002,1.6483516483516485,2
38.0,19.0,11.78,5.74,2.0,11.0,4.0,6.0,14.61,1.87,68.97,1,2.017123287671233,1.22979797979798,0.3603603603603604,2
28.0,11.0,13.77,6.06,6.0,3.0,18.0,7.0,16.28,1.31,83.79,2,2.2353896103896105,1.1737563085796685,5.806451612903226,2
21.0,1.0,6.16,8.66,2.0,5.0,21.0,7.0,8.49,1.04,38.44,1,0.7031963470319635,1.3562300319488818,4.11764705882353,0
31.0,9.0,5.41,5.51,0.0,13.0,28.0,8.0,6.45,0.02,51.69,1,0.9643493761140821,1.1705989110707804,2.1374045801526718,0
23.0,0.0,9.21,8.34,6.0,12.0,13.0,0.0,10.89,0.21,61.97,1,1.0912322274881519,1.1697099892588614,1.0743801652892562,1
23.0,3.0,12.29,6.53,1.0,2.0,6.0,8.0,13.53,1.58,57.19,1,1.8536953242835594,1.0920096852300243,2.857142857142857,1
37.0,11.0,4.4,8.43,2.0,14.0,8.0,0.0,8.79,0.78,15.4,0,0.5158264947245018,1.9533333333333331,0.5673758865248227,0
34.0,8.0,13.96,7.51,1.0,2.0,24.0,2.0,18.4,0.09,42.54,1,1.8344283837056508,1.3086770981507823,11.428571428571429,1
38.0,3.0,10.02,7.54,5.0,4.0,27.0,6.0,14.4,1.65,49.9,1,1.3115183246073299,1.422924901185771,6.585365853658537,1
32.0,8.0,13.79,6.59,4.0,12.0,12.0,7.0,18.06,0.61,100.0,2,2.0612855007473843,1.3002159827213824,0.9917355371900827,2
38.0,5.0,7.65,8.2,6.0,14.0,15.0,4.0,9.54,0.77,31.0,0,0.9216867469879519,1.2309677419354839,1.0638297872340425,0
36.0,0.0,8.58,5.27,5.0,16.0,20.0,0.0,11.55,1.95,57.5,1,1.5977653631284918,1.3306451612903227,1.2422360248447204,1
25.0,9.0,11.52,6.46,6.0,5.0,3.0,2.0,16.15,0.03,58.55,1,1.7560975609756098,1.3898450946643717,0.5882352941176471,1
35.0,13.0,11.93,7.18,4.0,17.0,6.0,6.0,15.97,1.44,84.92,2,1.638736263736264,1.3275145469659186,0.3508771929824561,1
43.0,17.0,6.33,6.19,4.0,2.0,29.0,1.0,7.34,1.9,0.0,0,1.0063593004769475,1.1415241057542769,13.809523809523808,1
31.0,5.0,13.3,8.91,6.0,8.0,2.0,1.0,16.14,0.13,47.62,1,1.4761376248612654,1.2044776119402985,0.2469135802469136,1
38.0,17.0,12.67,8.31,5.0,7.0,19.0,8.0,13.71,1.73,68.66,1,1.50653983353151,1.0736100234925607,2.676056338028169,1
24.0,19.0,4.18,7.86,3.0,19.0,14.0,5.0,6.3,0.83,27.58,0,0.5251256281407035,1.47196261682243,0.7329842931937173,0
36.0,15.0,5.29,5.37,7.0,10.0,24.0,3.0,8.03,1.76,66.02,1,0.96709323583181,1.4897959183673468,2.376237623762376,0
42.0,14.0,8.96,8.87,0.0,10.0,20.0,9.0,13.53,0.62,66.2,1,0.9988851727982165,1.4933774834437084,1.9801980198019802,0
20.0,15.0,8.61,7.71,1.0,7.0,25.0,8.0,12.23,1.97,31.99,0,1.1024327784891166,1.4041331802525834,3.5211267605633805,1
44.0,7.0,11.08,7.03,3.0,0.0,13.0,6.0,13.53,1.29,53.795,1,1.5539971949509117,1.2101967799642217,130.0,1
43.0,12.0,4.9,8.61,1.0,9.0,6.0,6.0,7.86,1.25,12.51,0,0.5625717566016074,1.572,0.6593406593406593,0
42.0,10.0,10.45,4.81,6.0,19.0,17.0,7.0,14.72,1.61,92.33,2,2.128309572301426,1.3952606635071092,0.8900523560209423,2
29.0,10.0,10.16,4.7,0.0,3.0,24.0,2.0,12.36,0.87,49.48,1,2.1166666666666667,1.2046783625730995,7.741935483870967,2
34.0,16.0,6.34,6.82,6.0,1.0,4.0,1.0,9.8,0.52,0.0,0,0.9161849710982659,1.521739130434783,3.6363636363636362,0
42.0,17.0,9.42,4.28,2.0,1.0,20.0,0.0,11.47,0.53,29.91,0,2.1506849315068495,1.2048319327731094,18.18181818181818,2
40.0,18.0,6.22,7.32,6.0,12.0,19.0,1.0,9.14,0.66,32.29,0,0.8382749326145552,1.4462025316455698,1.5702479338842976,0
40.0,12.0,5.47,5.2,5.0,19.0,7.0,2.0,6.57,1.23,72.37,2,1.032075471698113,1.1795332136445245,0.36649214659685864,1
30.0,14.0,9.73,4.6,3.0,5.0,26.0,4.0,14.14,1.68,40.25,1,2.0702127659574474,1.4384537131230926,5.098039215686275,2
32.0,0.0,13.77,6.05,6.0,3.0,19.0,5.0,14.96,1.0,85.5,2,2.2390243902439027,1.07858687815429,6.129032258064516,2
24.0,15.0,6.37,6.33,0.0,14.0,17.0,2.0,8.27,0.81,29.61,0,0.9906687402799379,1.2782071097372487,1.2056737588652482,0
20.0,4.0,7.55,4.85,5.0,2.0,20.0,6.0,9.88,1.59,53.03,1,1.5252525252525255,1.2915032679738565,9.523809523809524,1
43.0,2.0,6.57,4.21,3.0,3.0,18.0,4.0,10.07,0.58,32.79,0,1.5243619489559166,1.5097451274362819,5.806451612903226,1
31.0,9.0,6.66,6.07,6.0,9.0,19.0,4.0,10.54,1.38,45.98,1,1.079416531604538,1.559171597633136,2.087912087912088,1
30.0,18.0,8.04,7.8,4.0,5.0,2.0,7.0,9.36,0.21,46.65,1,1.0177215189873416,1.14987714987715,0.3921568627450981,1
36.0,4.0,11.02,8.37,6.0,1.0,22.0,9.0,12.19,0.23,69.91,1,1.3010625737898467,1.0962230215827338,20.0,1
23.0,6.0,4.39,4.49,7.0,19.0,29.0,4.0,8.59,1.29,66.77,1,0.9564270152505446,1.9131403118040091,1.5183246073298429,0
34.0,13.0,13.57,6.62,3.0,12.0,5.0,9.0,17.42,0.17,82.59,2,2.019345238095238,1.2743233357717632,0.4132231404958678,2
44.0,2.0,4.46,5.32,2.0,14.0,17.0,6.0,8.79,0.31,33.49,0,0.8228782287822878,1.9276315789473684,1.2056737588652482,0
28.0,12.0,12.81,5.87,2.0,4.0,26.0,9.0,16.52,1.25,66.89,1,2.1457286432160805,1.2796281951975212,6.341463414634147,2
40.0,12.0,12.94,8.67,1.0,18.0,14.0,7.0,16.94,0.88,74.77,2,1.475484606613455,1.2990797546012272,0.7734806629834253,1
39.0,9.0,9.24,5.76,7.0,5.0,13.0,7.0,11.76,1.12,53.54,1,1.5767918088737203,1.259100642398287,2.5490196078431375,1
38.0,1.0,5.37,5.83,3.0,16.0,23.0,2.0,8.73,1.95,33.17,0,0.9055649241146713,1.5959780621572213,1.4285714285714284,0
38.0,5.0,9.65,5.05,6.0,0.0,20.0,3.0,13.87,1.26,48.67,1,1.8737864077669906,1.4225641025641025,200.0,1
31.0,7.0,10.29,8.8,4.0,1.0,21.0,7.0,11.98,1.18,38.59,1,1.1561797752808987,1.1530317613089511,19.09090909090909,1
24.0,3.0,12.58,6.28,6.0,0.0,7.0,4.0,15.27,0.76,46.13,1,1.9717868338557993,1.2042586750788644,70.0,1
29.0,11.0,9.51,6.85,2.0,7.0,10.0,0.0,13.47,1.26,22.68,0,1.3683453237410073,1.4016649323621229,1.4084507042253522,1
36.0,14.0,8.11,6.27,7.0,3.0,10.0,6.0,11.24,0.03,57.76,1,1.2731554160125589,1.3690621193666261,3.225806451612903,1
24.0,7.0,12.38,5.26,1.0,17.0,11.0,2.0,16.11,1.11,76.2,2,2.3097014925373136,1.2908653846153846,0.6432748538011696,2
41.0,6.0,13.81,8.05,6.0,8.0,15.0,1.0,15.98,0.14,60.03,1,1.694478527607362,1.1488138030194106,1.8518518518518519,1
35.0,13.0,10.45,4.14,4.0,14.0,14.0,9.0,11.58,0.44,100.0,2,2.4646226415094343,1.0976303317535545,0.9929078014184397,2
26.0,18.0,12.74,7.45,4.0,15.0,26.0,4.0,13.86,1.13,86.32,2,1.6874172185430465,1.0794392523364487,1.7218543046357617,1
28.0,13.0,9.99,6.97,6.0,2.0,2.0,0.0,14.76,1.34,39.03,1,1.413012729844413,1.4628344895936571,0.9523809523809523,1
22.0,12.0,10.9,4.72,4.0,0.0,1.0,8.0,15.68,0.77,62.76,1,2.261410788381743,1.4254545454545455,10.0,2
34.0,0.0,10.88,4.83,0.0,12.0,2.0,9.0,12.73,0.84,72.88,2,2.2068965517241383,1.1593806921675773,0.1652892561983471,2
35.0,18.0,11.05,7.3,2.0,13.0,7.0,4.0,12.64,1.0,60.8,1,1.4932432432432434,1.1336322869955158,0.5343511450381679,1
37.0,0.0,7.21,5.56,0.0,5.0,19.0,5.0,8.28,1.52,24.11,0,1.2738515901060072,1.1326949384404925,3.7254901960784315,1
33.0,3.0,9.76,5.33,0.0,4.0,7.0,6.0,11.69,0.04,26.95,0,1.7974217311233887,1.1855983772819472,1.707317073170732,1
22.0,9.0,9.94,4.3,2.0,4.0,3.0,8.0,12.28,0.89,61.69,1,2.2590909090909093,1.2231075697211156,0.7317073170731708,2
31.0,2.0,7.15,7.83,3.0,3.0,22.0,4.0,9.11,0.03,6.79,0,0.9016393442622952,1.256551724137931,7.096774193548387,0
28.0,19.0,7.5,8.41,5.0,11.0,12.0,3.0,11.69,0.64,34.4,0,0.8813160987074031,1.5381578947368422,1.0810810810810811,0
26.0,8.0,11.62,6.46,1.0,13.0,21.0,2.0,15.62,1.04,48.67,1,1.771341463414634,1.3327645051194539,1.6030534351145038,1
28.0,2.0,9.83,6.33,7.0,9.0,25.0,5.0,11.15,0.16,90.48,2,1.5287713841368586,1.122860020140987,2.7472527472527473,1
32.0,5.0,5.49,6.67,6.0,10.0,16.0,9.0,9.28,0.97,43.06,1,0.8109305760709011,1.6601073345259392,1.5841584158415842,0
37.0,5.0,12.38,5.21,7.0,9.0,28.0,9.0,15.46,1.85,93.14,2,2.331450094161959,1.2387820512820513,3.076923076923077,2
24.0,11.0,12.83,4.86,5.0,9.0,26.0,2.0,14.36,1.37,68.7,1,2.586693548387097,1.1105955143078112,2.857142857142857,2
32.0,0.0,8.66,8.12,5.0,8.0,23.0,4.0,12.62,1.56,45.63,1,1.05352798053528,1.4406392694063925,2.8395061728395063,1
23.0,15.0,6.09,7.99,5.0,1.0,21.0,7.0,7.43,1.16,19.06,0,0.7527812113720642,1.20032310177706,19.09090909090909,0
21.0,4.0,13.48,7.89,5.0,13.0,14.0,1.0,15.19,1.79,50.1,1,1.6871088861076347,1.1185567010309279,1.0687022900763359,1
35.0,8.0,12.82,6.32,2.0,6.0,4.0,3.0,14.42,0.29,63.44,1,1.9968847352024923,1.1160990712074303,0.6557377049180328,1
28.0,9.0,6.44,8.32,5.0,16.0,11.0,7.0,11.2,0.9,57.59,1,0.7648456057007127,1.712538226299694,0.6832298136645962,0
28.0,12.0,8.99,8.63,1.0,19.0,1.0,4.0,8.75,1.19,38.21,1,1.0297823596792668,0.9625962596259626,0.05235602094240837,1
25.0,14.0,8.41,5.64,6.0,7.0,9.0,7.0,11.06,1.75,54.74,1,1.4651567944250874,1.299647473560517,1.267605633802817,1
30.0,11.0,10.76,5.12,3.0,19.0,6.0,5.0,15.05,0.62,85.66,2,2.0613026819923372,1.3858195211786373,0.31413612565445026,2
41.0,4.0,5.75,6.32,2.0,3.0,14.0,0.0,7.61,0.0,21.51,0,0.8956386292834891,1.300854700854701,4.516129032258064,0
43.0,4.0,9.13,4.9,5.0,4.0,26.0,4.0,13.85,1.95,53.43,1,1.826,1.5005417118093174,6.341463414634147,1
41.0,17.0,8.25,8.42,4.0,12.0,25.0,9.0,12.04,0.05,58.28,1,0.9683098591549296,1.4419161676646706,2.066115702479339,0
20.0,11.0,12.91,5.69,6.0,6.0,21.0,1.0,16.15,0.3,65.81,1,2.229706390328152,1.2413528055342045,3.4426229508196724,2
23.0,2.0,8.3,6.88,2.0,5.0,6.0,6.0,12.48,0.84,29.76,0,1.1891117478510032,1.4857142857142858,1.1764705882352942,1
32.0,6.0,9.34,6.97,3.0,16.0,14.0,9.0,12.92,0.99,84.55,2,1.3210749646393212,1.3686440677966103,0.8695652173913043,1
42.0,16.0,13.55,6.57,5.0,5.0,15.0,3.0,18.1,1.67,66.74,1,2.031484257871065,1.3260073260073262,2.9411764705882355,2
32.0,18.0,7.0,4.78,0.0,18.0,21.0,1.0,11.32,0.9,64.54,1,1.4344262295081966,1.5943661971830987,1.160220994475138,1
32.0,17.0,6.89,8.96,2.0,2.0,25.0,0.0,8.68,1.09,8.53,0,0.7604856512141279,1.2417739628040059,11.904761904761905,0
21.0,0.0,12.0,4.86,6.0,8.0,0.0,4.0,13.96,0.4,80.35,2,2.4193548387096775,1.1537190082644628,0.0,2
28.0,4.0,6.78,7.76,6.0,14.0,14.0,9.0,8.04,1.14,89.95,2,0.8625954198473283,1.1686046511627906,0.9929078014184397,0
43.0,1.0,12.32,7.96,4.0,7.0,2.0,7.0,14.2,0.7,72.73,2,1.5285359801488834,1.143317230273752,0.28169014084507044,1
27.0,0.0,4.96,4.73,6.0,14.0,9.0,7.0,7.33,0.2,71.44,2,1.0269151138716357,1.448616600790514,0.6382978723404256,1
26.0,6.0,5.11,8.67,2.0,0.0,15.0,9.0,6.23,1.89,0.0,0,0.5826681870011403,1.1957773512476009,150.0,0
23.0,10.0,13.01,6.44,0.0,7.0,1.0,1.0,12.02,0.16,63.61,1,1.9892966360856268,0.9168573607932876,0.14084507042253522,1
37.0,10.0,9.41,7.14,2.0,3.0,16.0,5.0,13.5,1.36,60.86,1,1.2997237569060776,1.4195583596214512,5.161290322580645,1
22.0,17.0,11.19,7.21,4.0,9.0,0.0,6.0,15.55,1.82,64.88,1,1.5307797537619698,1.3773250664304697,0.0,1
25.0,16.0,6.25,6.52,3.0,15.0,3.0,9.0,7.29,0.36,53.795,2,0.9441087613293052,1.1480314960629923,0.19867549668874174,0
31.0,1.0,5.66,4.71,4.0,17.0,10.0,0.0,6.69,0.47,53.795,1,1.176715176715177,1.1614583333333335,0.5847953216374269,1
31.0,6.0,12.35,7.76,3.0,3.0,16.0,4.0,13.94,0.85,68.48,1,1.5712468193384224,1.1196787148594378,5.161290322580645,1
40.0,6.0,7.59,6.91,4.0,7.0,1.0,5.0,12.08,0.59,50.45,1,1.0827389443651927,1.5708712613784137,0.14084507042253522,1
27.0,9.0,8.55,4.59,1.0,3.0,0.0,5.0,11.43,1.52,26.97,0,1.823027718550107,1.3213872832369942,0.0,1
41.0,2.0,4.28,7.5,2.0,9.0,28.0,8.0,9.21,0.68,36.29,1,0.5631578947368422,2.1027397260273974,3.076923076923077,0
32.0,11.0,7.86,7.51,7.0,19.0,27.0,2.0,12.41,1.97,65.18,1,1.032851511169514,1.5590452261306533,1.413612565445026,1
20.0,2.0,11.7,6.74,6.0,3.0,27.0,7.0,12.02,1.72,68.92,1,1.7105263157894737,1.0186440677966102,8.709677419354838,1
23.0,10.0,12.21,4.45,2.0,15.0,5.0,9.0,13.72,1.79,93.78,2,2.6835164835164838,1.1145410235580828,0.33112582781456956,2
40.0,11.0,10.99,5.76,0.0,11.0,10.0,2.0,13.89,0.13,55.58,1,1.8754266211604098,1.2524797114517585,0.9009009009009009,1
30.0,3.0,10.92,4.25,1.0,9.0,3.0,8.0,15.89,0.35,76.24,2,2.510344827586207,1.441923774954628,0.32967032967032966,2
22.0,15.0,9.06,6.39,0.0,10.0,23.0,7.0,10.66,0.34,57.55,1,1.395993836671803,1.1637554585152838,2.2772277227722775,1
32.0,19.0,9.38,8.53,2.0,1.0,10.0,8.0,12.68,1.34,37.39,1,1.0869061413673236,1.3375527426160336,9.09090909090909,1
44.0,17.0,11.43,4.01,0.0,9.0,4.0,4.0,13.81,0.02,88.43,2,2.7810218978102195,1.1977450130095404,0.43956043956043955,2
36.0,3.0,6.47,5.33,3.0,18.0,29.0,8.0,9.02,1.61,72.74,2,1.1915285451197053,1.3729071537290716,1.6022099447513811,1
41.0,5.0,6.32,8.0,1.0,11.0,9.0,2.0,10.88,1.09,19.83,0,0.780246913580247,1.694704049844237,0.8108108108108109,0
41.0,14.0,13.5,4.05,6.0,3.0,4.0,6.0,16.85,1.02,69.76,1,3.2530120481927716,1.2389705882352942,1.2903225806451613,3
29.0,0.0,4.28,4.05,4.0,16.0,26.0,2.0,8.32,1.07,49.63,1,1.0313253012048196,1.899543378995434,1.6149068322981366,1
40.0,2.0,5.39,7.05,3.0,11.0,26.0,5.0,9.08,1.02,33.51,0,0.7538461538461538,1.6539162112932606,2.3423423423423424,0
31.0,4.0,9.7,7.95,5.0,15.0,23.0,7.0,12.82,0.4,91.77,2,1.2049689440993787,1.3081632653061226,1.5231788079470199,1
34.0,16.0,11.38,7.88,4.0,2.0,26.0,1.0,15.55,0.57,46.65,1,1.4260651629072683,1.3545296167247387,12.38095238095238,1
40.0,13.0,9.38,7.9,0.0,1.0,25.0,7.0,14.26,1.02,36.81,1,1.1725,1.5042194092827004,22.727272727272727,1
29.0,8.0,7.55,5.81,2.0,6.0,21.0,0.0,12.42,1.36,16.15,0,1.2774957698815568,1.6235294117647059,3.4426229508196724,1
33.0,2.0,13.78,8.41,3.0,5.0,21.0,3.0,17.94,0.54,44.05,1,1.6192714453584018,1.2925072046109511,4.11764705882353,1
32.0,12.0,11.04,4.06,1.0,0.0,2.0,6.0,13.99,1.61,50.93,1,2.653846153846154,1.2558348294434472,20.0,2
24.0,2.0,12.31,5.56,4.0,14.0,28.0,0.0,13.96,1.62,68.67,1,2.1749116607773855,1.1248992747784046,1.9858156028368794,2
25.0,10.0,4.4,5.69,5.0,11.0,5.0,5.0,5.58,0.55,26.12,1,0.75993091537133,1.24,0.45045045045045046,0
32.0,1.0,6.36,4.83,3.0,12.0,25.0,9.0,8.29,1.12,68.62,1,1.2900608519269778,1.28328173374613,2.066115702479339,1
21.0,14.0,7.74,5.68,6.0,7.0,12.0,5.0,10.1,0.7,53.97,1,1.3391003460207613,1.288265306122449,1.6901408450704227,1
41.0,12.0,5.83,6.93,6.0,8.0,15.0,6.0,7.35,0.38,18.82,0,0.8293029871977241,1.239460370994941,1.8518518518518519,0
36.0,18.0,4.73,6.6,2.0,0.0,14.0,8.0,6.63,1.61,8.64,0,0.7059701492537315,1.3726708074534162,140.0,0
23.0,15.0,6.25,5.6,1.0,4.0,17.0,6.0,7.58,1.98,19.05,0,1.0964912280701755,1.1937007874015748,4.146341463414634,1
33.0,17.0,9.34,7.75,1.0,6.0,2.0,2.0,12.43,1.02,17.85,0,1.1898089171974522,1.3167372881355932,0.3278688524590164,1
29.0,6.0,10.96,7.57,4.0,17.0,5.0,3.0,12.47,1.83,70.24,2,1.4289439374185138,1.1274864376130198,0.29239766081871343,1
22.0,12.0,11.74,5.4,3.0,7.0,9.0,0.0,15.71,1.28,68.58,1,2.1345454545454547,1.3268581081081081,1.267605633802817,2
44.0,3.0,4.43,5.62,3.0,9.0,15.0,4.0,6.76,1.13,34.66,0,0.7744755244755245,1.4922737306843268,1.6483516483516485,0
22.0,8.0,8.28,5.44,7.0,7.0,24.0,6.0,11.97,0.96,67.16,1,1.4945848375451263,1.4284009546539382,3.3802816901408455,1
34.0,9.0,5.22,4.64,1.0,11.0,12.0,2.0,9.75,0.47,27.43,0,1.1012658227848102,1.8327067669172934,1.0810810810810811,1
25.0,8.0,8.31,7.76,6.0,15.0,24.0,5.0,9.65,0.17,71.76,2,1.0572519083969467,1.1474435196195005,1.589403973509934,1
36.0,6.0,8.34,4.23,7.0,11.0,23.0,2.0,13.3,0.88,53.795,1,1.926096997690531,1.575829383886256,2.0720720720720722,1
31.0,14.0,8.98,4.75,0.0,2.0,23.0,3.0,12.56,1.12,33.31,0,1.8515463917525776,1.3832599118942732,10.952380952380953,1
41.0,7.0,12.93,4.53,1.0,17.0,14.0,4.0,14.14,1.02,53.795,2,2.7926565874730023,1.0851880276285495,0.8187134502923976,2
39.0,18.0,12.05,8.13,2.0,4.0,26.0,5.0,14.31,1.39,32.0,0,1.4641555285540704,1.1777777777777778,6.341463414634147,1
43.0,10.0,10.37,4.22,3.0,13.0,15.0,5.0,14.91,0.38,89.27,2,2.4004629629629632,1.4240687679083097,1.1450381679389314,2
30.0,4.0,12.85,7.32,6.0,19.0,10.0,0.0,16.23,0.71,83.03,2,1.7318059299191375,1.2532818532818535,0.5235602094240838,1
44.0,1.0,10.78,4.22,4.0,15.0,8.0,7.0,12.93,0.83,89.58,2,2.4953703703703707,1.1884191176470589,0.5298013245033113,2
23.0,9.0,12.19,7.93,7.0,5.0,9.0,2.0,16.95,0.37,75.64,2,1.518057285180573,1.3791700569568754,1.7647058823529413,1
25.0,15.0,9.64,8.56,3.0,15.0,10.0,3.0,13.79,1.81,39.95,1,1.1131639722863742,1.4158110882956878,0.6622516556291391,1
20.0,12.0,8.99,6.43,6.0,19.0,28.0,7.0,13.19,1.36,91.13,2,1.3767228177641655,1.451045104510451,1.4659685863874345,1
39.0,7.0,11.24,8.02,1.0,13.0,24.0,4.0,15.79,0.18,83.75,2,1.3842364532019706,1.392416225749559,1.83206106870229,1
42.0,8.0,4.2,7.53,2.0,19.0,20.0,5.0,8.28,1.43,44.92,1,0.5504587155963303,1.9255813953488372,1.0471204188481675,0
35.0,10.0,10.9,7.98,0.0,4.0,21.0,0.0,13.05,1.1,13.48,0,1.349009900990099,1.1863636363636365,5.121951219512195,1
34.0,10.0,13.35,7.83,6.0,13.0,14.0,7.0,16.69,1.05,98.96,2,1.6834804539722572,1.2408921933085504,1.0687022900763359,1
36.0,15.0,11.14,5.03,6.0,10.0,20.0,4.0,15.51,1.98,53.795,1,2.171539961013645,1.3798932384341636,1.9801980198019802,2
27.0,9.0,4.37,6.5,3.0,8.0,12.0,0.0,6.09,1.24,5.51,0,0.6621212121212122,1.3624161073825505,1.4814814814814816,0
31.0,11.0,7.78,8.8,1.0,19.0,16.0,6.0,9.43,1.79,43.72,1,0.8741573033707866,1.1967005076142132,0.8376963350785339,0
41.0,5.0,12.1,5.72,5.0,6.0,3.0,1.0,13.74,1.83,69.75,1,2.0790378006872854,1.1262295081967213,0.49180327868852464,2
40.0,11.0,13.59,8.85,1.0,4.0,29.0,5.0,15.37,0.2,53.795,1,1.5184357541899443,1.122717311906501,7.073170731707318,1
29.0,9.0,7.7,6.46,1.0,14.0,10.0,2.0,9.11,0.02,37.52,1,1.173780487804878,1.1679487179487178,0.7092198581560284,1
34.0,17.0,12.41,6.31,2.0,12.0,28.0,5.0,16.76,0.87,87.93,2,1.9360374414976602,1.3397282174260594,2.31404958677686,1
28.0,17.0,12.64,7.29,7.0,9.0,0.0,8.0,16.91,1.54,70.46,2,1.7104194857916104,1.3273155416012559,0.0,1
21.0,3.0,5.23,8.08,7.0,14.0,27.0,5.0,6.84,1.65,43.22,1,0.6393643031784841,1.2833020637898687,1.9148936170212767,0
24.0,8.0,12.46,5.97,1.0,18.0,0.0,0.0,16.28,1.57,61.77,1,2.052718286655684,1.2961783439490446,0.0,2
25.0,6.0,7.24,4.16,6.0,18.0,2.0,5.0,10.75,0.89,84.17,2,1.699530516431925,1.4645776566757494,0.11049723756906077,1
26.0,17.0,9.93,7.54,1.0,9.0,22.0,2.0,12.03,1.5,33.76,0,1.299738219895288,1.1994017946161515,2.417582417582418,1
32.0,7.0,9.39,8.78,1.0,9.0,14.0,3.0,11.3,1.44,33.52,0,1.0574324324324327,1.1907270811380402,1.5384615384615385,1
44.0,10.0,10.63,7.12,7.0,15.0,0.0,3.0,12.63,0.63,75.96,2,1.4722991689750695,1.1770736253494873,0.0,1
20.0,6.0,11.4,4.94,3.0,4.0,22.0,8.0,15.32,0.34,68.95,1,2.261904761904762,1.3321739130434782,5.365853658536586,2
42.0,8.0,8.41,5.24,1.0,3.0,25.0,7.0,10.69,1.24,52.31,1,1.5749063670411985,1.2561692126909518,8.064516129032258,1
26.0,7.0,12.88,8.55,2.0,9.0,29.0,6.0,14.99,1.35,64.12,1,1.4890173410404623,1.1548536209553157,3.186813186813187,1
39.0,2.0,12.09,6.46,5.0,5.0,25.0,4.0,13.18,1.14,91.88,2,1.8429878048780488,1.081214109926169,4.901960784313726,1
44.0,16.0,11.85,6.74,3.0,10.0,28.0,9.0,16.48,0.43,53.795,2,1.7324561403508771,1.37907949790795,2.7722772277227725,1
31.0,1.0,8.58,6.46,7.0,10.0,15.0,3.0,12.59,0.55,75.72,2,1.3079268292682928,1.4504608294930876,1.4851485148514851,1
35.0,14.0,4.38,5.41,6.0,15.0,16.0,2.0,7.27,1.42,37.66,1,0.79491833030853,1.6227678571428572,1.0596026490066226,0
35.0,13.0,8.92,5.53,5.0,13.0,8.0,0.0,13.69,1.93,47.62,1,1.5843694493783305,1.517738359201774,0.6106870229007634,1
30.0,17.0,12.98,5.1,1.0,18.0,4.0,8.0,15.15,1.89,100.0,2,2.4961538461538466,1.158256880733945,0.22099447513812154,2
40.0,15.0,5.9,7.96,0.0,3.0,28.0,7.0,9.6,1.04,10.04,0,0.7320099255583127,1.5999999999999999,9.032258064516128,0
23.0,19.0,13.83,5.66,5.0,4.0,5.0,0.0,16.05,1.77,67.55,1,2.401041666666667,1.15218951902369,1.2195121951219514,2
32.0,3.0,12.08,5.73,2.0,18.0,14.0,1.0,14.34,0.06,87.11,2,2.072041166380789,1.1773399014778325,0.7734806629834253,2
26.0,19.0,11.1,6.27,7.0,16.0,27.0,0.0,15.48,1.72,75.73,2,1.7425431711145998,1.3821428571428573,1.6770186335403725,1
23.0,5.0,10.77,8.51,0.0,17.0,8.0,0.0,14.92,0.95,58.42,1,1.2508710801393728,1.3725850965961361,0.4678362573099415,1
34.0,5.0,9.87,7.44,2.0,7.0,26.0,8.0,12.05,1.56,59.58,1,1.3090185676392572,1.2086258776328989,3.6619718309859155,1
38.0,10.0,11.21,4.31,6.0,3.0,2.0,4.0,12.54,0.01,75.56,2,2.5419501133786855,1.1087533156498672,0.6451612903225806,2
28.0,16.0,8.22,4.2,0.0,17.0,18.0,2.0,10.65,1.74,68.76,1,1.9116279069767443,1.2800480769230769,1.0526315789473684,1
30.0,2.0,12.45,6.83,1.0,10.0,20.0,1.0,16.49,1.19,54.04,1,1.7965367965367964,1.3139442231075698,1.9801980198019802,1
27.0,12.0,10.96,8.44,0.0,13.0,12.0,7.0,12.36,0.48,63.85,1,1.2833723653395788,1.1175406871609401,0.916030534351145,1
20.0,2.0,11.71,5.62,6.0,12.0,12.0,7.0,15.4,0.69,94.46,2,2.0472027972027975,1.3039796782387807,0.9917355371900827,2
42.0,15.0,11.92,5.24,5.0,15.0,22.0,5.0,16.48,0.4,92.64,2,2.2322097378277155,1.3710482529118138,1.456953642384106,2
44.0,14.0,4.92,7.74,7.0,11.0,2.0,1.0,6.64,0.85,37.75,1,0.6275510204081632,1.3227091633466137,0.1801801801801802,0
43.0,10.0,4.56,7.01,0.0,8.0,19.0,0.0,9.01,0.66,53.795,0,0.6413502109704642,1.9334763948497857,2.345679012345679,0
27.0,17.0,12.01,6.46,2.0,6.0,13.0,5.0,13.22,1.07,48.92,1,1.8307926829268293,1.0916597853014038,2.1311475409836067,1
32.0,14.0,6.59,4.75,1.0,9.0,1.0,0.0,10.26,1.63,26.78,0,1.3587628865979382,1.5336322869955157,0.10989010989010989,1
41.0,4.0,9.82,4.88,2.0,16.0,24.0,5.0,13.98,1.96,60.15,1,1.9718875502008035,1.4092741935483872,1.4906832298136645,1
23.0,15.0,8.44,5.41,1.0,17.0,9.0,9.0,11.22,0.5,78.96,2,1.5317604355716878,1.313817330210773,0.5263157894736842,1
27.0,10.0,4.22,5.03,5.0,6.0,8.0,1.0,6.03,0.21,23.44,0,0.8226120857699805,1.3958333333333335,1.3114754098360657,0
22.0,16.0,4.4,8.86,4.0,2.0,12.0,6.0,9.1,0.79,8.71,0,0.49107142857142866,2.022222222222222,5.714285714285714,0
28.0,8.0,12.27,4.09,3.0,14.0,10.0,9.0,13.35,0.29,100.0,2,2.928400954653938,1.0792239288601455,0.7092198581560284,2
21.0,2.0,10.08,7.13,5.0,15.0,1.0,1.0,13.3,1.67,60.12,1,1.3941908713692948,1.306483300589391,0.06622516556291391,1
21.0,19.0,9.24,6.59,6.0,16.0,15.0,1.0,12.02,1.0,55.84,1,1.3811659192825114,1.2869379014989293,0.9316770186335402,1
32.0,12.0,13.44,5.62,5.0,12.0,4.0,5.0,16.28,1.24,96.59,2,2.3496503496503496,1.202363367799114,0.3305785123966942,2
34.0,2.0,5.73,8.44,3.0,2.0,0.0,3.0,8.88,0.3,11.25,0,0.67096018735363,1.5231560891938252,0.0,0
42.0,6.0,6.58,7.35,2.0,19.0,7.0,5.0,9.72,1.5,47.68,1,0.8832214765100672,1.4550898203592817,0.36649214659685864,0
31.0,5.0,11.57,8.99,5.0,19.0,21.0,7.0,13.38,1.95,70.96,2,1.272827282728273,1.1465295629820051,1.0994764397905759,1
23.0,8.0,11.75,4.84,1.0,4.0,15.0,9.0,15.47,0.96,56.94,1,2.378542510121458,1.3054852320675105,3.658536585365854,2
27.0,11.0,8.05,4.44,0.0,8.0,13.0,2.0,9.13,1.92,30.24,0,1.7731277533039649,1.120245398773006,1.6049382716049383,1
28.0,14.0,13.51,4.7,7.0,17.0,25.0,4.0,14.59,0.07,100.0,2,2.814583333333333,1.0720058780308597,1.461988304093567,2
42.0,19.0,13.38,5.35,5.0,10.0,25.0,4.0,16.29,0.07,96.43,2,2.4550458715596335,1.2084569732937684,2.4752475247524752,2
24.0,2.0,4.12,6.08,3.0,10.0,1.0,9.0,7.29,1.92,19.24,0,0.6666666666666667,1.727488151658768,0.09900990099009901,0
43.0,9.0,5.72,8.31,5.0,15.0,17.0,8.0,7.82,1.4,71.0,2,0.6801426872770511,1.343642611683849,1.1258278145695364,0
39.0,0.0,12.2,6.46,2.0,7.0,25.0,6.0,15.41,0.38,65.73,1,1.8597560975609757,1.2528455284552846,3.5211267605633805,1
37.0,18.0,7.35,8.58,7.0,1.0,20.0,8.0,10.41,0.73,34.93,1,0.8467741935483871,1.397315436241611,18.18181818181818,0
30.0,18.0,4.95,6.31,2.0,9.0,6.0,7.0,7.35,1.02,33.91,0,0.7722308892355696,1.4554455445544554,0.6593406593406593,0
34.0,12.0,11.85,7.24,7.0,5.0,24.0,2.0,15.46,1.41,46.93,1,1.6144414168937329,1.293723849372385,4.705882352941177,1
41.0,11.0,8.55,5.32,2.0,3.0,24.0,1.0,13.38,1.68,23.02,0,1.5774907749077491,1.546820809248555,7.741935483870967,1
32.0,0.0,8.92,4.78,1.0,4.0,11.0,2.0,11.88,0.17,38.25,1,1.8278688524590163,1.3170731707317074,2.682926829268293,1
36.0,18.0,5.86,8.35,6.0,10.0,14.0,5.0,10.0,1.31,34.83,0,0.6934911242603551,1.6778523489932886,1.3861386138613863,0
31.0,15.0,10.61,4.55,6.0,11.0,26.0,9.0,12.6,0.95,100.0,2,2.281720430107527,1.1764705882352942,2.3423423423423424,2
26.0,14.0,9.51,7.87,5.0,15.0,21.0,3.0,13.56,1.2,51.72,1,1.1932245922208282,1.4110301768990636,1.390728476821192,1
29.0,15.0,6.07,6.9,7.0,19.0,1.0,0.0,9.67,1.02,67.99,1,0.8671428571428572,1.567260940032415,0.05235602094240837,0
44.0,10.0,7.4,8.31,2.0,13.0,21.0,9.0,10.96,0.9,53.795,1,0.8799048751486326,1.4613333333333334,1.6030534351145038,0
44.0,5.0,9.97,7.59,4.0,13.0,16.0,9.0,14.54,0.41,62.91,1,1.2964889466840053,1.4438927507447863,1.2213740458015268,1
29.0,10.0,13.25,5.41,0.0,19.0,26.0,8.0,15.18,0.94,93.6,2,2.4047186932849365,1.1370786516853932,1.3612565445026177,2
32.0,2.0,13.2,6.87,6.0,19.0,10.0,5.0,15.67,0.38,92.12,2,1.8938307030129125,1.1781954887218047,0.5235602094240838,1
38.0,14.0,6.88,4.07,2.0,14.0,14.0,0.0,8.21,0.09,49.45,1,1.6498800959232613,1.1762177650429801,0.9929078014184397,1
30.0,0.0,11.36,6.38,6.0,7.0,1.0,2.0,15.26,0.75,72.73,2,1.7530864197530864,1.3315881326352532,0.14084507042253522,1
32.0,6.0,11.76,4.43,7.0,4.0,27.0,0.0,16.14,0.05,70.97,2,2.5960264900662255,1.360876897133221,6.585365853658537,2
40.0,0.0,12.09,6.14,1.0,8.0,18.0,8.0,14.71,1.13,62.07,1,1.9375000000000002,1.2067268252666121,2.2222222222222223,1
27.0,16.0,9.71,4.55,0.0,15.0,4.0,3.0,12.14,0.14,80.8,2,2.0881720430107533,1.2375127420998981,0.26490066225165565,2
27.0,8.0,4.11,8.78,0.0,2.0,25.0,1.0,7.74,0.88,0.0,0,0.46283783783783794,1.8384798099762472,11.904761904761905,0
23.0,12.0,11.62,6.62,4.0,11.0,16.0,3.0,12.92,1.96,49.9,1,1.7291666666666665,1.1023890784982937,1.4414414414414416,1
34.0,10.0,5.07,8.57,2.0,6.0,15.0,1.0,7.25,0.02,20.46,0,0.5847750865051904,1.402321083172147,2.459016393442623,0
30.0,19.0,5.17,4.11,2.0,16.0,27.0,5.0,7.63,0.73,67.04,1,1.2280285035629455,1.4478178368121444,1.6770186335403725,1
30.0,5.0,10.06,7.19,5.0,14.0,25.0,5.0,13.13,1.35,75.94,2,1.3799725651577504,1.2923228346456694,1.773049645390071,1
20.0,0.0,13.84,5.53,1.0,14.0,12.0,6.0,16.75,0.32,93.68,2,2.458259325044405,1.2015781922525108,0.851063829787234,2
36.0,6.0,6.43,6.16,4.0,11.0,29.0,8.0,8.26,1.12,55.16,1,1.0271565495207668,1.2649310872894335,2.6126126126126126,1
32.0,11.0,10.46,8.37,5.0,1.0,12.0,8.0,13.62,0.52,40.51,1,1.2349468713105078,1.289772727272727,10.909090909090908,1
39.0,19.0,7.04,8.9,4.0,7.0,12.0,3.0,11.74,1.02,28.23,0,0.7822222222222223,1.6442577030812326,1.6901408450704227,0
25.0,18.0,12.99,5.23,3.0,4.0,4.0,8.0,14.1,1.79,66.35,1,2.4371482176360226,1.0771581359816653,0.9756097560975611,2
43.0,16.0,9.94,8.74,6.0,2.0,4.0,7.0,13.66,0.41,47.91,1,1.1244343891402715,1.360557768924303,1.9047619047619047,1
41.0,3.0,6.07,7.44,6.0,0.0,19.0,0.0,9.57,0.75,31.79,0,0.8050397877984086,1.5510534846029174,190.0,0
44.0,2.0,6.62,8.76,4.0,15.0,18.0,6.0,11.32,0.34,55.59,1,0.7471783295711062,1.6845238095238095,1.1920529801324504,0
34.0,10.0,8.32,6.81,6.0,9.0,6.0,6.0,11.9,0.57,48.42,1,1.2040520984081045,1.4133016627078385,0.6593406593406593,1
28.0,17.0,5.22,8.8,7.0,9.0,10.0,9.0,8.72,0.59,59.38,1,0.5865168539325842,1.6390977443609025,1.098901098901099,0
33.0,14.0,4.79,8.46,1.0,10.0,22.0,3.0,8.87,0.65,31.29,0,0.5595794392523364,1.8139059304703475,2.1782178217821784,0
37.0,7.0,10.8,4.64,7.0,11.0,0.0,6.0,12.87,1.28,97.38,2,2.2784810126582284,1.1807339449541283,0.0,2
36.0,0.0,8.07,5.55,6.0,7.0,6.0,9.0,11.45,1.49,58.93,1,1.4283185840707966,1.401468788249694,0.8450704225352114,1
37.0,19.0,11.26,5.22,3.0,4.0,2.0,9.0,14.34,1.02,70.21,2,2.1165413533834587,1.262323943661972,0.48780487804878053,2
24.0,13.0,5.1,6.86,2.0,8.0,12.0,4.0,7.85,1.22,11.34,0,0.7327586206896551,1.5096153846153848,1.4814814814814816,0
39.0,3.0,8.99,8.01,4.0,10.0,2.0,4.0,12.02,1.63,65.9,1,1.1085080147965476,1.3223322332233223,0.19801980198019803,1
32.0,4.0,8.43,7.8,1.0,14.0,5.0,4.0,10.6,2.0,53.795,1,1.0670886075949368,1.242672919109027,0.3546099290780142,1
28.0,12.0,4.58,7.63,1.0,16.0,21.0,5.0,6.7,0.91,23.13,0,0.592496765847348,1.4316239316239316,1.3043478260869563,0
30.0,14.0,9.45,5.88,2.0,10.0,26.0,5.0,13.35,1.87,72.92,2,1.580267558528428,1.3979057591623039,2.5742574257425743,1
43.0,5.0,4.83,4.7,6.0,12.0,28.0,4.0,9.51,0.98,41.66,1,1.00625,1.9290060851926978,2.31404958677686,1
41.0,0.0,12.28,5.05,1.0,16.0,14.0,8.0,14.2,1.56,87.45,2,2.384466019417476,1.1470113085621971,0.8695652173913043,2
20.0,18.0,10.32,7.71,3.0,6.0,3.0,8.0,11.62,1.15,46.54,1,1.3213828425096033,1.1151631477927062,0.49180327868852464,1
37.0,12.0,9.57,4.74,3.0,8.0,4.0,6.0,14.57,1.77,47.97,1,1.9772727272727273,1.5067218200620476,0.4938271604938272,1
25.0,5.0,5.33,5.11,7.0,17.0,2.0,9.0,9.09,0.9,80.61,2,1.0230326295585412,1.6740331491712708,0.11695906432748537,1
21.0,14.0,6.87,6.12,5.0,17.0,18.0,2.0,11.42,1.39,45.95,1,1.1045016077170418,1.6384505021520803,1.0526315789473684,1
34.0,15.0,8.93,4.36,0.0,9.0,24.0,3.0,10.51,0.93,34.31,0,2.002242152466368,1.1638981173864895,2.6373626373626373,2
40.0,15.0,10.33,5.06,2.0,11.0,20.0,3.0,14.53,1.71,67.77,1,2.0019379844961245,1.3930968360498561,1.8018018018018018,2
33.0,9.0,5.83,4.75,6.0,17.0,15.0,6.0,10.08,1.99,69.23,1,1.2020618556701033,1.6998313659359192,0.8771929824561403,1
24.0,8.0,4.09,8.76,1.0,8.0,16.0,1.0,5.7,0.49,21.84,0,0.4616252821670429,1.3603818615751793,1.9753086419753088,0
25.0,8.0,7.45,4.96,4.0,8.0,8.0,4.0,12.02,0.95,44.93,1,1.4723320158102768,1.5920529801324503,0.9876543209876544,1
25.0,16.0,8.83,8.31,5.0,9.0,25.0,3.0,11.01,0.16,47.51,1,1.0499405469678953,1.232922732362822,2.7472527472527473,1
41.0,16.0,5.84,4.57,7.0,0.0,21.0,9.0,7.71,0.28,52.64,1,1.2505353319057815,1.297979797979798,210.0,1
37.0,16.0,8.92,8.35,3.0,10.0,8.0,8.0,13.82,1.86,53.3,1,1.055621301775148,1.5321507760532151,0.7920792079207921,1
33.0,11.0,7.38,6.46,2.0,13.0,13.0,0.0,9.83,1.09,35.96,1,1.125,1.3141711229946524,0.9923664122137404,1
29.0,12.0,8.55,8.25,6.0,9.0,26.0,9.0,12.6,0.79,59.59,1,1.0239520958083834,1.4566473988439306,2.857142857142857,1
32.0,11.0,7.47,8.34,2.0,13.0,22.0,2.0,11.69,1.34,15.27,0,0.8850710900473934,1.5442536327608984,1.6793893129770994,0
32.0,13.0,10.28,6.98,6.0,18.0,10.0,5.0,12.82,1.12,83.76,2,1.4519774011299433,1.2350674373795762,0.5524861878453038,1
22.0,9.0,4.43,8.59,3.0,9.0,14.0,3.0,8.16,0.58,23.64,0,0.5097813578826237,1.8013245033112586,1.5384615384615385,0
25.0,18.0,5.71,6.93,7.0,16.0,9.0,2.0,7.14,0.45,47.22,1,0.8122332859174966,1.2289156626506024,0.5590062111801242,0
27.0,1.0,8.33,7.56,0.0,1.0,22.0,5.0,10.92,1.18,47.37,1,1.0874673629242821,1.295373665480427,20.0,1
31.0,3.0,7.56,6.08,2.0,13.0,4.0,2.0,12.43,0.38,42.81,1,1.2233009708737863,1.622715404699739,0.3053435114503817,1
32.0,18.0,7.92,8.57,1.0,17.0,22.0,6.0,9.59,0.28,51.67,1,0.9134948096885813,1.1957605985037407,1.286549707602339,0
30.0,6.0,12.04,8.12,4.0,1.0,25.0,0.0,14.58,0.64,38.96,1,1.4647201946472022,1.2009884678747942,22.727272727272727,1
31.0,14.0,12.86,4.83,4.0,19.0,3.0,8.0,17.02,1.72,100.0,2,2.608519269776876,1.3132716049382718,0.15706806282722513,2
20.0,14.0,6.49,6.88,3.0,18.0,10.0,9.0,10.15,0.07,57.84,1,0.9297994269340976,1.5402124430955995,0.5524861878453038,0
36.0,5.0,12.36,8.48,2.0,7.0,26.0,1.0,15.89,1.67,48.5,1,1.4405594405594404,1.2752808988764046,3.6619718309859155,1
35.0,2.0,8.59,7.97,4.0,5.0,5.0,3.0,13.0,1.24,27.31,0,1.0644361833952911,1.4959723820483315,0.9803921568627452,1
30.0,5.0,6.74,8.81,2.0,19.0,1.0,5.0,7.86,0.08,67.44,1,0.7564534231200898,1.1491228070175439,0.05235602094240837,0
32.0,15.0,13.85,5.16,3.0,6.0,29.0,5.0,17.93,1.2,79.61,2,2.6330798479087454,1.2853046594982078,4.754098360655738,2
37.0,1.0,12.25,5.84,0.0,12.0,25.0,7.0,16.78,0.85,76.29,2,2.0622895622895623,1.3587044534412958,2.066115702479339,2
30.0,6.0,13.94,6.54,4.0,1.0,2.0,7.0,15.0,1.68,78.89,2,2.0993975903614457,1.0683760683760684,1.8181818181818181,2
31.0,10.0,5.68,5.16,1.0,6.0,17.0,3.0,8.92,1.81,16.22,0,1.079847908745247,1.5432525951557095,2.7868852459016393,1
25.0,6.0,5.44,5.97,7.0,0.0,28.0,5.0,7.83,0.57,16.12,0,0.8962108731466228,1.4133574007220218,280.0,0
28.0,3.0,9.03,6.69,5.0,5.0,25.0,8.0,10.23,1.57,40.91,1,1.3298969072164948,1.1204819277108435,4.901960784313726,1
35.0,19.0,10.39,4.96,3.0,15.0,17.0,6.0,13.06,0.62,85.44,2,2.0533596837944668,1.2449952335557675,1.1258278145695364,2
23.0,6.0,5.71,5.28,5.0,7.0,6.0,7.0,9.29,0.59,67.68,1,1.0613382899628252,1.5989672977624785,0.8450704225352114,1
22.0,3.0,12.6,4.62,7.0,12.0,20.0,7.0,17.28,0.39,100.0,2,2.669491525423729,1.3606299212598427,1.6528925619834711,2
35.0,11.0,9.32,7.57,7.0,17.0,12.0,1.0,12.8,1.36,68.12,1,1.2151238591916558,1.358811040339703,0.7017543859649122,1
43.0,4.0,8.11,5.81,0.0,13.0,12.0,6.0,12.54,0.52,61.82,1,1.3722504230118444,1.5274056029232643,0.916030534351145,1
44.0,18.0,10.02,5.1,1.0,17.0,5.0,2.0,11.51,0.93,62.92,1,1.9269230769230772,1.1373517786561265,0.29239766081871343,1
31.0,4.0,10.35,6.54,5.0,3.0,2.0,6.0,12.19,1.62,34.91,0,1.5587349397590362,1.166507177033493,0.6451612903225806,1
30.0,18.0,4.43,4.34,1.0,14.0,9.0,1.0,9.31,1.58,31.55,0,0.9977477477477478,2.0551876379690954,0.6382978723404256,0
24.0,2.0,14.0,8.62,4.0,4.0,20.0,0.0,18.55,1.02,51.01,1,1.6055045871559634,1.3156028368794328,4.878048780487806,1
44.0,10.0,7.64,5.47,2.0,13.0,4.0,8.0,9.58,0.32,73.27,2,1.3716337522441653,1.2377260981912146,0.3053435114503817,1
37.0,6.0,4.62,8.43,3.0,15.0,10.0,9.0,8.1,1.17,43.13,1,0.5416178194607268,1.7161016949152543,0.6622516556291391,0
38.0,16.0,12.52,6.49,1.0,14.0,3.0,9.0,14.97,1.83,79.2,2,1.8998482549317146,1.1862123613312203,0.2127659574468085,1
42.0,8.0,13.93,8.25,7.0,10.0,9.0,0.0,16.8,0.08,63.91,1,1.6682634730538923,1.1974340698503207,0.8910891089108911,1
42.0,8.0,12.16,5.24,4.0,1.0,14.0,0.0,16.6,1.59,35.3,1,2.2771535580524347,1.3539967373572595,12.727272727272727,2
25.0,9.0,12.52,4.88,7.0,17.0,27.0,2.0,16.46,0.49,95.08,2,2.5140562248995986,1.3042789223454836,1.5789473684210524,2
41.0,12.0,10.26,8.25,0.0,3.0,12.0,0.0,12.21,1.34,16.03,0,1.22874251497006,1.1785714285714288,3.8709677419354835,1
32.0,14.0,13.22,5.06,6.0,14.0,7.0,6.0,15.48,1.43,100.0,2,2.5620155038759695,1.162162162162162,0.49645390070921985,2
25.0,4.0,4.36,7.73,1.0,11.0,5.0,6.0,6.52,1.85,53.795,0,0.5568326947637293,1.4618834080717489,0.45045045045045046,0
23.0,2.0,11.67,5.72,0.0,2.0,10.0,7.0,15.79,1.02,55.11,1,2.0051546391752577,1.3415463041631266,4.761904761904762,2
31.0,7.0,10.71,7.74,3.0,3.0,1.0,1.0,13.67,1.7,28.74,0,1.3660714285714286,1.2645698427382053,0.3225806451612903,1
38.0,19.0,4.5,8.54,4.0,15.0,17.0,6.0,9.3,0.09,38.81,1,0.5208333333333334,2.0217391304347827,1.1258278145695364,0
21.0,9.0,9.44,8.91,0.0,5.0,17.0,8.0,13.71,0.84,44.43,1,1.0477247502774694,1.437106918238994,3.3333333333333335,1
36.0,12.0,9.15,5.8,2.0,1.0,21.0,9.0,10.99,0.88,42.22,1,1.550847457627119,1.1881081081081082,19.09090909090909,1
30.0,2.0,10.92,5.84,5.0,8.0,11.0,4.0,15.06,1.08,75.77,2,1.8383838383838385,1.3666061705989112,1.3580246913580247,1
30.0,7.0,8.99,8.91,0.0,11.0,16.0,9.0,7.8,0.96,36.7,1,0.997780244173141,0.858085808580858,1.4414414414414416,0
40.0,8.0,12.05,8.31,0.0,11.0,14.0,2.0,14.06,1.94,50.76,1,1.43281807372176,1.157201646090535,1.2612612612612613,1
35.0,11.0,5.39,4.23,7.0,13.0,16.0,8.0,12.02,0.16,72.51,2,1.2448036951501154,2.1894353369763206,1.2213740458015268,1
21.0,10.0,8.19,6.87,4.0,16.0,3.0,0.0,13.08,0.53,47.53,1,1.175035868005739,1.5778045838359471,0.18633540372670807,1
21.0,1.0,12.81,4.91,4.0,8.0,28.0,2.0,15.75,1.94,57.49,1,2.5568862275449105,1.2199845081332301,3.4567901234567904,2
42.0,17.0,9.61,8.97,1.0,11.0,16.0,1.0,13.49,0.89,26.39,0,1.0595369349503858,1.3892893923789909,1.4414414414414416,1
27.0,8.0,7.8,4.69,5.0,9.0,15.0,1.0,10.71,1.14,30.25,0,1.6283924843423798,1.3556962025316457,1.6483516483516485,1
32.0,1.0,4.48,6.8,7.0,10.0,8.0,2.0,6.97,0.16,35.33,1,0.6492753623188406,1.5218340611353711,0.7920792079207921,0
29.0,1.0,10.72,7.33,0.0,1.0,10.0,9.0,14.91,0.57,57.42,1,1.4427994616419921,1.378003696857671,9.09090909090909,1
27.0,2.0,13.87,8.69,0.0,15.0,11.0,6.0,18.26,0.08,69.97,1,1.577929465301479,1.3070866141732285,0.728476821192053,1
23.0,15.0,13.12,8.24,4.0,0.0,10.0,5.0,14.41,0.28,67.47,1,1.5731414868105515,1.090015128593041,100.0,1
34.0,18.0,11.17,5.23,6.0,0.0,12.0,8.0,13.29,1.27,48.85,1,2.095684803001876,1.1792369121561668,120.0,2
20.0,3.0,5.05,6.86,2.0,1.0,21.0,9.0,8.08,1.53,31.7,0,0.7255747126436781,1.5689320388349517,19.09090909090909,0
30.0,17.0,6.39,8.77,7.0,11.0,29.0,9.0,8.66,1.74,42.71,1,0.7204058624577226,1.3343605546995378,2.6126126126126126,0
26.0,19.0,5.87,7.68,6.0,19.0,7.0,2.0,10.0,0.5,62.92,1,0.7544987146529564,1.6750418760469012,0.36649214659685864,0
36.0,17.0,7.55,7.44,7.0,17.0,13.0,4.0,9.01,0.67,72.27,2,1.0013262599469497,1.1777777777777778,0.7602339181286549,1
39.0,9.0,6.36,7.77,4.0,11.0,17.0,8.0,10.55,1.14,75.52,2,0.8081321473951717,1.6331269349845203,1.5315315315315317,0
43.0,10.0,6.44,5.61,2.0,0.0,13.0,2.0,9.91,0.17,12.68,0,1.1278458844133101,1.5152905198776758,130.0,1
37.0,16.0,10.17,7.65,5.0,10.0,15.0,7.0,12.33,1.61,53.795,1,1.312258064516129,1.2005842259006816,1.4851485148514851,1
41.0,19.0,7.19,5.16,6.0,1.0,14.0,8.0,9.57,0.97,29.55,0,1.3669201520912548,1.3127572016460907,12.727272727272727,1
41.0,10.0,10.77,6.14,4.0,11.0,21.0,6.0,12.5,1.93,65.58,1,1.7259615384615385,1.1499540018399266,1.8918918918918919,1
31.0,19.0,13.48,6.46,5.0,1.0,19.0,5.0,15.49,0.23,53.795,1,2.054878048780488,1.1406480117820323,17.27272727272727,2
28.0,12.0,10.38,4.09,3.0,16.0,6.0,5.0,14.25,0.27,80.02,2,2.4773269689737476,1.359732824427481,0.37267080745341613,2
24.0,1.0,11.52,6.07,0.0,5.0,7.0,5.0,14.02,0.7,53.795,1,1.86709886547812,1.206540447504303,1.3725490196078431,1
29.0,1.0,11.52,5.33,5.0,15.0,29.0,4.0,15.27,0.41,95.16,2,2.1215469613259668,1.3141135972461273,1.9205298013245033,2
23.0,13.0,7.31,4.99,2.0,18.0,5.0,6.0,10.37,1.39,73.48,2,1.4361493123772102,1.3994601889338731,0.2762430939226519,1
24.0,3.0,4.15,8.19,3.0,5.0,28.0,6.0,5.73,1.89,12.14,0,0.5006031363088059,1.3482352941176472,5.490196078431373,0
29.0,16.0,4.55,7.48,2.0,6.0,12.0,6.0,7.55,0.18,17.47,0,0.600263852242744,1.6236559139784947,1.9672131147540985,0
30.0,12.0,6.82,4.56,1.0,18.0,16.0,2.0,10.85,0.48,65.78,1,1.4635193133047213,1.5679190751445087,0.8839779005524862,1
40.0,3.0,10.9,6.47,1.0,19.0,7.0,5.0,13.09,0.48,95.04,2,1.6590563165905634,1.19,0.36649214659685864,1
43.0,2.0,13.07,6.33,0.0,16.0,10.0,8.0,16.66,1.02,84.92,2,2.032659409020218,1.2649962034927866,0.6211180124223602,2
29.0,11.0,13.59,4.71,3.0,5.0,16.0,8.0,15.39,0.9,72.9,2,2.8253638253638256,1.1241782322863405,3.1372549019607847,2
27.0,7.0,4.26,8.0,3.0,14.0,8.0,3.0,5.8,1.45,36.6,1,0.5259259259259259,1.3302752293577984,0.5673758865248227,0
21.0,1.0,13.9,5.83,1.0,8.0,1.0,8.0,16.34,1.47,84.04,2,2.3440134907251267,1.167142857142857,0.1234567901234568,2
42.0,5.0,7.22,7.81,0.0,1.0,26.0,1.0,12.02,1.15,7.13,0,0.9127686472819216,1.6420765027322406,23.636363636363633,0
27.0,9.0,12.43,4.96,5.0,4.0,9.0,7.0,16.47,1.18,92.6,2,2.456521739130435,1.3144453312051076,2.1951219512195124,2
35.0,11.0,5.8,5.58,1.0,4.0,21.0,1.0,8.64,1.68,0.0,0,1.0211267605633803,1.4644067796610172,5.121951219512195,1
41.0,9.0,4.63,4.48,3.0,11.0,23.0,4.0,5.95,0.79,39.16,1,1.0109170305676856,1.257928118393235,2.0720720720720722,1
24.0,9.0,7.78,4.72,2.0,9.0,20.0,5.0,11.32,0.02,60.7,1,1.6141078838174276,1.4365482233502538,2.197802197802198,1
44.0,2.0,12.59,8.42,6.0,3.0,13.0,1.0,15.47,0.43,68.27,1,1.477699530516432,1.219070133963751,4.193548387096774,1
22.0,19.0,6.21,4.55,3.0,11.0,1.0,8.0,8.54,0.07,64.01,1,1.3354838709677421,1.3534072900158478,0.0900900900900901,1
31.0,9.0,5.54,4.48,0.0,14.0,4.0,5.0,9.75,0.79,44.0,1,1.2096069868995634,1.7287234042553192,0.28368794326241137,1
32.0,8.0,13.1,8.7,3.0,9.0,16.0,7.0,14.72,0.72,74.27,2,1.4886363636363638,1.1151515151515152,1.7582417582417582,1
32.0,19.0,13.38,7.23,4.0,17.0,23.0,3.0,18.03,0.2,95.29,2,1.8253751705320602,1.3375370919881306,1.3450292397660817,1
29.0,18.0,4.13,4.5,3.0,4.0,7.0,2.0,6.47,1.51,27.02,0,0.8978260869565218,1.529550827423168,1.707317073170732,0
23.0,13.0,11.27,8.86,4.0,12.0,29.0,3.0,14.11,1.11,71.07,2,1.2578125,1.2409850483729112,2.396694214876033,1
28.0,1.0,7.09,4.74,1.0,3.0,17.0,0.0,11.81,0.45,3.11,0,1.4648760330578512,1.6425591098748262,5.483870967741935,1
41.0,4.0,7.75,7.83,5.0,8.0,21.0,0.0,11.79,1.52,18.16,0,0.9773013871374527,1.5019108280254776,2.5925925925925926,0
43.0,19.0,8.69,4.17,4.0,17.0,26.0,7.0,9.99,1.34,91.71,2,2.035128805620609,1.136518771331058,1.5204678362573099,2
32.0,7.0,8.27,7.12,3.0,2.0,23.0,0.0,11.58,0.38,23.58,0,1.1454293628808865,1.3835125448028676,10.952380952380953,1
21.0,6.0,9.15,6.73,5.0,10.0,25.0,4.0,11.39,1.97,55.33,1,1.3396778916544656,1.2313513513513514,2.4752475247524752,1
38.0,5.0,9.82,5.04,7.0,3.0,28.0,9.0,12.02,0.35,67.94,1,1.9105058365758756,1.2116935483870968,9.032258064516128,1
20.0,10.0,8.66,7.22,6.0,8.0,7.0,8.0,12.63,1.54,61.13,1,1.1830601092896176,1.4417808219178083,0.8641975308641976,1
44.0,11.0,11.02,7.09,5.0,11.0,11.0,2.0,14.0,1.94,52.72,1,1.5326842837273993,1.2589928057553958,0.990990990990991,1
26.0,17.0,11.19,7.99,3.0,9.0,13.0,9.0,12.47,1.45,72.49,2,1.3831891223733004,1.104517271922055,1.4285714285714286,1
36.0,18.0,8.4,8.38,3.0,9.0,14.0,1.0,11.52,1.33,33.92,0,0.9905660377358491,1.3552941176470588,1.5384615384615385,0
32.0,9.0,5.42,6.55,6.0,8.0,22.0,4.0,6.52,1.81,53.795,1,0.8150375939849624,1.181159420289855,2.7160493827160495,0
39.0,13.0,10.41,6.45,7.0,9.0,2.0,1.0,12.8,0.54,61.3,1,1.5893129770992367,1.2178877259752618,0.21978021978021978,1
39.0,2.0,11.73,7.11,0.0,8.0,28.0,9.0,14.64,0.55,68.76,1,1.6269070735090154,1.2375316990701606,3.4567901234567904,1
40.0,17.0,10.38,7.65,1.0,0.0,29.0,0.0,13.96,1.28,32.79,0,1.3393548387096774,1.33206106870229,290.0,1
22.0,14.0,9.88,5.78,4.0,15.0,27.0,8.0,12.9,1.76,90.67,2,1.6802721088435375,1.2925851703406814,1.7880794701986755,1
22.0,5.0,6.29,6.52,2.0,13.0,13.0,9.0,7.9,1.23,56.77,1,0.9501510574018128,1.2363067292644758,0.9923664122137404,0
36.0,9.0,10.45,6.93,4.0,12.0,26.0,8.0,15.18,1.95,79.37,2,1.4864864864864866,1.4388625592417064,2.1487603305785123,1
26.0,11.0,7.35,8.94,3.0,5.0,3.0,0.0,10.95,0.45,35.02,1,0.8130530973451328,1.4697986577181208,0.5882352941176471,0
33.0,6.0,13.2,6.94,2.0,13.0,0.0,5.0,15.47,1.65,59.96,1,1.875,1.1631578947368422,0.0,1
36.0,16.0,10.54,5.12,2.0,7.0,8.0,4.0,15.4,1.85,45.99,1,2.019157088122605,1.4473684210526319,1.1267605633802817,2
37.0,0.0,6.78,6.94,4.0,17.0,13.0,1.0,11.31,0.85,47.75,1,0.9630681818181819,1.6438953488372094,0.7602339181286549,0
32.0,17.0,8.73,8.1,6.0,19.0,25.0,8.0,10.3,1.92,78.78,2,1.0646341463414635,1.1664779161947905,1.3089005235602094,1
39.0,14.0,12.47,8.29,4.0,0.0,9.0,8.0,16.09,0.4,53.85,1,1.4862932061978549,1.2800318217979316,90.0,1
39.0,18.0,7.35,8.0,4.0,11.0,14.0,8.0,10.59,1.91,56.26,1,0.9074074074074074,1.4214765100671143,1.2612612612612613,0
40.0,0.0,9.25,8.44,4.0,10.0,9.0,7.0,11.02,1.81,51.62,1,1.083138173302108,1.1786096256684493,0.8910891089108911,1
37.0,4.0,10.8,5.67,6.0,12.0,6.0,5.0,12.73,0.13,92.6,2,1.8717504332755635,1.1678899082568808,0.49586776859504134,1
23.0,10.0,11.55,6.54,6.0,3.0,7.0,0.0,14.81,1.04,37.71,1,1.7394578313253013,1.271244635193133,2.258064516129032,1
20.0,2.0,5.74,7.9,1.0,5.0,13.0,9.0,8.03,1.06,22.21,0,0.7175,1.375,2.5490196078431375,0
37.0,0.0,9.65,5.32,0.0,12.0,3.0,4.0,13.99,0.11,60.47,1,1.7804428044280445,1.4348717948717948,0.24793388429752067,1
20.0,7.0,13.12,5.86,0.0,12.0,26.0,7.0,14.51,0.08,85.25,2,2.2013422818791946,1.0975794251134645,2.1487603305785123,2
32.0,11.0,13.68,8.16,4.0,5.0,10.0,3.0,18.34,0.01,53.75,1,1.6561743341404358,1.3309143686502178,1.9607843137254903,1
39.0,18.0,10.56,7.85,0.0,3.0,9.0,7.0,14.92,1.05,44.21,1,1.328301886792453,1.399624765478424,2.903225806451613,1
39.0,11.0,13.84,8.86,4.0,2.0,16.0,5.0,17.79,0.93,49.56,1,1.5446428571428572,1.276183644189383,7.619047619047619,1
42.0,12.0,9.71,8.98,4.0,9.0,4.0,0.0,11.76,1.88,58.23,1,1.0693832599118944,1.198776758409786,0.43956043956043955,1
29.0,0.0,8.43,5.2,4.0,10.0,9.0,0.0,12.29,0.68,45.35,1,1.590566037735849,1.440797186400938,0.8910891089108911,1
30.0,18.0,9.52,8.5,5.0,1.0,9.0,2.0,12.28,1.32,28.68,0,1.1069767441860465,1.2765072765072765,8.181818181818182,1
32.0,5.0,5.16,4.47,1.0,16.0,21.0,0.0,12.02,0.02,29.36,0,1.12910284463895,2.285171102661597,1.3043478260869563,1
28.0,7.0,8.02,7.55,3.0,1.0,6.0,3.0,10.27,1.33,25.75,0,1.0483660130718955,1.2647783251231528,5.454545454545454,1
24.0,3.0,8.58,5.1,0.0,0.0,16.0,2.0,12.92,1.83,11.29,0,1.6500000000000001,1.4884792626728112,160.0,1
20.0,4.0,12.49,5.5,0.0,4.0,28.0,6.0,13.65,0.71,72.04,2,2.230357142857143,1.084193804606831,6.829268292682928,2
36.0,6.0,11.59,8.73,1.0,19.0,19.0,8.0,15.36,0.63,68.48,1,1.3125707814269536,1.3139435414884517,0.9947643979057591,1
41.0,3.0,10.01,6.46,1.0,16.0,11.0,6.0,14.32,1.25,74.2,2,1.5259146341463414,1.4164193867457964,0.6832298136645962,1
21.0,19.0,7.47,7.37,4.0,0.0,4.0,4.0,11.06,0.66,34.9,0,1.0,1.4610303830911495,40.0,0
43.0,3.0,5.87,4.89,4.0,6.0,4.0,0.0,7.64,0.8,27.55,0,1.1763527054108218,1.2797319932998326,0.6557377049180328,1
32.0,14.0,7.48,4.47,5.0,2.0,22.0,4.0,9.62,0.55,41.37,1,1.6367614879649894,1.2691292875989444,10.476190476190476,1
28.0,4.0,10.8,5.7,5.0,15.0,3.0,0.0,13.86,0.69,81.12,2,1.8620689655172415,1.271559633027523,0.19867549668874174,1
23.0,8.0,6.63,7.12,7.0,15.0,25.0,5.0,8.95,1.36,48.66,1,0.9182825484764543,1.3298662704309063,1.6556291390728477,0
24.0,1.0,8.27,5.24,3.0,11.0,6.0,7.0,9.29,1.84,48.48,1,1.548689138576779,1.109916367980884,0.5405405405405406,1
30.0,6.0,7.87,5.5,0.0,8.0,23.0,6.0,9.03,1.17,35.06,1,1.405357142857143,1.1329987452948556,2.8395061728395063,1
43.0,16.0,11.66,7.54,1.0,13.0,1.0,0.0,15.73,0.02,45.98,1,1.5261780104712042,1.3375850340136055,0.07633587786259542,1
38.0,15.0,12.84,4.51,3.0,11.0,29.0,7.0,14.17,0.53,96.67,2,2.785249457700651,1.0950540958268933,2.6126126126126126,2
40.0,16.0,10.99,6.23,0.0,15.0,0.0,8.0,15.7,1.9,71.52,2,1.736176935229068,1.4156898106402163,0.0,1
22.0,19.0,7.42,8.71,3.0,16.0,28.0,9.0,10.19,1.82,68.0,1,0.8422247446083995,1.3550531914893618,1.7391304347826086,0
31.0,1.0,8.33,5.98,7.0,11.0,25.0,1.0,12.36,0.23,60.19,1,1.3700657894736843,1.4661921708185053,2.2522522522522523,1
38.0,10.0,5.43,6.17,3.0,3.0,9.0,0.0,6.93,1.82,9.02,0,0.8660287081339713,1.2531645569620253,2.903225806451613,0
38.0,1.0,5.68,7.69,6.0,16.0,0.0,5.0,10.39,1.93,29.63,0,0.7291399229781771,1.7975778546712806,0.0,0
32.0,0.0,5.64,7.9,4.0,0.0,12.0,3.0,6.78,0.65,16.07,0,0.705,1.1811846689895473,120.0,0
26.0,1.0,5.31,7.85,3.0,16.0,16.0,6.0,6.48,1.4,56.64,1,0.6679245283018868,1.1977818853974125,0.9937888198757763,0
34.0,8.0,5.8,8.99,4.0,10.0,8.0,2.0,7.02,1.12,22.47,0,0.6380638063806381,1.1898305084745764,0.7920792079207921,0
42.0,1.0,6.03,4.36,0.0,18.0,3.0,2.0,7.44,0.67,41.69,1,1.352017937219731,1.2137030995106037,0.16574585635359115,1
26.0,14.0,5.12,8.91,5.0,17.0,8.0,7.0,8.07,0.31,37.89,1,0.5682574916759157,1.545977011494253,0.4678362573099415,0
27.0,9.0,10.4,8.75,0.0,19.0,6.0,6.0,14.55,0.73,79.31,2,1.1751412429378532,1.3857142857142857,0.31413612565445026,1
24.0,14.0,13.9,8.26,7.0,1.0,22.0,4.0,16.04,1.86,56.18,1,1.6626794258373208,1.1457142857142857,20.0,1
40.0,9.0,12.79,6.27,4.0,8.0,28.0,2.0,16.77,1.62,47.17,1,2.0078492935635794,1.301008533747091,3.4567901234567904,2
33.0,16.0,4.46,8.35,5.0,8.0,1.0,0.0,8.56,0.66,15.42,0,0.527810650887574,1.8771929824561406,0.1234567901234568,0
23.0,8.0,8.23,5.1,6.0,11.0,17.0,2.0,12.86,1.1,55.03,1,1.582692307692308,1.5438175270108043,1.5315315315315317,1
42.0,17.0,12.59,7.96,2.0,12.0,27.0,8.0,14.19,0.81,94.95,2,1.562034739454094,1.1182033096926713,2.231404958677686,1
29.0,3.0,5.35,4.93,5.0,15.0,20.0,0.0,6.89,0.93,34.33,0,1.0636182902584495,1.2642201834862385,1.3245033112582782,1
39.0,8.0,12.48,8.08,3.0,12.0,14.0,4.0,13.97,1.52,68.21,1,1.525672371638142,1.1104928457869634,1.15702479338843,1
34.0,15.0,9.93,7.07,7.0,13.0,9.0,3.0,12.37,1.09,76.78,2,1.3849372384937237,1.2333000997008974,0.6870229007633588,1
37.0,3.0,13.31,4.49,7.0,6.0,16.0,5.0,16.27,0.36,92.4,2,2.899782135076253,1.2132736763609246,2.6229508196721314,2
39.0,15.0,12.76,8.48,0.0,1.0,6.0,1.0,15.61,0.54,30.61,0,1.4871794871794872,1.2138413685847589,5.454545454545454,1
32.0,18.0,10.77,6.89,6.0,11.0,10.0,3.0,12.8,1.14,60.22,1,1.5407725321888412,1.1775528978840848,0.9009009009009009,1
27.0,0.0,10.58,7.28,3.0,16.0,6.0,8.0,14.07,1.39,75.71,2,1.4336043360433606,1.3174157303370788,0.37267080745341613,1
28.0,5.0,6.13,5.42,6.0,4.0,10.0,4.0,8.48,1.02,30.8,0,1.1105072463768118,1.36115569823435,2.439024390243903,1
35.0,9.0,5.17,8.36,5.0,19.0,23.0,7.0,7.63,1.24,48.2,1,0.6111111111111112,1.4478178368121444,1.2041884816753925,0
38.0,15.0,8.15,6.73,2.0,9.0,22.0,1.0,9.57,1.58,42.3,1,1.1932650073206443,1.1600000000000001,2.417582417582418,1
35.0,3.0,5.87,6.11,3.0,17.0,23.0,8.0,9.24,1.09,73.95,2,0.9452495974235104,1.5477386934673367,1.3450292397660817,0
26.0,12.0,5.02,6.67,2.0,2.0,14.0,6.0,8.64,1.95,21.95,0,0.741506646971935,1.6875000000000004,6.666666666666666,0
33.0,15.0,7.02,7.52,4.0,12.0,18.0,6.0,11.05,0.47,48.89,1,0.9212598425196851,1.5519662921348318,1.4876033057851241,0
33.0,19.0,8.99,7.48,2.0,12.0,18.0,1.0,17.22,1.84,56.76,1,1.1860158311345648,1.8943894389438942,1.4876033057851241,1
44.0,5.0,4.17,5.79,0.0,9.0,23.0,7.0,8.23,0.5,18.54,0,0.7079796264855688,1.9274004683840753,2.5274725274725274,0
23.0,10.0,6.93,5.93,5.0,1.0,24.0,8.0,8.87,1.06,48.6,1,1.1492537313432836,1.2617354196301565,21.818181818181817,1
34.0,2.0,8.24,6.81,4.0,15.0,9.0,9.0,10.18,0.91,74.54,2,1.1924746743849495,1.2206235011990407,0.5960264900662252,1
22.0,19.0,9.11,8.62,4.0,3.0,15.0,4.0,13.77,1.02,21.35,0,1.0447247706422018,1.495114006514658,4.838709677419355,1
24.0,9.0,5.82,7.73,7.0,18.0,19.0,2.0,9.98,1.93,55.01,1,0.7432950191570882,1.685810810810811,1.0497237569060773,0
20.0,0.0,13.64,5.95,3.0,4.0,7.0,2.0,17.77,0.54,60.08,1,2.254545454545455,1.2933042212518195,1.707317073170732,2
22.0,19.0,9.79,5.69,5.0,6.0,0.0,5.0,13.67,1.35,63.94,1,1.6908462867012088,1.3822042467138524,0.0,1
34.0,10.0,9.22,6.46,7.0,8.0,1.0,0.0,11.29,1.61,45.96,1,1.405487804878049,1.2113733905579398,0.1234567901234568,1
43.0,11.0,4.09,8.35,6.0,4.0,28.0,9.0,8.48,0.39,23.04,0,0.4840236686390533,2.0238663484486876,6.829268292682928,0
27.0,13.0,8.86,4.04,1.0,7.0,9.0,8.0,10.43,1.95,65.85,1,2.140096618357488,1.1640625,1.267605633802817,2
23.0,7.0,12.38,7.55,7.0,1.0,9.0,5.0,14.78,1.09,50.57,1,1.6183006535947715,1.1842948717948718,8.181818181818182,1
21.0,10.0,6.2,5.47,3.0,19.0,9.0,8.0,8.59,1.83,51.33,1,1.1131059245960504,1.3634920634920635,0.47120418848167533,1
43.0,3.0,7.51,5.04,2.0,19.0,8.0,2.0,10.75,1.33,66.17,1,1.4610894941634243,1.4126149802890935,0.41884816753926696,1
43.0,6.0,4.21,4.06,4.0,6.0,17.0,9.0,7.06,1.3,47.31,1,1.0120192307692308,1.6380510440835268,2.7868852459016393,1
29.0,9.0,13.77,8.48,2.0,3.0,1.0,2.0,16.61,0.69,48.6,1,1.6048951048951048,1.197548666186013,0.3225806451612903,1
23.0,18.0,4.67,8.56,4.0,14.0,23.0,9.0,7.88,1.54,51.97,1,0.5392609699769053,1.6519916142557654,1.6312056737588654,0
22.0,3.0,12.98,4.31,7.0,17.0,4.0,5.0,15.64,0.06,100.0,2,2.9433106575963723,1.1957186544342508,0.23391812865497075,2
21.0,1.0,7.13,6.61,4.0,1.0,20.0,6.0,9.13,1.11,22.14,0,1.0625931445603576,1.2627939142461966,18.18181818181818,1
44.0,17.0,9.88,4.76,4.0,13.0,10.0,3.0,13.54,0.06,61.94,1,2.0329218106995888,1.3567134268537073,0.7633587786259542,2
36.0,13.0,10.79,7.79,7.0,9.0,5.0,7.0,14.95,0.61,68.02,1,1.3675538656527249,1.3728191000918275,0.5494505494505495,1
42.0,15.0,5.41,7.33,5.0,4.0,7.0,1.0,8.33,0.19,21.12,0,0.7281292059219381,1.5117967332123412,1.707317073170732,0
40.0,10.0,8.44,5.49,6.0,11.0,7.0,0.0,12.04,1.82,65.52,1,1.5098389982110911,1.4098360655737705,0.6306306306306306,1
43.0,9.0,7.25,4.58,7.0,9.0,24.0,0.0,10.39,1.26,41.2,1,1.5491452991452992,1.413605442176871,2.6373626373626373,1
39.0,16.0,4.57,8.16,6.0,17.0,9.0,1.0,5.81,1.34,34.14,0,0.5532687651331719,1.2441113490364024,0.5263157894736842,0
42.0,13.0,12.33,7.37,6.0,5.0,10.0,5.0,15.02,1.7,46.4,1,1.6506024096385543,1.2083668543845536,1.9607843137254903,1
32.0,3.0,4.45,4.03,0.0,11.0,18.0,7.0,5.49,1.47,36.29,1,1.0774818401937047,1.2065934065934067,1.6216216216216217,1
24.0,18.0,10.53,7.14,7.0,0.0,24.0,2.0,14.18,0.25,22.27,0,1.4544198895027625,1.3339604891815617,240.0,1
40.0,1.0,7.14,8.05,5.0,6.0,13.0,5.0,10.17,1.24,57.09,1,0.8760736196319018,1.4046961325966851,2.1311475409836067,0
28.0,6.0,5.92,6.95,2.0,11.0,10.0,7.0,7.43,1.96,20.08,1,0.8397163120567376,1.23421926910299,0.9009009009009009,0
44.0,8.0,10.67,6.12,6.0,6.0,2.0,8.0,13.84,0.43,69.54,1,1.7154340836012862,1.2850510677808729,0.3278688524590164,1
44.0,18.0,9.75,6.92,5.0,8.0,0.0,7.0,14.34,1.24,60.43,1,1.388888888888889,1.4558375634517766,0.0,1
41.0,15.0,7.15,7.1,6.0,19.0,27.0,6.0,9.51,1.13,87.38,2,0.9930555555555557,1.3117241379310345,1.413612565445026,0
25.0,15.0,9.13,7.2,3.0,14.0,26.0,3.0,14.06,0.78,58.19,1,1.2506849315068496,1.52329360780065,1.8439716312056738,1
24.0,17.0,8.99,8.84,4.0,11.0,20.0,2.0,11.3,1.91,3.34,0,1.005592841163311,1.2431243124312432,1.8018018018018018,1
44.0,10.0,12.64,4.89,3.0,12.0,22.0,6.0,16.78,0.71,85.07,2,2.5330661322645294,1.317111459968603,1.8181818181818183,2
29.0,6.0,7.14,7.12,5.0,3.0,2.0,0.0,11.4,0.19,22.88,0,0.9889196675900277,1.574585635359116,0.6451612903225806,0
27.0,8.0,6.45,4.94,2.0,9.0,8.0,6.0,9.09,1.93,36.38,1,1.2797619047619049,1.3877862595419848,0.8791208791208791,1
26.0,3.0,11.52,5.05,1.0,2.0,0.0,5.0,14.13,1.46,43.68,1,2.236893203883495,1.2160068846815837,0.0,2
26.0,12.0,8.99,7.35,3.0,4.0,21.0,2.0,9.0,0.68,0.0,0,1.2067114093959732,0.9900990099009901,5.121951219512195,1
25.0,3.0,6.68,8.58,1.0,3.0,11.0,2.0,9.14,0.56,2.42,0,0.7695852534562212,1.3480825958702067,3.5483870967741935,0
40.0,18.0,7.75,4.8,2.0,18.0,11.0,1.0,9.14,1.86,43.94,1,1.5816326530612246,1.164331210191083,0.6077348066298343,1
39.0,1.0,12.82,8.81,4.0,9.0,5.0,0.0,14.43,0.55,53.15,1,1.4388327721661056,1.11687306501548,0.5494505494505495,1
22.0,8.0,13.5,5.6,2.0,6.0,29.0,4.0,17.34,1.07,64.31,1,2.368421052631579,1.2750000000000001,4.754098360655738,2
38.0,11.0,11.16,5.96,6.0,2.0,28.0,6.0,12.02,0.43,71.14,2,1.8415841584158417,1.0674955595026643,13.333333333333332,1
41.0,1.0,8.93,4.77,0.0,15.0,7.0,6.0,10.73,1.99,50.73,1,1.833675564681725,1.1882613510520488,0.4635761589403974,1
34.0,5.0,10.41,7.08,1.0,14.0,28.0,5.0,14.67,1.54,52.75,1,1.4498607242339834,1.39581351094196,1.9858156028368794,1
23.0,4.0,8.14,6.98,2.0,17.0,2.0,9.0,11.09,1.14,72.46,2,1.149717514124294,1.345873786407767,0.11695906432748537,1
31.0,4.0,6.99,6.21,4.0,2.0,27.0,5.0,10.26,1.49,34.71,0,1.1077654516640254,1.4471086036671368,12.857142857142856,1
25.0,19.0,13.51,6.38,7.0,13.0,20.0,6.0,15.13,1.83,100.0,2,2.0848765432098766,1.1116825863335784,1.5267175572519085,2
38.0,4.0,5.15,7.11,4.0,0.0,10.0,7.0,6.92,1.93,23.53,0,0.7142857142857143,1.318095238095238,100.0,0
23.0,3.0,7.46,6.92,2.0,6.0,25.0,4.0,8.96,1.57,31.13,0,1.0626780626780628,1.1851851851851853,4.0983606557377055,1
34.0,8.0,12.99,5.87,3.0,1.0,10.0,0.0,16.05,1.7,40.49,1,2.1758793969849246,1.2261268143621085,9.09090909090909,2
28.0,9.0,11.23,8.42,2.0,9.0,4.0,6.0,15.33,0.8,57.03,1,1.3180751173708922,1.353045013239188,0.43956043956043955,1
24.0,15.0,4.29,7.34,4.0,15.0,23.0,1.0,8.22,0.78,17.34,0,0.5766129032258065,1.8724373576309798,1.5231788079470199,0
32.0,9.0,4.23,5.03,7.0,11.0,6.0,4.0,6.27,1.62,44.67,1,0.824561403508772,1.4480369515011546,0.5405405405405406,0
42.0,9.0,9.17,5.6,2.0,17.0,18.0,6.0,13.58,1.52,67.28,1,1.6087719298245615,1.464940668824164,1.0526315789473684,1
37.0,18.0,8.84,7.94,0.0,5.0,6.0,6.0,10.26,1.8,32.75,0,1.0995024875621888,1.1476510067114094,1.1764705882352942,1
24.0,9.0,8.43,4.52,3.0,16.0,9.0,8.0,9.89,0.27,75.17,2,1.824675324675325,1.1594372801875734,0.5590062111801242,1
44.0,5.0,7.02,7.75,2.0,9.0,7.0,4.0,11.42,1.38,26.06,0,0.8942675159235669,1.603932584269663,0.7692307692307693,0
35.0,16.0,13.87,5.79,4.0,8.0,20.0,5.0,15.85,1.3,69.21,1,2.3548387096774195,1.134574087329993,2.469135802469136,2
38.0,4.0,6.72,6.76,2.0,18.0,26.0,9.0,10.55,1.6,70.68,2,0.979591836734694,1.5469208211143697,1.43646408839779,0
33.0,5.0,8.9,5.4,6.0,1.0,20.0,5.0,9.94,0.05,48.86,1,1.6181818181818182,1.1044444444444443,18.18181818181818,1
44.0,14.0,8.05,8.93,2.0,6.0,14.0,0.0,9.42,1.65,53.795,0,0.8914728682170544,1.1558282208588957,2.295081967213115,0
35.0,18.0,5.7,8.53,1.0,10.0,13.0,9.0,9.14,0.65,35.53,1,0.6604866743916571,1.5758620689655174,1.2871287128712872,0
34.0,17.0,6.03,8.64,2.0,12.0,26.0,6.0,7.76,1.37,41.4,1,0.6899313501144165,1.265905383360522,2.1487603305785123,0
41.0,3.0,13.18,4.92,7.0,9.0,0.0,5.0,14.29,1.23,100.0,2,2.625498007968128,1.0760542168674698,0.0,2
23.0,7.0,12.58,8.21,0.0,14.0,12.0,6.0,15.45,0.88,63.07,1,1.513838748495788,1.2184542586750788,0.851063829787234,1
26.0,15.0,5.99,6.68,4.0,6.0,23.0,3.0,8.31,1.49,15.39,0,0.8834808259587021,1.3645320197044337,3.7704918032786887,0
35.0,18.0,12.76,7.54,5.0,5.0,28.0,3.0,16.97,1.92,61.51,1,1.6701570680628273,1.3195956454121307,5.490196078431373,1
43.0,19.0,6.09,5.09,1.0,11.0,5.0,5.0,10.37,0.65,22.68,1,1.1734104046242775,1.6752827140549273,0.45045045045045046,1
41.0,2.0,10.27,7.56,5.0,2.0,5.0,2.0,13.73,1.02,47.16,1,1.3407310704960835,1.3240115718418517,2.380952380952381,1
40.0,9.0,4.81,8.57,2.0,15.0,20.0,9.0,6.98,0.63,40.13,1,0.5547866205305652,1.4215885947046847,1.3245033112582782,0
41.0,1.0,12.8,5.34,6.0,19.0,4.0,5.0,15.65,1.69,100.0,2,2.3529411764705888,1.2131782945736433,0.20942408376963348,2
40.0,3.0,4.52,5.17,3.0,9.0,29.0,3.0,8.33,0.87,32.09,0,0.857685009487666,1.8030303030303034,3.186813186813187,0
27.0,5.0,9.55,4.52,0.0,9.0,2.0,9.0,10.83,0.9,66.3,1,2.0670995670995675,1.122279792746114,0.21978021978021978,2
36.0,10.0,11.8,5.33,0.0,12.0,11.0,7.0,14.13,1.54,77.77,2,2.1731123388581954,1.1873949579831933,0.9090909090909092,2
35.0,13.0,5.17,6.68,6.0,7.0,14.0,4.0,9.46,0.99,32.55,0,0.7625368731563422,1.7950664136622394,1.971830985915493,0
42.0,15.0,8.04,8.16,4.0,5.0,2.0,7.0,10.66,0.53,43.33,1,0.973365617433414,1.3095823095823098,0.3921568627450981,0
29.0,18.0,4.42,5.39,6.0,2.0,15.0,8.0,7.92,1.99,22.64,0,0.8051001821493625,1.752212389380531,7.142857142857142,0
29.0,1.0,10.83,7.11,1.0,11.0,17.0,3.0,12.22,1.24,58.95,1,1.5020804438280166,1.1180237877401649,1.5315315315315317,1
21.0,16.0,7.07,6.4,6.0,8.0,8.0,0.0,11.18,1.29,11.7,0,1.0876923076923077,1.5592747559274756,0.9876543209876544,1
28.0,8.0,9.59,5.44,7.0,8.0,7.0,9.0,10.99,1.29,82.37,2,1.7310469314079422,1.1341589267285863,0.8641975308641976,1
36.0,16.0,13.33,6.55,6.0,10.0,10.0,6.0,17.78,1.77,81.36,2,2.004511278195489,1.3239017125837678,0.9900990099009901,2
30.0,14.0,7.06,4.84,2.0,5.0,2.0,6.0,8.49,0.37,50.57,1,1.4291497975708503,1.1857541899441342,0.3921568627450981,1
29.0,6.0,4.49,7.2,0.0,1.0,14.0,4.0,9.05,0.12,12.83,0,0.615068493150685,1.9716775599128542,12.727272727272727,0
41.0,18.0,10.76,4.58,2.0,6.0,9.0,4.0,13.22,0.77,73.94,2,2.2991452991452994,1.2173112338858196,1.4754098360655739,2
44.0,2.0,11.87,7.65,3.0,8.0,4.0,0.0,15.37,1.13,46.05,1,1.5316129032258063,1.2840434419381788,0.4938271604938272,1
36.0,0.0,13.58,4.89,6.0,18.0,7.0,2.0,17.97,0.57,90.52,2,2.7214428857715434,1.3135964912280702,0.38674033149171266,2
23.0,3.0,5.58,8.99,2.0,17.0,5.0,0.0,6.62,1.38,40.88,1,0.6138613861386139,1.165492957746479,0.29239766081871343,0
35.0,17.0,7.92,8.12,5.0,11.0,22.0,6.0,9.98,0.15,59.7,1,0.9635036496350367,1.2443890274314215,1.981981981981982,0
39.0,7.0,12.44,5.72,4.0,9.0,14.0,4.0,17.07,1.58,75.79,2,2.1374570446735395,1.361244019138756,1.5384615384615385,2
34.0,18.0,12.07,6.13,2.0,9.0,15.0,3.0,14.62,1.44,55.5,1,1.9373996789727128,1.201314708299096,1.6483516483516485,1
44.0,5.0,10.25,5.3,6.0,2.0,11.0,6.0,14.08,0.43,57.68,1,1.8981481481481484,1.3603864734299518,5.238095238095238,1
40.0,0.0,6.69,7.84,7.0,11.0,16.0,8.0,8.25,0.6,60.21,1,0.8425692695214106,1.215022091310751,1.4414414414414416,0
24.0,7.0,6.84,5.9,4.0,3.0,7.0,5.0,10.55,1.61,36.93,1,1.14,1.5201729106628243,2.258064516129032,1
25.0,0.0,5.24,7.78,5.0,9.0,3.0,8.0,6.53,1.55,42.06,1,0.6649746192893401,1.2228464419475655,0.32967032967032966,0
36.0,18.0,13.22,4.09,1.0,1.0,20.0,5.0,17.09,1.63,50.63,1,3.1551312649164682,1.283033033033033,18.18181818181818,3
20.0,10.0,5.73,4.68,6.0,11.0,16.0,9.0,8.03,0.64,82.93,2,1.1987447698744773,1.3773584905660377,1.4414414414414416,1
44.0,14.0,9.73,5.82,2.0,10.0,2.0,8.0,12.59,1.94,51.74,1,1.6435810810810811,1.2807731434384537,0.19801980198019803,1
38.0,10.0,9.84,4.54,0.0,13.0,17.0,5.0,11.51,1.43,68.18,1,2.1206896551724137,1.1579476861167002,1.297709923664122,2
23.0,18.0,7.7,7.01,6.0,14.0,15.0,8.0,11.21,0.13,74.06,2,1.0829817158931083,1.4371794871794874,1.0638297872340425,1
36.0,9.0,7.53,6.46,7.0,13.0,27.0,2.0,9.88,0.96,87.12,2,1.1478658536585367,1.2948885976408913,2.0610687022900764,1
28.0,11.0,10.69,8.3,4.0,11.0,1.0,4.0,13.22,1.33,51.26,1,1.2726190476190475,1.2252085264133459,0.0900900900900901,1
43.0,0.0,7.88,7.81,2.0,1.0,12.0,4.0,11.49,0.34,12.2,0,0.9962073324905184,1.4398496240601504,10.909090909090908,0
21.0,6.0,6.55,5.08,4.0,1.0,0.0,9.0,8.27,1.8,46.93,1,1.2644787644787645,1.243609022556391,0.0,1
27.0,16.0,7.99,6.42,1.0,0.0,21.0,7.0,12.4,1.51,24.7,0,1.2254601226993866,1.5327564894932015,210.0,1
34.0,9.0,12.08,6.26,6.0,19.0,23.0,6.0,16.04,0.16,100.0,2,1.8993710691823902,1.3169129720853858,1.2041884816753925,1
26.0,5.0,8.99,7.62,4.0,14.0,2.0,1.0,16.97,1.83,76.43,2,1.1645077720207255,1.8668866886688669,0.14184397163120568,1
25.0,16.0,10.36,6.01,0.0,9.0,0.0,1.0,11.87,0.81,51.77,1,1.695581014729951,1.1347992351816445,0.0,1
20.0,17.0,11.82,4.16,2.0,19.0,29.0,6.0,15.57,1.02,90.19,2,2.774647887323944,1.3062080536912752,1.5183246073298429,2
34.0,4.0,9.33,5.37,0.0,0.0,25.0,9.0,10.4,1.57,52.97,1,1.7056672760511884,1.102863202545069,250.0,1
42.0,17.0,10.25,6.33,6.0,0.0,1.0,9.0,14.47,1.29,81.53,2,1.594090202177294,1.3980676328502417,10.0,1
26.0,16.0,13.88,8.87,6.0,0.0,18.0,3.0,16.1,0.88,46.72,1,1.5473801560758085,1.151645207439199,180.0,1
44.0,15.0,8.38,8.41,7.0,10.0,21.0,5.0,9.85,0.52,52.7,1,0.9847238542890718,1.1615566037735847,2.0792079207920793,0
36.0,7.0,4.66,4.91,3.0,11.0,29.0,8.0,6.32,1.03,49.1,1,0.9301397205588823,1.327731092436975,2.6126126126126126,0
32.0,12.0,13.57,7.62,4.0,14.0,2.0,9.0,18.42,1.16,91.54,2,1.7577720207253886,1.3474762253108998,0.14184397163120568,1
28.0,15.0,11.93,8.68,4.0,13.0,24.0,3.0,12.02,1.26,63.0,1,1.3587699316628703,0.999168744804655,1.83206106870229,1
28.0,10.0,7.98,4.04,4.0,0.0,27.0,6.0,9.93,1.21,43.89,1,1.9275362318840583,1.2289603960396038,270.0,1
32.0,5.0,13.82,7.6,5.0,0.0,0.0,8.0,18.67,1.23,65.97,1,1.794805194805195,1.341235632183908,0.0,1
25.0,2.0,7.46,6.3,6.0,5.0,22.0,0.0,9.02,0.95,20.47,0,1.1656250000000001,1.193121693121693,4.313725490196079,1
25.0,0.0,7.72,7.4,6.0,2.0,25.0,9.0,11.65,1.12,58.3,1,1.0293333333333332,1.4897698209718673,11.904761904761905,1
39.0,17.0,10.1,7.03,1.0,13.0,23.0,1.0,13.73,0.58,54.23,1,1.4165497896213184,1.3460784313725491,1.7557251908396947,1
39.0,4.0,6.74,8.92,5.0,5.0,8.0,8.0,11.03,0.32,50.12,1,0.7472283813747229,1.6125730994152045,1.5686274509803924,0
40.0,12.0,10.99,5.44,0.0,7.0,7.0,4.0,13.52,1.21,59.12,1,1.983754512635379,1.2191163210099187,0.9859154929577465,1
22.0,9.0,5.53,7.93,6.0,19.0,4.0,3.0,8.14,0.09,27.91,0,0.6886674968866751,1.4458259325044407,0.20942408376963348,0
36.0,4.0,5.08,5.17,3.0,14.0,0.0,6.0,8.58,0.13,65.11,1,0.9639468690702088,1.6563706563706564,0.0,0
36.0,13.0,9.35,6.18,7.0,16.0,14.0,4.0,11.94,0.49,85.69,2,1.4888535031847134,1.2634920634920634,0.8695652173913043,1
31.0,16.0,9.55,8.88,1.0,8.0,16.0,0.0,10.72,0.39,30.68,0,1.0634743875278396,1.110880829015544,1.9753086419753088,1
35.0,0.0,5.07,7.83,1.0,15.0,29.0,8.0,8.99,0.75,67.98,1,0.639344262295082,1.7388781431334623,1.9205298013245033,0
34.0,1.0,13.64,5.58,2.0,0.0,14.0,7.0,17.2,0.74,53.795,1,2.4014084507042255,1.2518195050946141,140.0,2
32.0,6.0,9.73,7.1,6.0,15.0,7.0,2.0,12.42,0.23,77.18,2,1.351388888888889,1.2634791454730416,0.4635761589403974,1
42.0,9.0,5.51,4.25,3.0,18.0,22.0,9.0,7.72,0.49,60.11,1,1.2666666666666668,1.376114081996435,1.2154696132596685,1
32.0,19.0,7.11,5.33,6.0,8.0,20.0,2.0,9.39,0.01,61.62,1,1.3093922651933703,1.302357836338419,2.469135802469136,1
36.0,6.0,12.0,7.59,4.0,16.0,25.0,2.0,15.96,0.7,78.92,2,1.5604681404421328,1.31900826446281,1.5527950310559004,1
22.0,15.0,9.23,6.85,5.0,5.0,2.0,6.0,13.15,1.59,35.39,1,1.3280575539568347,1.4094319399785638,0.3921568627450981,1
34.0,4.0,5.88,6.35,7.0,13.0,8.0,1.0,10.16,0.53,47.55,1,0.9116279069767442,1.6989966555183948,0.6106870229007634,0
23.0,11.0,5.03,7.45,7.0,17.0,19.0,8.0,9.08,1.29,44.02,1,0.666225165562914,1.7699805068226122,1.111111111111111,0
23.0,16.0,8.31,5.99,4.0,13.0,13.0,3.0,12.34,0.2,66.43,1,1.3645320197044337,1.4673008323424495,0.9923664122137404,1
37.0,15.0,7.37,4.13,6.0,6.0,5.0,6.0,9.38,0.02,64.05,1,1.7423167848699765,1.2556894243641232,0.819672131147541,1
36.0,19.0,10.56,6.21,2.0,9.0,26.0,7.0,11.97,1.0,59.98,1,1.6735340729001587,1.122889305816135,2.857142857142857,1
38.0,15.0,13.25,8.51,5.0,15.0,19.0,4.0,17.3,0.92,86.67,2,1.5389082462253194,1.2958801498127341,1.2582781456953642,1
30.0,18.0,6.48,8.28,4.0,6.0,24.0,7.0,7.87,0.38,30.81,0,0.7732696897374703,1.196048632218845,3.934426229508197,0
39.0,14.0,12.55,6.04,7.0,19.0,3.0,5.0,17.48,0.57,97.94,2,2.0439739413680784,1.3818181818181818,0.15706806282722513,2
22.0,11.0,13.2,4.11,0.0,5.0,29.0,9.0,17.7,0.06,97.33,2,3.1353919239904986,1.330827067669173,5.686274509803922,3
27.0,9.0,13.02,7.18,7.0,5.0,23.0,1.0,16.15,1.6,51.98,1,1.7884615384615385,1.2309451219512195,4.509803921568627,1
33.0,1.0,13.52,7.71,4.0,6.0,26.0,2.0,15.93,0.6,50.26,1,1.7311139564660691,1.169603524229075,4.262295081967213,1
20.0,6.0,12.42,5.47,6.0,16.0,11.0,5.0,15.53,0.44,100.0,2,2.2298025134649913,1.2404153354632588,0.6832298136645962,2
33.0,12.0,9.93,6.38,7.0,7.0,27.0,9.0,13.87,1.61,72.19,2,1.5324074074074074,1.382851445663011,3.802816901408451,1
21.0,2.0,8.1,8.96,5.0,1.0,2.0,5.0,12.13,0.08,51.34,1,0.8940397350993377,1.479268292682927,1.8181818181818181,0
42.0,14.0,8.92,6.88,0.0,9.0,23.0,6.0,10.21,0.57,73.42,2,1.2779369627507164,1.131929046563193,2.5274725274725274,1
23.0,0.0,12.73,5.76,2.0,6.0,26.0,3.0,16.95,0.53,70.59,2,2.172354948805461,1.3211223694466094,4.262295081967213,2
43.0,2.0,7.01,7.14,7.0,11.0,14.0,7.0,10.58,0.53,64.48,1,0.9682320441988951,1.488045007032349,1.2612612612612613,0
38.0,9.0,5.59,4.9,2.0,19.0,29.0,7.0,6.75,0.02,76.82,2,1.1179999999999999,1.186291739894552,1.5183246073298429,1
25.0,14.0,5.41,5.0,0.0,2.0,26.0,6.0,7.66,1.87,25.79,0,1.0607843137254902,1.3901996370235936,12.38095238095238,1
44.0,5.0,12.27,8.62,5.0,3.0,20.0,2.0,15.31,1.73,47.0,1,1.4071100917431194,1.2376717865804368,6.451612903225806,1
20.0,19.0,11.61,5.2,5.0,10.0,16.0,2.0,13.36,0.83,57.93,1,2.190566037735849,1.1409052092228864,1.5841584158415842,2
36.0,14.0,8.98,5.55,4.0,11.0,5.0,1.0,10.6,0.89,42.66,1,1.5893805309734514,1.1674008810572687,0.45045045045045046,1
27.0,6.0,6.75,6.72,7.0,18.0,14.0,6.0,7.81,1.05,76.24,2,0.9897360703812318,1.14014598540146,0.7734806629834253,0
38.0,4.0,10.78,8.5,2.0,18.0,10.0,5.0,15.43,0.96,53.795,2,1.2534883720930232,1.4181985294117647,0.5524861878453038,1
40.0,3.0,4.38,7.91,2.0,10.0,17.0,6.0,5.6,1.56,16.83,0,0.5468164794007491,1.25,1.6831683168316833,0
20.0,17.0,9.68,6.46,7.0,12.0,27.0,1.0,12.14,0.98,70.63,2,1.475609756097561,1.241308793456033,2.231404958677686,1
24.0,2.0,7.98,7.47,0.0,0.0,2.0,3.0,9.8,0.38,33.26,0,1.0541611624834877,1.2128712871287128,20.0,1
35.0,16.0,13.78,6.52,2.0,5.0,26.0,0.0,17.74,1.02,57.58,1,2.081570996978852,1.2780979827089336,5.098039215686275,2
25.0,17.0,9.08,6.38,6.0,15.0,16.0,1.0,12.91,1.84,59.9,1,1.4012345679012346,1.406318082788671,1.0596026490066226,1
27.0,17.0,9.52,7.46,4.0,1.0,10.0,6.0,13.74,0.1,49.8,1,1.2592592592592593,1.4282744282744284,9.09090909090909,1
32.0,1.0,11.12,4.98,2.0,13.0,5.0,4.0,14.59,1.8,62.58,1,2.1889763779527556,1.3003565062388593,0.3816793893129771,2
35.0,12.0,8.85,8.91,7.0,17.0,4.0,9.0,12.22,1.38,76.2,2,0.9822419533851277,1.3653631284916203,0.23391812865497075,0
22.0,14.0,6.25,7.23,7.0,16.0,9.0,2.0,12.02,0.81,29.39,0,0.8526603001364257,1.8929133858267717,0.5590062111801242,0
38.0,4.0,9.37,5.83,0.0,19.0,1.0,1.0,12.92,0.37,53.24,1,1.5801011804384486,1.364308342133052,0.05235602094240837,1
31.0,2.0,13.44,7.0,4.0,17.0,14.0,2.0,14.9,0.62,83.31,2,1.8929577464788732,1.100443131462334,0.8187134502923976,1
35.0,4.0,8.1,5.08,3.0,18.0,10.0,5.0,11.84,1.06,53.96,1,1.5637065637065637,1.4439024390243904,0.5524861878453038,1
30.0,4.0,10.8,7.17,0.0,14.0,23.0,9.0,12.22,1.31,73.57,2,1.4855570839064651,1.1211009174311928,1.6312056737588654,1
29.0,4.0,13.78,4.14,7.0,1.0,24.0,9.0,12.02,1.38,85.48,2,3.2500000000000004,0.8659942363112392,21.818181818181817,3
44.0,2.0,12.3,5.71,3.0,3.0,13.0,4.0,15.32,0.89,71.45,2,2.1170395869191054,1.2354838709677418,4.193548387096774,2
39.0,2.0,10.59,7.74,7.0,0.0,13.0,7.0,13.71,0.75,73.47,2,1.350765306122449,1.282507015902713,130.0,1
23.0,19.0,11.36,8.04,4.0,7.0,2.0,8.0,14.7,1.54,58.38,1,1.3955773955773958,1.2827225130890052,0.28169014084507044,1
31.0,17.0,13.36,5.26,4.0,19.0,27.0,1.0,17.46,1.85,89.28,2,2.492537313432836,1.2971768202080238,1.413612565445026,2
42.0,19.0,13.6,6.7,2.0,13.0,21.0,2.0,16.51,1.83,80.15,2,2.0,1.2051094890510952,1.6030534351145038,1
21.0,3.0,13.69,6.64,4.0,10.0,21.0,3.0,16.4,1.1,73.34,2,2.0311572700296736,1.1892675852066714,2.0792079207920793,2
43.0,0.0,10.26,6.11,1.0,13.0,15.0,6.0,12.41,0.16,76.27,2,1.6521739130434783,1.1978764478764479,1.1450381679389314,1
41.0,15.0,7.85,5.14,2.0,15.0,13.0,5.0,9.36,0.15,53.0,1,1.4980916030534353,1.1773584905660377,0.8609271523178809,1
38.0,7.0,5.33,7.52,2.0,9.0,9.0,5.0,7.09,0.81,34.68,0,0.699475065616798,1.3057090239410682,0.989010989010989,0
44.0,10.0,7.86,5.26,2.0,6.0,21.0,9.0,8.86,1.47,66.68,1,1.4664179104477615,1.1130653266331658,3.4426229508196724,1
24.0,7.0,13.43,8.56,5.0,15.0,7.0,6.0,12.02,0.99,74.78,2,1.5508083140877598,0.8883961566888396,0.4635761589403974,1
27.0,6.0,12.9,6.64,0.0,3.0,11.0,0.0,16.96,1.02,21.1,0,1.9139465875370922,1.3046153846153847,3.5483870967741935,1
26.0,7.0,9.24,8.35,5.0,11.0,4.0,5.0,11.11,1.69,70.29,2,1.093491124260355,1.1895074946466808,0.3603603603603604,1
33.0,11.0,9.37,5.45,4.0,11.0,25.0,8.0,10.38,0.08,75.48,2,1.6882882882882881,1.0960929250263993,2.2522522522522523,1
43.0,15.0,7.09,8.04,4.0,1.0,25.0,1.0,10.06,1.85,0.0,0,0.8710073710073711,1.3991655076495133,22.727272727272727,0
42.0,11.0,8.55,4.57,4.0,5.0,12.0,0.0,11.2,0.66,40.14,1,1.8308351177730195,1.2947976878612715,2.3529411764705883,1
22.0,18.0,11.14,7.83,0.0,19.0,23.0,3.0,15.24,0.09,65.47,1,1.4047919293820934,1.3558718861209964,1.2041884816753925,1
37.0,9.0,8.02,5.93,4.0,14.0,11.0,1.0,10.63,1.67,36.68,1,1.3300165837479272,1.309113300492611,0.7801418439716312,1
35.0,6.0,5.88,6.35,5.0,14.0,2.0,5.0,10.34,1.87,32.4,0,0.9116279069767442,1.7290969899665554,0.14184397163120568,0
42.0,10.0,8.99,4.83,6.0,15.0,22.0,2.0,10.79,1.54,86.07,2,1.823529411764706,1.187018701870187,1.456953642384106,1
38.0,19.0,6.25,4.09,5.0,2.0,16.0,8.0,8.71,1.61,61.51,1,1.4916467780429596,1.3716535433070869,7.619047619047619,1
38.0,4.0,13.74,7.33,6.0,0.0,19.0,7.0,18.48,1.74,61.19,1,1.8492597577388965,1.3352601156069364,190.0,1
37.0,15.0,7.9,6.46,2.0,11.0,4.0,6.0,8.95,1.04,76.72,2,1.204268292682927,1.11875,0.3603603603603604,1
39.0,8.0,13.1,7.11,3.0,14.0,22.0,6.0,15.66,1.36,95.54,2,1.8169209431345352,1.1863636363636365,1.5602836879432624,1
35.0,6.0,6.26,5.28,6.0,18.0,29.0,6.0,8.3,0.57,72.84,2,1.1635687732342008,1.3050314465408808,1.6022099447513811,1
27.0,19.0,5.89,5.2,1.0,5.0,5.0,4.0,9.02,0.5,52.85,1,1.1113207547169812,1.5058430717863107,0.9803921568627452,1
20.0,13.0,8.99,8.15,7.0,18.0,12.0,7.0,12.29,1.22,62.71,1,1.0896969696969698,1.352035203520352,0.6629834254143646,1
36.0,10.0,11.79,7.81,4.0,16.0,14.0,3.0,16.27,1.47,67.28,1,1.490518331226296,1.368376787216148,0.8695652173913043,1
31.0,6.0,9.67,5.68,0.0,8.0,12.0,4.0,14.42,0.79,67.28,1,1.6730103806228376,1.4759467758444218,1.4814814814814816,1
40.0,9.0,6.3,7.19,6.0,12.0,14.0,2.0,10.7,0.8,37.33,1,0.8641975308641975,1.671875,1.15702479338843,0
30.0,8.0,4.38,8.14,0.0,14.0,1.0,2.0,6.97,1.91,25.53,0,0.5315533980582524,1.5558035714285716,0.07092198581560284,0
24.0,3.0,10.18,8.44,4.0,15.0,10.0,1.0,15.14,1.04,43.13,1,1.1920374707259953,1.472762645914397,0.6622516556291391,1
31.0,15.0,5.31,4.03,3.0,12.0,15.0,4.0,9.25,1.97,35.97,1,1.2857142857142856,1.7097966728280964,1.2396694214876034,1
36.0,9.0,7.43,8.07,5.0,1.0,17.0,1.0,9.85,1.73,15.1,0,0.9094247246022031,1.308100929614874,15.454545454545453,0
25.0,18.0,10.76,5.75,4.0,1.0,1.0,9.0,12.13,1.28,68.02,1,1.8393162393162394,1.1169429097605894,0.9090909090909091,1
20.0,16.0,4.98,7.59,0.0,10.0,9.0,3.0,8.65,0.02,25.53,0,0.6475942782834851,1.702755905511811,0.8910891089108911,0
24.0,8.0,5.27,5.86,1.0,15.0,12.0,9.0,9.18,0.59,54.83,1,0.884228187919463,1.709497206703911,0.794701986754967,0
44.0,12.0,4.62,7.03,3.0,16.0,27.0,0.0,6.11,0.84,19.49,0,0.6479663394109397,1.294491525423729,1.6770186335403725,0
33.0,0.0,13.96,7.23,7.0,2.0,7.0,1.0,17.16,1.31,78.96,2,1.9045020463847204,1.220483641536273,3.333333333333333,1
24.0,1.0,7.87,6.02,4.0,0.0,6.0,0.0,12.82,0.79,22.82,0,1.2859477124183007,1.6085319949811796,60.0,1
41.0,12.0,13.06,6.56,6.0,17.0,15.0,1.0,15.36,1.66,90.82,2,1.9609609609609613,1.1671732522796352,0.8771929824561403,1
32.0,8.0,6.94,7.63,1.0,13.0,16.0,3.0,9.15,1.33,44.41,1,0.8978007761966366,1.2997159090909092,1.2213740458015268,0
20.0,6.0,11.53,6.38,7.0,8.0,8.0,0.0,16.14,0.69,53.95,1,1.779320987654321,1.3877901977644025,0.9876543209876544,1
37.0,15.0,6.19,4.07,4.0,8.0,26.0,5.0,7.66,1.57,46.32,1,1.484412470023981,1.2178060413354532,3.2098765432098766,1
35.0,18.0,8.98,4.06,3.0,11.0,26.0,0.0,13.71,0.61,45.92,1,2.1586538461538467,1.5099118942731278,2.3423423423423424,2
28.0,6.0,12.25,7.31,0.0,2.0,7.0,2.0,16.37,0.13,49.06,1,1.6531713900134954,1.325506072874494,3.333333333333333,1
38.0,5.0,12.16,8.24,5.0,1.0,28.0,1.0,14.72,0.35,39.52,1,1.4580335731414868,1.200652528548124,25.454545454545453,1
41.0,17.0,11.94,7.93,6.0,0.0,24.0,1.0,13.27,0.01,59.21,1,1.4869240348692403,1.1021594684385383,240.0,1
24.0,18.0,12.24,5.55,5.0,8.0,19.0,3.0,13.32,1.66,49.62,1,2.1663716814159293,1.079416531604538,2.345679012345679,2
21.0,10.0,6.11,6.36,3.0,12.0,4.0,8.0,8.61,1.02,57.9,1,0.9458204334365325,1.3864734299516908,0.3305785123966942,0
34.0,11.0,8.82,5.17,7.0,15.0,26.0,2.0,12.64,1.14,93.19,2,1.6736242884250476,1.4170403587443947,1.7218543046357617,1
26.0,9.0,8.85,8.95,7.0,18.0,4.0,5.0,11.8,1.32,59.54,1,0.9779005524861879,1.3184357541899443,0.22099447513812154,0
23.0,12.0,12.91,5.3,2.0,9.0,26.0,9.0,16.86,1.31,53.795,2,2.390740740740741,1.2959262106072251,2.857142857142857,2
20.0,11.0,6.97,6.08,5.0,4.0,24.0,2.0,10.65,1.13,25.39,0,1.127831715210356,1.5063649222065065,5.853658536585367,1
32.0,9.0,13.31,7.41,4.0,13.0,23.0,9.0,16.6,1.68,98.49,2,1.7723035952063917,1.237882177479493,1.7557251908396947,1
39.0,19.0,8.51,8.38,1.0,14.0,12.0,4.0,13.38,0.88,26.62,0,1.0035377358490565,1.554006968641115,0.851063829787234,1
41.0,10.0,10.7,4.26,1.0,2.0,15.0,8.0,14.61,1.61,46.39,1,2.4541284403669725,1.3527777777777779,7.142857142857142,2
26.0,3.0,6.69,5.51,6.0,8.0,25.0,2.0,11.35,1.57,27.66,0,1.1925133689839573,1.6715758468335786,3.0864197530864197,1
34.0,4.0,8.1,6.84,5.0,0.0,21.0,7.0,10.07,0.4,50.96,1,1.1671469740634006,1.228048780487805,210.0,1
42.0,4.0,11.1,7.09,3.0,0.0,26.0,5.0,14.95,0.91,41.8,1,1.5438108484005564,1.3348214285714286,260.0,1
33.0,11.0,9.13,4.35,6.0,18.0,25.0,7.0,12.52,1.67,82.55,2,2.0516853932584276,1.3564463705308774,1.3812154696132595,2
42.0,2.0,13.31,7.32,3.0,5.0,10.0,1.0,18.01,1.66,52.07,1,1.793800539083558,1.3430275913497391,1.9607843137254903,1
38.0,7.0,11.37,6.64,3.0,10.0,14.0,8.0,14.41,0.05,82.29,2,1.6869436201780417,1.2563208369659984,1.3861386138613863,1
41.0,1.0,9.64,8.14,1.0,17.0,25.0,0.0,11.76,0.45,47.45,1,1.1699029126213594,1.2073921971252566,1.461988304093567,1
43.0,17.0,12.87,5.11,0.0,13.0,16.0,2.0,15.41,0.85,66.69,1,2.470249520153551,1.1881264456437934,1.2213740458015268,2
39.0,8.0,10.66,4.98,1.0,15.0,14.0,3.0,12.54,0.09,64.89,1,2.0984251968503935,1.1654275092936803,0.9271523178807948,2
43.0,12.0,10.47,7.97,0.0,0.0,22.0,5.0,12.35,0.52,47.16,1,1.2973977695167287,1.1684011352885524,220.0,1
37.0,6.0,6.46,7.52,6.0,9.0,24.0,3.0,9.34,0.52,53.58,1,0.8477690288713912,1.423780487804878,2.6373626373626373,0
29.0,9.0,7.95,7.96,6.0,9.0,11.0,1.0,12.52,0.43,25.65,0,0.9863523573200992,1.55527950310559,1.208791208791209,0
28.0,8.0,10.83,7.91,6.0,12.0,3.0,2.0,12.6,1.02,56.67,1,1.352059925093633,1.152790484903934,0.24793388429752067,1
44.0,14.0,12.92,4.52,3.0,0.0,3.0,2.0,15.07,1.63,54.9,1,2.796536796536797,1.1574500768049156,30.0,2
27.0,4.0,7.16,5.39,7.0,2.0,20.0,5.0,11.57,0.49,35.8,1,1.3041894353369765,1.59366391184573,9.523809523809524,1
29.0,11.0,6.15,5.3,2.0,13.0,15.0,4.0,8.51,1.16,53.18,1,1.138888888888889,1.3616,1.1450381679389314,1
36.0,10.0,9.94,8.67,4.0,15.0,14.0,4.0,14.79,1.12,55.61,1,1.1334093500570126,1.4731075697211156,0.9271523178807948,1
21.0,11.0,4.67,6.44,7.0,19.0,7.0,3.0,6.75,1.64,58.73,1,0.7140672782874617,1.4150943396226416,0.36649214659685864,0
25.0,5.0,11.15,4.56,3.0,5.0,26.0,3.0,13.92,0.79,81.75,2,2.3927038626609445,1.2373333333333334,5.098039215686275,2
24.0,18.0,11.03,5.45,1.0,0.0,20.0,8.0,12.41,0.45,40.41,1,1.9873873873873873,1.115004492362983,200.0,1
28.0,18.0,7.55,8.36,3.0,19.0,19.0,6.0,12.52,1.78,72.06,2,0.8924349881796692,1.6366013071895424,0.9947643979057591,0
24.0,15.0,12.93,8.24,1.0,4.0,7.0,7.0,17.49,1.67,49.11,1,1.5503597122302157,1.3422870299309286,1.707317073170732,1
37.0,18.0,9.02,8.5,4.0,7.0,10.0,3.0,13.29,1.24,42.94,1,1.0488372093023255,1.4572368421052633,1.4084507042253522,1
39.0,2.0,10.46,5.94,1.0,11.0,20.0,2.0,12.09,0.19,63.21,1,1.7317880794701987,1.1448863636363635,1.8018018018018018,1
28.0,9.0,6.1,7.21,4.0,0.0,23.0,0.0,10.98,0.03,23.66,0,0.8344733242134063,1.7709677419354841,230.0,0
36.0,17.0,8.17,5.39,7.0,12.0,16.0,8.0,12.89,0.37,80.52,2,1.4881602914389802,1.5586457073760582,1.322314049586777,1
36.0,12.0,12.62,4.9,0.0,8.0,2.0,8.0,15.36,0.39,73.81,2,2.524,1.2075471698113207,0.2469135802469136,2
31.0,17.0,6.13,4.11,1.0,19.0,6.0,5.0,9.86,0.27,58.77,1,1.4560570071258907,1.5826645264847512,0.31413612565445026,1
26.0,2.0,7.91,5.12,0.0,7.0,11.0,3.0,12.88,0.52,56.8,1,1.5153256704980844,1.6079900124843947,1.5492957746478875,1
22.0,2.0,7.18,7.02,2.0,12.0,0.0,3.0,9.82,0.68,45.39,1,1.0084269662921348,1.348901098901099,0.0,1
29.0,11.0,5.51,8.52,5.0,1.0,10.0,0.0,6.96,1.51,0.0,0,0.6392111368909513,1.2406417112299466,9.09090909090909,0
21.0,19.0,6.9,4.67,5.0,14.0,4.0,1.0,11.37,1.42,48.65,1,1.4465408805031448,1.624285714285714,0.28368794326241137,1
44.0,6.0,6.33,8.59,4.0,13.0,14.0,7.0,9.24,0.21,54.23,1,0.7284234752589184,1.43701399688958,1.0687022900763359,0
22.0,7.0,13.24,5.73,7.0,18.0,13.0,5.0,18.19,1.95,100.0,2,2.2710120068610635,1.3635682158920541,0.718232044198895,2
35.0,8.0,11.41,6.13,7.0,8.0,27.0,0.0,14.61,1.5,55.31,1,1.8314606741573036,1.2693310165073848,3.3333333333333335,1
21.0,13.0,7.16,5.82,1.0,18.0,28.0,6.0,8.28,0.33,77.18,2,1.2094594594594594,1.140495867768595,1.5469613259668507,1
43.0,4.0,11.63,6.04,5.0,13.0,16.0,6.0,14.6,0.25,100.0,2,1.8941368078175898,1.2446717817561808,1.2213740458015268,1
29.0,18.0,4.22,5.3,0.0,7.0,14.0,5.0,8.09,0.18,37.99,1,0.7814814814814816,1.8726851851851853,1.971830985915493,0
25.0,15.0,9.27,7.49,5.0,4.0,24.0,7.0,10.37,1.46,54.81,1,1.2213438735177866,1.1067235859124867,5.853658536585367,1
41.0,11.0,6.5,7.79,5.0,9.0,24.0,4.0,9.15,0.47,43.82,1,0.8238276299112801,1.3863636363636365,2.6373626373626373,0
30.0,3.0,5.14,8.12,3.0,3.0,2.0,1.0,6.76,0.15,14.43,0,0.6253041362530414,1.2900763358778626,0.6451612903225806,0
42.0,7.0,12.84,5.71,5.0,7.0,3.0,3.0,16.41,0.84,72.11,2,2.2099827882960414,1.268160741885626,0.4225352112676057,2
26.0,6.0,5.99,7.82,0.0,3.0,29.0,7.0,10.82,1.42,13.28,0,0.7563131313131314,1.7766830870279147,9.35483870967742,0
34.0,14.0,12.22,7.19,5.0,0.0,0.0,7.0,15.72,0.61,54.99,1,1.6762688614540466,1.275974025974026,0.0,1
25.0,5.0,8.13,8.79,1.0,7.0,28.0,4.0,11.91,0.97,29.02,0,0.9145106861642297,1.4471445929526123,3.943661971830986,0
39.0,4.0,4.14,6.12,5.0,6.0,3.0,5.0,6.73,0.39,34.69,0,0.6655948553054662,1.5872641509433967,0.49180327868852464,0
28.0,13.0,11.33,8.96,2.0,10.0,13.0,8.0,14.58,0.86,76.39,2,1.2505518763796908,1.2755905511811023,1.2871287128712872,1
41.0,12.0,9.96,7.7,5.0,15.0,20.0,9.0,13.14,0.72,81.84,2,1.276923076923077,1.3061630218687872,1.3245033112582782,1
39.0,9.0,7.44,7.88,4.0,16.0,6.0,9.0,11.48,0.87,65.34,1,0.9323308270676692,1.5225464190981433,0.37267080745341613,0
31.0,17.0,6.82,4.13,7.0,4.0,20.0,9.0,11.25,0.93,65.16,1,1.6122931442080382,1.6257225433526012,4.878048780487806,1
38.0,3.0,4.74,6.49,3.0,6.0,23.0,1.0,8.39,1.02,22.63,0,0.7192716236722307,1.7334710743801656,3.7704918032786887,0
39.0,7.0,13.41,6.64,6.0,9.0,6.0,4.0,18.33,0.19,76.24,2,1.9896142433234423,1.3567727609178386,0.6593406593406593,1
22.0,10.0,8.94,4.2,4.0,12.0,14.0,8.0,13.25,1.02,66.62,1,2.0790697674418603,1.46570796460177,1.15702479338843,2
34.0,16.0,4.86,5.56,7.0,19.0,27.0,2.0,6.36,0.23,65.86,1,0.8586572438162546,1.282258064516129,1.413612565445026,0
21.0,17.0,12.69,8.78,7.0,14.0,1.0,5.0,15.72,0.51,82.06,2,1.4290540540540542,1.2290852228303364,0.07092198581560284,1
40.0,10.0,6.79,6.13,5.0,5.0,22.0,3.0,11.4,0.05,50.48,1,1.0898876404494382,1.6545718432510887,4.313725490196079,1
21.0,15.0,6.04,4.93,5.0,1.0,2.0,3.0,10.82,0.7,31.27,0,1.2007952286282308,1.7622149837133552,1.8181818181818181,1
41.0,11.0,6.81,6.57,1.0,3.0,17.0,2.0,9.33,0.43,19.42,0,1.0209895052473763,1.3502170767004342,5.483870967741935,1
22.0,12.0,9.65,4.17,6.0,13.0,10.0,9.0,13.55,1.78,76.39,2,2.2599531615925064,1.38974358974359,0.7633587786259542,2
25.0,15.0,4.74,6.58,1.0,14.0,11.0,0.0,7.38,1.72,19.38,0,0.7095808383233534,1.524793388429752,0.7801418439716312,0
34.0,0.0,8.82,6.97,4.0,13.0,13.0,7.0,10.31,0.6,58.91,1,1.2475247524752477,1.1558295964125562,0.9923664122137404,1
29.0,15.0,12.96,5.79,6.0,3.0,8.0,4.0,17.5,0.95,54.58,1,2.2003395585738543,1.339969372128637,2.5806451612903225,2
28.0,14.0,5.88,7.81,7.0,5.0,27.0,1.0,10.61,1.91,31.23,0,0.7433628318584071,1.774247491638796,5.294117647058824,0
20.0,5.0,7.31,4.68,3.0,6.0,9.0,0.0,10.33,1.05,26.23,0,1.5292887029288704,1.3940620782726048,1.4754098360655739,1
35.0,11.0,7.96,8.39,0.0,12.0,12.0,0.0,9.03,1.7,31.17,0,0.9375736160188457,1.1203473945409428,0.9917355371900827,0
25.0,7.0,9.86,8.78,0.0,16.0,23.0,3.0,14.12,1.65,36.36,1,1.1103603603603605,1.4176706827309238,1.4285714285714284,1
28.0,6.0,13.19,4.01,7.0,16.0,23.0,3.0,16.1,1.88,88.91,2,3.209245742092458,1.2114371708051168,1.4285714285714284,3
23.0,1.0,7.95,8.21,0.0,3.0,2.0,5.0,9.25,0.61,17.36,0,0.9566787003610108,1.1490683229813663,0.6451612903225806,0
21.0,11.0,4.69,6.53,4.0,18.0,26.0,6.0,6.45,0.09,66.25,1,0.7073906485671192,1.3465553235908143,1.43646408839779,0
23.0,13.0,7.48,6.31,4.0,19.0,25.0,0.0,9.09,0.21,62.09,1,1.166926677067083,1.1992084432717678,1.3089005235602094,1
20.0,15.0,5.9,5.19,5.0,12.0,8.0,9.0,9.65,1.14,51.31,1,1.11531190926276,1.6083333333333334,0.6611570247933884,1
38.0,10.0,10.52,6.24,3.0,8.0,23.0,1.0,12.72,1.06,33.7,0,1.6593059936908516,1.1977401129943503,2.8395061728395063,1
44.0,19.0,4.29,8.75,0.0,1.0,27.0,2.0,5.8,0.6,0.0,0,0.4847457627118644,1.3211845102505695,24.545454545454543,0
29.0,8.0,6.92,5.05,0.0,19.0,1.0,8.0,11.59,0.5,87.5,2,1.3436893203883495,1.650997150997151,0.05235602094240837,1
40.0,9.0,9.45,4.9,5.0,17.0,22.0,3.0,14.28,1.42,86.65,2,1.89,1.4952879581151834,1.286549707602339,1
34.0,16.0,6.77,5.21,3.0,19.0,7.0,5.0,8.32,0.68,61.35,1,1.2749529190207156,1.2110625909752548,0.36649214659685864,1
41.0,11.0,9.51,6.76,6.0,16.0,27.0,1.0,11.43,1.21,57.64,1,1.3862973760932946,1.1893860561914673,1.6770186335403725,1
38.0,5.0,5.15,8.65,3.0,6.0,6.0,1.0,8.52,1.42,10.3,0,0.5885714285714286,1.6228571428571428,0.9836065573770493,0
35.0,18.0,13.43,6.87,3.0,16.0,8.0,1.0,15.03,0.86,82.33,2,1.9268292682926829,1.1108647450110865,0.49689440993788814,1
40.0,10.0,6.91,5.22,7.0,9.0,12.0,4.0,8.54,0.39,58.22,1,1.298872180451128,1.2182596291012837,1.3186813186813187,1
43.0,8.0,13.23,6.2,1.0,13.0,6.0,8.0,15.58,1.72,81.11,2,2.1,1.1687921980495124,0.4580152671755725,2
41.0,5.0,7.26,5.95,3.0,11.0,27.0,5.0,12.06,0.19,59.3,1,1.2,1.6385869565217392,2.4324324324324325,1
23.0,15.0,11.82,4.23,2.0,11.0,6.0,8.0,16.67,1.66,85.52,1,2.7297921478060045,1.3984899328859062,0.5405405405405406,2
21.0,19.0,6.46,6.55,4.0,16.0,0.0,5.0,10.83,1.67,54.76,1,0.9714285714285715,1.6509146341463417,0.0,0
44.0,15.0,10.7,4.63,3.0,18.0,1.0,8.0,14.48,1.14,100.0,2,2.2621564482029597,1.340740740740741,0.055248618784530384,2
32.0,5.0,7.24,8.21,1.0,13.0,29.0,4.0,11.12,1.26,48.18,1,0.8712394705174489,1.5149863760217983,2.213740458015267,0
20.0,4.0,9.09,6.74,7.0,16.0,20.0,0.0,11.97,0.72,64.38,1,1.3289473684210527,1.3025027203482047,1.2422360248447204,1
36.0,3.0,10.74,8.22,7.0,14.0,28.0,5.0,13.86,1.68,72.38,2,1.2908653846153846,1.2785977859778597,1.9858156028368794,1
32.0,1.0,9.89,8.78,6.0,5.0,28.0,3.0,13.43,0.53,41.12,1,1.113738738738739,1.3443443443443444,5.490196078431373,1
23.0,5.0,9.76,8.72,2.0,18.0,26.0,8.0,13.69,1.12,73.64,2,1.1065759637188208,1.3884381338742393,1.43646408839779,1
26.0,8.0,4.66,4.5,1.0,19.0,29.0,5.0,6.05,0.0,67.89,1,1.0130434782608697,1.2710084033613445,1.5183246073298429,1
36.0,16.0,6.49,8.72,1.0,5.0,16.0,0.0,8.39,1.88,5.11,0,0.735827664399093,1.2731411229135055,3.1372549019607847,0
28.0,10.0,9.72,7.98,5.0,5.0,27.0,5.0,14.57,1.9,36.75,1,1.202970297029703,1.4837067209775967,5.294117647058824,1
23.0,6.0,4.18,7.89,1.0,3.0,9.0,2.0,6.52,1.42,0.0,0,0.523153942428035,1.5233644859813085,2.903225806451613,0
38.0,18.0,6.51,4.45,1.0,0.0,14.0,2.0,8.58,0.85,12.23,0,1.4307692307692308,1.29803328290469,140.0,1
20.0,0.0,6.29,4.9,4.0,18.0,15.0,6.0,12.02,0.36,75.54,2,1.258,1.8810641627543037,0.8287292817679557,1
29.0,19.0,6.5,8.88,4.0,10.0,22.0,1.0,8.66,0.98,6.48,0,0.7238307349665924,1.3121212121212122,2.1782178217821784,0
23.0,14.0,9.36,5.07,5.0,6.0,20.0,5.0,10.72,1.58,51.07,1,1.8104448742746615,1.1331923890063427,3.278688524590164,1
28.0,17.0,9.82,4.85,5.0,1.0,12.0,8.0,11.65,1.21,53.5,1,1.9838383838383842,1.1743951612903227,10.909090909090908,1
32.0,2.0,13.09,5.81,0.0,3.0,20.0,5.0,16.65,1.05,68.5,1,2.214890016920474,1.262319939347991,6.451612903225806,2
33.0,17.0,7.86,8.57,2.0,5.0,7.0,8.0,9.75,1.7,31.85,0,0.9065743944636678,1.2248743718592965,1.3725490196078431,0
29.0,1.0,13.27,6.38,0.0,4.0,8.0,5.0,16.86,0.63,52.41,1,2.0478395061728394,1.2610321615557218,1.9512195121951221,2
25.0,9.0,10.52,8.6,5.0,8.0,25.0,8.0,11.92,1.72,63.15,1,1.2091954022988507,1.1224105461393599,3.0864197530864197,1
35.0,10.0,13.13,5.67,2.0,10.0,0.0,9.0,14.3,0.88,93.63,2,2.275563258232236,1.0808767951625096,0.0,2
25.0,2.0,12.33,5.13,5.0,17.0,25.0,1.0,16.78,0.0,96.0,2,2.3575525812619507,1.349959774738536,1.461988304093567,2
36.0,6.0,10.88,6.48,3.0,19.0,3.0,4.0,14.92,1.46,90.81,2,1.6534954407294833,1.3588342440801457,0.15706806282722513,1
29.0,7.0,7.56,7.08,2.0,16.0,14.0,5.0,11.22,1.76,63.99,1,1.052924791086351,1.4647519582245434,0.8695652173913043,1
37.0,18.0,6.41,5.96,5.0,12.0,17.0,5.0,7.53,0.97,57.91,1,1.057755775577558,1.1566820276497696,1.4049586776859504,1
41.0,17.0,6.22,5.73,0.0,16.0,29.0,3.0,8.18,0.91,43.79,1,1.0668953687821612,1.2943037974683544,1.8012422360248446,1
37.0,12.0,13.52,5.09,5.0,9.0,24.0,3.0,17.77,1.61,80.5,1,2.605009633911368,1.3046989720998532,2.6373626373626373,2
22.0,12.0,13.59,5.38,0.0,17.0,24.0,4.0,15.17,1.77,79.48,2,2.47992700729927,1.1081081081081081,1.4035087719298245,2
39.0,18.0,11.25,7.37,2.0,16.0,0.0,5.0,15.5,1.95,76.93,2,1.5060240963855422,1.3656387665198237,0.0,1
40.0,11.0,12.84,5.85,0.0,11.0,2.0,7.0,16.18,0.69,75.38,2,2.1579831932773113,1.250386398763524,0.1801801801801802,2
44.0,16.0,13.19,4.4,2.0,14.0,9.0,9.0,17.15,1.19,93.83,2,2.931111111111111,1.2904439428141459,0.6382978723404256,2
34.0,11.0,9.12,4.69,1.0,18.0,23.0,0.0,12.7,1.65,66.09,1,1.9039665970772441,1.3774403470715837,1.2707182320441988,1
34.0,12.0,10.29,5.86,4.0,14.0,1.0,7.0,12.96,1.06,65.3,1,1.7265100671140938,1.2473532242540908,0.07092198581560284,1
23.0,11.0,8.19,8.62,6.0,12.0,17.0,1.0,10.36,0.92,34.89,0,0.9392201834862386,1.2496984318455973,1.4049586776859504,0
28.0,18.0,8.18,5.9,2.0,6.0,1.0,6.0,11.87,1.14,51.61,1,1.3633333333333333,1.433574879227053,0.1639344262295082,1
38.0,13.0,4.38,4.3,6.0,10.0,12.0,3.0,8.61,0.71,41.29,1,0.9954545454545456,1.921875,1.188118811881188,0
43.0,6.0,8.34,6.09,7.0,7.0,20.0,7.0,9.52,0.38,63.16,1,1.347334410339257,1.127962085308057,2.8169014084507045,1
36.0,12.0,10.73,7.34,6.0,19.0,29.0,5.0,13.25,0.13,78.13,2,1.442204301075269,1.2234533702677748,1.5183246073298429,1
30.0,10.0,8.22,6.97,1.0,15.0,8.0,4.0,10.62,1.22,41.41,1,1.1626591230551628,1.2764423076923075,0.5298013245033113,1
44.0,18.0,12.72,5.39,1.0,10.0,22.0,9.0,15.96,0.76,85.42,2,2.316939890710383,1.2449297971918878,2.1782178217821784,2
28.0,18.0,7.33,7.44,1.0,4.0,28.0,9.0,8.79,1.77,20.02,0,0.9721485411140584,1.1830417227456258,6.829268292682928,0
29.0,3.0,5.33,7.15,6.0,6.0,22.0,4.0,10.06,0.45,31.71,0,0.7351724137931035,1.8526703499079191,3.6065573770491803,0
32.0,18.0,12.12,4.86,1.0,15.0,1.0,3.0,15.31,0.62,90.42,2,2.443548387096774,1.2528641571194765,0.06622516556291391,2
39.0,8.0,10.74,4.81,2.0,15.0,1.0,2.0,15.44,1.94,75.24,2,2.187372708757638,1.4243542435424354,0.06622516556291391,2
32.0,15.0,6.42,6.74,6.0,19.0,4.0,2.0,10.69,1.11,60.92,1,0.9385964912280702,1.6395705521472392,0.20942408376963348,0
27.0,3.0,8.99,7.3,6.0,16.0,27.0,2.0,11.13,0.69,66.07,1,1.214864864864865,1.2244224422442245,1.6770186335403725,1
26.0,5.0,8.02,8.81,7.0,18.0,13.0,6.0,9.55,1.72,63.43,1,0.9001122334455667,1.1761083743842367,0.718232044198895,0
36.0,7.0,13.39,6.11,0.0,14.0,22.0,7.0,17.84,1.49,84.62,2,2.1561996779388086,1.3224610822831726,1.5602836879432624,2
40.0,15.0,10.07,7.82,4.0,14.0,22.0,7.0,13.21,1.15,55.83,1,1.2714646464646464,1.2989183874139627,1.5602836879432624,1
42.0,4.0,5.58,4.58,3.0,19.0,24.0,1.0,6.66,1.78,42.03,1,1.1923076923076923,1.1725352112676057,1.256544502617801,1
34.0,9.0,9.02,8.45,1.0,14.0,2.0,2.0,13.76,0.19,31.29,0,1.0549707602339182,1.5087719298245614,0.14184397163120568,1
39.0,12.0,12.63,7.17,7.0,2.0,13.0,1.0,15.52,0.79,59.94,1,1.737276478679505,1.2191673212882952,6.19047619047619,1
34.0,13.0,10.71,7.15,0.0,11.0,0.0,5.0,12.02,1.62,52.81,1,1.477241379310345,1.1119333950046253,0.0,1
20.0,6.0,12.42,4.71,0.0,5.0,8.0,2.0,12.02,0.77,73.45,2,2.582120582120582,0.9600638977635783,1.5686274509803924,2
44.0,19.0,6.5,4.2,4.0,19.0,15.0,5.0,10.79,1.85,53.795,1,1.5116279069767442,1.6348484848484848,0.7853403141361256,1
33.0,5.0,12.88,7.51,4.0,4.0,16.0,3.0,14.32,0.31,57.73,1,1.692509855453351,1.103235747303544,3.9024390243902443,1
24.0,6.0,11.56,4.59,6.0,10.0,7.0,9.0,14.0,0.67,100.0,2,2.4648187633262264,1.2006861063464838,0.6930693069306931,2
30.0,4.0,11.29,4.63,1.0,11.0,29.0,9.0,13.57,0.85,88.46,2,2.386892177589852,1.1913959613696226,2.6126126126126126,2
35.0,17.0,7.47,4.94,1.0,6.0,14.0,5.0,11.83,1.37,39.01,1,1.482142857142857,1.5627476882430649,2.295081967213115,1
21.0,11.0,12.88,4.49,5.0,8.0,29.0,2.0,16.99,0.39,92.47,2,2.806100217864924,1.3089368258859784,3.5802469135802473,2
27.0,5.0,10.38,7.13,6.0,17.0,20.0,4.0,12.98,0.02,72.91,2,1.4356846473029048,1.2385496183206106,1.1695906432748537,1
30.0,0.0,12.52,6.11,5.0,13.0,7.0,7.0,16.18,1.95,91.14,2,2.0161030595813205,1.2820919175911252,0.5343511450381679,2
37.0,3.0,7.61,5.33,4.0,3.0,6.0,2.0,10.19,1.8,23.81,0,1.401473296500921,1.3216601815823605,1.9354838709677418,1
22.0,18.0,5.46,6.2,1.0,7.0,8.0,8.0,8.75,0.6,38.25,1,0.8666666666666667,1.5737410071942448,1.1267605633802817,0
20.0,11.0,7.32,8.22,5.0,15.0,1.0,8.0,12.28,0.97,65.2,1,0.8798076923076923,1.6549865229110512,0.06622516556291391,0
30.0,14.0,8.55,8.64,3.0,3.0,24.0,6.0,11.69,0.98,53.795,0,0.9782608695652174,1.3514450867052021,7.741935483870967,0
35.0,2.0,9.33,6.44,2.0,18.0,9.0,7.0,14.28,1.74,71.69,2,1.426605504587156,1.5143160127253446,0.49723756906077343,1
37.0,19.0,9.11,6.83,4.0,5.0,4.0,8.0,13.1,1.19,40.46,1,1.3145743145743145,1.4223669923995659,0.7843137254901962,1
35.0,7.0,9.46,5.29,4.0,18.0,15.0,0.0,10.94,1.65,69.95,1,1.7551020408163267,1.1443514644351462,0.8287292817679557,1
42.0,10.0,12.42,6.57,0.0,14.0,20.0,6.0,16.6,1.82,58.82,1,1.8620689655172413,1.3258785942492015,1.4184397163120568,1
29.0,15.0,5.7,7.74,1.0,11.0,0.0,9.0,7.35,1.13,55.75,1,0.7270408163265306,1.2672413793103448,0.0,0
37.0,8.0,8.99,6.46,4.0,11.0,5.0,2.0,10.29,0.57,42.16,1,1.3704268292682928,1.1320132013201318,0.45045045045045046,1
25.0,2.0,12.89,5.51,4.0,1.0,9.0,5.0,16.34,1.0,70.73,2,2.2976827094474155,1.2578906851424172,8.181818181818182,2
38.0,4.0,9.6,6.91,7.0,8.0,9.0,8.0,14.17,1.7,44.04,1,1.369472182596291,1.4608247422680414,1.1111111111111112,1
23.0,19.0,9.83,8.73,5.0,2.0,25.0,9.0,11.67,1.17,49.04,1,1.1132502831257078,1.1752265861027191,11.904761904761905,1
32.0,13.0,8.78,8.44,3.0,0.0,25.0,7.0,13.28,1.79,28.07,0,1.0281030444964872,1.4954954954954955,250.0,1
43.0,14.0,9.49,7.85,6.0,13.0,18.0,1.0,14.23,1.79,40.16,1,1.1937106918238996,1.483837330552659,1.3740458015267176,1
33.0,5.0,5.98,5.38,1.0,12.0,12.0,3.0,7.34,0.75,47.37,1,1.091240875912409,1.207236842105263,0.9917355371900827,1
22.0,3.0,9.47,5.21,7.0,4.0,25.0,4.0,14.01,0.9,50.42,1,1.7834274952919023,1.463949843260188,6.097560975609756,1
29.0,7.0,13.97,8.19,2.0,6.0,18.0,9.0,16.01,1.36,65.39,1,1.685162846803378,1.1378820184790335,2.9508196721311477,1
25.0,18.0,9.66,4.91,3.0,13.0,2.0,5.0,10.98,0.22,71.32,2,1.9281437125748504,1.125,0.15267175572519084,1
20.0,4.0,4.44,7.03,2.0,15.0,12.0,6.0,9.27,0.93,50.02,1,0.6227208976157084,2.041850220264317,0.794701986754967,0
42.0,12.0,11.96,6.19,0.0,17.0,3.0,3.0,14.53,0.3,78.98,2,1.9014308426073132,1.204809286898839,0.17543859649122806,1
43.0,15.0,7.96,6.34,4.0,13.0,24.0,3.0,11.45,1.7,52.45,1,1.236024844720497,1.4205955334987592,1.83206106870229,1
33.0,0.0,5.54,6.27,5.0,0.0,28.0,4.0,8.75,1.89,21.98,0,0.8697017268445841,1.5514184397163122,280.0,0
27.0,12.0,12.63,8.5,3.0,5.0,7.0,8.0,14.48,0.28,65.82,1,1.4686046511627908,1.1374705420267086,1.3725490196078431,1
38.0,10.0,5.98,4.44,7.0,9.0,11.0,8.0,9.66,1.33,70.81,2,1.3171806167400881,1.5888157894736843,1.208791208791209,1
33.0,7.0,13.21,7.91,2.0,5.0,21.0,0.0,14.39,1.27,45.44,1,1.649188514357054,1.0811419984973705,4.11764705882353,1
29.0,7.0,8.42,8.18,1.0,1.0,23.0,4.0,10.23,1.52,25.29,0,1.0169082125603865,1.2007042253521127,20.909090909090907,1
36.0,13.0,11.43,8.71,0.0,6.0,23.0,4.0,16.21,1.39,32.36,0,1.2973893303064699,1.405897658282741,3.7704918032786887,1
28.0,12.0,9.47,6.26,7.0,16.0,16.0,6.0,14.28,0.43,85.03,2,1.488993710691824,1.4921630094043885,0.9937888198757763,1
25.0,2.0,6.57,6.5,6.0,13.0,24.0,7.0,9.5,0.58,71.48,2,0.9954545454545456,1.424287856071964,1.83206106870229,0
30.0,3.0,10.71,8.81,0.0,6.0,0.0,2.0,12.39,0.33,51.09,1,1.202020202020202,1.1461609620721553,0.0,1
44.0,19.0,13.58,6.29,4.0,8.0,26.0,0.0,16.27,1.84,67.0,1,2.1251956181533647,1.189327485380117,3.2098765432098766,2
26.0,14.0,11.7,6.52,4.0,18.0,1.0,1.0,16.21,1.04,84.09,2,1.7673716012084593,1.3737288135593222,0.055248618784530384,1
36.0,14.0,10.04,5.66,2.0,10.0,8.0,5.0,11.32,1.95,42.8,1,1.7430555555555556,1.1163708086785011,0.7920792079207921,1
20.0,12.0,13.91,4.16,2.0,2.0,22.0,5.0,15.42,0.9,68.74,1,3.2652582159624415,1.100642398286938,10.476190476190476,3
41.0,8.0,6.65,6.17,0.0,3.0,25.0,4.0,11.23,1.11,26.61,0,1.0606060606060608,1.6637037037037037,8.064516129032258,1
24.0,9.0,4.62,7.28,2.0,4.0,0.0,4.0,7.28,1.58,0.0,0,0.6260162601626017,1.5423728813559323,0.0,0
28.0,11.0,4.32,7.45,4.0,3.0,18.0,8.0,5.65,1.59,25.84,0,0.5721854304635762,1.2782805429864255,5.806451612903226,0
37.0,13.0,11.11,4.03,0.0,12.0,29.0,6.0,12.67,0.46,75.85,2,2.6900726392251815,1.1302408563782338,2.396694214876033,2
43.0,0.0,12.3,8.01,0.0,8.0,16.0,5.0,16.83,0.58,54.76,1,1.5166461159062887,1.357258064516129,1.9753086419753088,1
40.0,13.0,10.35,6.46,6.0,13.0,4.0,6.0,13.31,0.2,81.56,2,1.5777439024390245,1.273684210526316,0.3053435114503817,1
21.0,13.0,13.05,6.6,1.0,15.0,14.0,2.0,14.7,1.61,72.33,2,1.9477611940298512,1.11787072243346,0.9271523178807948,1
30.0,7.0,10.98,8.81,1.0,5.0,19.0,6.0,15.56,1.59,49.02,1,1.2323232323232323,1.404332129963899,3.7254901960784315,1
25.0,15.0,7.71,5.42,2.0,9.0,23.0,2.0,12.09,0.16,33.3,0,1.3967391304347827,1.5480153649167734,2.5274725274725274,1
27.0,13.0,5.81,7.81,7.0,12.0,24.0,7.0,6.9,0.51,63.71,1,0.7345132743362832,1.1675126903553301,1.9834710743801653,0
23.0,0.0,13.25,6.87,2.0,2.0,11.0,9.0,16.57,0.9,75.6,2,1.9010043041606888,1.2411985018726592,5.238095238095238,1
37.0,15.0,5.04,7.5,7.0,10.0,3.0,9.0,7.02,1.08,48.31,1,0.6631578947368422,1.3657587548638133,0.297029702970297,0
30.0,17.0,9.43,6.09,4.0,2.0,14.0,8.0,12.56,1.05,63.07,1,1.5234248788368336,1.31794333683106,6.666666666666666,1
24.0,6.0,7.14,5.4,7.0,6.0,2.0,2.0,9.26,1.97,19.57,0,1.298181818181818,1.2790055248618786,0.3278688524590164,1
34.0,14.0,6.71,6.73,4.0,9.0,13.0,6.0,8.97,1.53,44.63,1,0.9824304538799414,1.3171806167400884,1.4285714285714286,0
37.0,16.0,10.46,5.87,1.0,0.0,3.0,7.0,13.87,0.23,45.1,1,1.7520938023450587,1.3134469696969695,30.0,1
21.0,18.0,6.31,5.11,0.0,3.0,18.0,2.0,9.47,0.59,9.71,0,1.2111324376199615,1.4773790951638068,5.806451612903226,1
41.0,12.0,8.99,8.2,3.0,7.0,5.0,5.0,15.74,0.69,49.71,1,1.0831325301204822,1.7315731573157316,0.7042253521126761,1
30.0,8.0,8.06,6.38,5.0,19.0,16.0,6.0,9.49,0.63,83.95,2,1.2438271604938274,1.1629901960784315,0.8376963350785339,1
44.0,14.0,10.77,8.24,5.0,16.0,17.0,3.0,15.65,1.57,69.15,1,1.29136690647482,1.439742410303588,1.0559006211180124,1
32.0,2.0,11.28,6.46,6.0,4.0,7.0,5.0,12.98,0.72,74.31,2,1.7195121951219512,1.140597539543058,1.707317073170732,1
23.0,0.0,10.83,6.78,4.0,16.0,18.0,6.0,14.36,0.98,84.78,2,1.5741279069767442,1.313815187557182,1.1180124223602483,1
41.0,15.0,13.03,8.98,7.0,8.0,19.0,6.0,14.36,1.07,53.795,1,1.435022026431718,1.0936785986290938,2.345679012345679,1
26.0,7.0,6.31,8.76,6.0,7.0,11.0,0.0,10.06,0.54,46.94,1,0.7121896162528216,1.5694227769110767,1.5492957746478875,0
30.0,12.0,4.86,5.36,2.0,6.0,16.0,1.0,6.24,0.65,28.76,0,0.8901098901098902,1.2580645161290323,2.6229508196721314,0
41.0,7.0,4.55,8.34,5.0,4.0,18.0,0.0,6.47,1.56,53.795,0,0.5390995260663507,1.3913978494623658,4.390243902439025,0
43.0,16.0,12.78,5.95,6.0,3.0,0.0,8.0,16.37,1.73,72.15,2,2.112396694214876,1.2709627329192548,0.0,2
23.0,13.0,13.73,4.36,5.0,9.0,10.0,6.0,15.86,0.07,85.13,2,3.07847533632287,1.1467823571945046,1.098901098901099,3
34.0,10.0,7.03,6.88,3.0,7.0,9.0,6.0,10.16,1.21,36.95,1,1.007163323782235,1.4249649368863955,1.267605633802817,1
20.0,14.0,10.94,8.89,6.0,4.0,15.0,2.0,12.44,1.27,59.33,1,1.2169076751946606,1.1268115942028987,3.658536585365854,1
42.0,15.0,8.99,8.87,3.0,4.0,4.0,4.0,5.9,1.47,0.72,0,1.0022296544035676,0.6490649064906491,0.9756097560975611,1
22.0,18.0,5.89,4.63,1.0,16.0,16.0,1.0,9.83,1.39,37.12,1,1.2452431289640593,1.641068447412354,0.9937888198757763,1
33.0,5.0,10.89,7.86,0.0,14.0,27.0,4.0,12.02,1.75,61.67,1,1.3680904522613067,1.0937215650591445,1.9148936170212767,1
25.0,0.0,4.66,8.01,4.0,7.0,8.0,7.0,6.11,0.16,34.66,0,0.5745992601726264,1.2836134453781514,1.1267605633802817,0
37.0,11.0,8.69,5.84,7.0,6.0,22.0,9.0,10.55,0.78,66.97,1,1.462962962962963,1.200227531285552,3.6065573770491803,1
44.0,17.0,10.63,7.29,1.0,16.0,26.0,2.0,11.71,1.56,77.85,2,1.4384303112313939,1.0913327120223673,1.6149068322981366,1
20.0,15.0,11.66,6.44,5.0,11.0,7.0,3.0,13.04,1.02,80.45,2,1.7828746177370032,1.1088435374149659,0.6306306306306306,1
25.0,11.0,8.54,5.14,4.0,3.0,24.0,7.0,10.67,0.53,40.39,1,1.6297709923664123,1.234953703703704,7.741935483870967,1
25.0,19.0,10.3,7.81,1.0,19.0,9.0,1.0,11.67,1.02,53.795,2,1.3021491782553731,1.1221153846153846,0.47120418848167533,1
40.0,12.0,9.4,5.31,1.0,17.0,7.0,0.0,13.86,0.36,58.17,1,1.7375231053604439,1.4589473684210525,0.4093567251461988,1
35.0,7.0,4.52,5.7,3.0,3.0,2.0,2.0,5.78,1.7,20.65,0,0.7793103448275862,1.2510822510822512,0.6451612903225806,0
24.0,0.0,11.43,4.95,4.0,9.0,22.0,1.0,15.87,1.46,78.87,2,2.2633663366336636,1.3764093668690374,2.417582417582418,2
36.0,6.0,5.72,7.6,4.0,2.0,22.0,9.0,10.01,0.44,37.1,1,0.7428571428571429,1.7199312714776633,10.476190476190476,0
29.0,14.0,4.32,6.29,3.0,4.0,29.0,1.0,5.72,1.25,30.0,0,0.6760563380281691,1.2941176470588236,7.073170731707318,0
40.0,12.0,8.51,6.22,2.0,11.0,22.0,3.0,9.61,1.02,56.11,1,1.3465189873417722,1.116144018583043,1.981981981981982,1
37.0,12.0,12.66,7.02,4.0,4.0,11.0,5.0,13.86,0.52,69.91,1,1.7780898876404496,1.0862068965517242,2.682926829268293,1
26.0,8.0,5.51,4.79,7.0,4.0,23.0,9.0,8.87,1.79,58.53,1,1.1267893660531698,1.5811051693404634,5.609756097560976,1
22.0,14.0,4.13,8.49,6.0,3.0,3.0,9.0,7.81,0.3,17.81,0,0.4807916181606519,1.8463356973995273,0.9677419354838709,0
32.0,3.0,5.1,6.33,1.0,5.0,26.0,4.0,8.58,0.93,17.49,0,0.7931570762052877,1.6500000000000001,5.098039215686275,0
34.0,12.0,7.64,5.83,5.0,9.0,21.0,3.0,10.81,1.17,35.32,1,1.2883642495784149,1.3966408268733852,2.307692307692308,1
39.0,11.0,9.8,4.63,2.0,5.0,17.0,7.0,11.5,1.65,55.45,1,2.071881606765328,1.1616161616161615,3.3333333333333335,2
38.0,4.0,5.93,4.84,3.0,9.0,22.0,4.0,12.02,0.3,31.29,0,1.2004048582995952,1.9933665008291874,2.417582417582418,1
22.0,6.0,12.02,8.6,1.0,15.0,14.0,1.0,14.33,1.22,53.13,1,1.3816091954022989,1.1823432343234324,0.9271523178807948,1
23.0,7.0,11.53,6.28,5.0,10.0,20.0,3.0,16.47,0.01,70.04,2,1.8072100313479622,1.416165090283749,1.9801980198019802,1
24.0,4.0,10.96,7.61,3.0,5.0,3.0,6.0,13.5,1.65,36.55,1,1.4215304798962387,1.2206148282097649,0.5882352941176471,1
20.0,8.0,8.87,4.4,3.0,19.0,1.0,3.0,10.92,0.47,72.15,2,1.971111111111111,1.2173913043478262,0.05235602094240837,1
32.0,13.0,7.65,7.22,6.0,17.0,6.0,5.0,12.23,1.44,79.85,2,1.0450819672131149,1.5780645161290323,0.3508771929824561,1
31.0,11.0,7.76,8.61,5.0,5.0,17.0,1.0,11.03,1.2,15.79,0,0.8909299655568313,1.4033078880407124,3.3333333333333335,0
43.0,3.0,9.03,5.5,3.0,16.0,1.0,8.0,12.92,0.1,81.2,2,1.6125,1.4151150054764514,0.06211180124223602,1
29.0,19.0,4.77,6.9,4.0,11.0,24.0,3.0,7.4,0.37,53.795,1,0.6814285714285714,1.5195071868583165,2.1621621621621623,0
42.0,7.0,10.82,8.7,6.0,16.0,1.0,0.0,15.37,0.54,64.31,1,1.2295454545454547,1.4075091575091574,0.06211180124223602,1
44.0,16.0,7.52,7.6,2.0,17.0,9.0,2.0,12.19,1.77,40.98,1,0.9766233766233766,1.5997375328083991,0.5263157894736842,0
40.0,7.0,6.25,4.31,6.0,9.0,2.0,6.0,9.0,0.96,43.25,1,1.4172335600907031,1.4173228346456694,0.21978021978021978,1
39.0,0.0,6.78,5.89,2.0,19.0,18.0,9.0,8.74,1.83,75.6,2,1.1318864774624375,1.2703488372093024,0.9424083769633507,1
43.0,19.0,5.8,4.43,0.0,11.0,1.0,8.0,9.39,0.09,76.04,2,1.2803532008830023,1.591525423728814,0.0900900900900901,1
44.0,1.0,13.02,8.31,6.0,3.0,25.0,5.0,17.84,0.01,83.17,2,1.5481569560047561,1.3597560975609757,8.064516129032258,1
32.0,3.0,8.99,7.11,6.0,9.0,2.0,3.0,9.18,1.02,22.34,0,1.2468793342579751,1.00990099009901,0.21978021978021978,1
42.0,0.0,12.83,8.78,7.0,4.0,8.0,1.0,17.65,1.45,50.8,1,1.4448198198198199,1.3650425367362722,1.9512195121951221,1
33.0,6.0,9.72,4.1,1.0,3.0,10.0,8.0,12.1,1.57,81.65,2,2.314285714285715,1.2321792260692463,3.225806451612903,2
42.0,0.0,12.67,6.12,6.0,15.0,10.0,7.0,17.33,1.83,92.68,2,2.036977491961415,1.3570869224745497,0.6622516556291391,2
24.0,8.0,8.74,4.52,3.0,4.0,26.0,6.0,10.19,1.97,50.32,1,1.8917748917748922,1.1527149321266967,6.341463414634147,1
23.0,2.0,13.28,5.75,7.0,18.0,2.0,1.0,15.72,0.2,80.46,2,2.27008547008547,1.1748878923766817,0.11049723756906077,2
33.0,11.0,6.11,4.81,1.0,5.0,4.0,1.0,9.09,0.32,35.13,1,1.2443991853360492,1.463768115942029,0.7843137254901962,1
29.0,18.0,9.55,5.64,7.0,6.0,11.0,7.0,13.16,0.38,73.07,2,1.6637630662020908,1.3637305699481865,1.8032786885245902,1
36.0,14.0,5.26,8.1,7.0,9.0,14.0,8.0,7.44,1.64,32.78,0,0.6414634146341464,1.3880597014925375,1.5384615384615385,0
29.0,15.0,8.47,4.8,2.0,6.0,22.0,8.0,13.17,0.71,66.53,1,1.7285714285714289,1.5367561260210034,3.6065573770491803,1
26.0,9.0,9.7,6.37,2.0,13.0,16.0,7.0,14.31,1.19,77.85,2,1.499227202472952,1.4602040816326534,1.2213740458015268,1
35.0,5.0,10.06,8.61,3.0,9.0,15.0,0.0,14.26,1.71,24.37,0,1.1549942594718716,1.4035433070866141,1.6483516483516485,1
20.0,16.0,7.66,8.99,4.0,19.0,29.0,4.0,9.12,1.37,36.88,1,0.8426842684268427,1.1752577319587627,1.5183246073298429,0
32.0,16.0,4.76,5.25,5.0,10.0,16.0,6.0,6.07,0.13,51.54,1,0.8897196261682243,1.248971193415638,1.5841584158415842,0
40.0,18.0,10.55,8.68,3.0,13.0,14.0,9.0,13.54,0.89,79.51,2,1.201594533029613,1.2713615023474176,1.0687022900763359,1
28.0,17.0,8.88,5.31,3.0,11.0,25.0,5.0,12.94,0.14,68.13,1,1.6414048059149726,1.44097995545657,2.2522522522522523,1
25.0,10.0,5.37,6.07,0.0,3.0,12.0,0.0,6.86,0.96,15.35,0,0.8703403565640194,1.2541133455210238,3.8709677419354835,0
38.0,6.0,13.36,8.39,5.0,12.0,1.0,9.0,16.93,1.02,74.92,2,1.5736160188457007,1.2578008915304606,0.08264462809917356,1
32.0,9.0,13.56,7.93,7.0,2.0,16.0,5.0,16.67,0.0,58.93,1,1.688667496886675,1.2203513909224013,7.619047619047619,1
22.0,6.0,12.57,8.29,7.0,12.0,0.0,3.0,16.47,1.63,70.76,2,1.4982121573301552,1.2999210734017363,0.0,1
26.0,4.0,12.44,8.0,6.0,19.0,29.0,2.0,15.18,1.94,60.93,1,1.5358024691358025,1.2105263157894737,1.5183246073298429,1
41.0,11.0,4.99,5.18,7.0,18.0,29.0,3.0,8.76,1.93,46.0,1,0.9450757575757577,1.7210216110019647,1.6022099447513811,0
32.0,15.0,13.93,6.79,4.0,14.0,9.0,7.0,15.57,0.6,91.22,2,2.021770682148041,1.1097647897362795,0.6382978723404256,2
41.0,17.0,8.0,5.93,4.0,18.0,3.0,5.0,9.86,1.66,83.15,2,1.326699834162521,1.217283950617284,0.16574585635359115,1
24.0,2.0,5.63,6.3,1.0,19.0,9.0,8.0,10.24,1.36,73.21,2,0.8796875000000001,1.7870855148342062,0.47120418848167533,0
29.0,19.0,12.12,4.77,5.0,3.0,11.0,4.0,14.44,1.6,68.76,1,2.4887063655030803,1.181669394435352,3.5483870967741935,2
42.0,14.0,6.26,5.58,4.0,5.0,27.0,8.0,11.2,1.69,61.28,1,1.102112676056338,1.7610062893081762,5.294117647058824,1
36.0,4.0,9.26,8.29,3.0,14.0,2.0,3.0,10.44,1.96,60.33,1,1.1036948748510131,1.1153846153846154,0.14184397163120568,1
31.0,12.0,5.28,8.49,3.0,3.0,0.0,3.0,8.26,0.3,19.84,0,0.6146682188591386,1.5353159851301115,0.0,0
42.0,18.0,8.75,7.05,3.0,5.0,18.0,5.0,11.05,1.54,46.45,1,1.223776223776224,1.248587570621469,3.5294117647058827,1
35.0,11.0,9.58,6.49,3.0,1.0,0.0,9.0,14.56,1.47,43.73,1,1.4537177541729893,1.5041322314049588,0.0,1
22.0,4.0,8.46,7.56,3.0,3.0,18.0,6.0,13.42,0.58,25.21,0,1.1044386422976504,1.5677570093457942,5.806451612903226,1
44.0,5.0,4.69,7.04,4.0,17.0,3.0,1.0,6.63,0.79,31.2,0,0.6568627450980393,1.384133611691023,0.17543859649122806,0
41.0,6.0,8.85,8.92,6.0,14.0,26.0,3.0,10.92,0.35,64.24,1,0.9811529933481153,1.2201117318435755,1.8439716312056738,0
28.0,9.0,8.99,4.95,5.0,11.0,12.0,7.0,12.69,1.83,64.37,1,1.7801980198019802,1.396039603960396,1.0810810810810811,1
34.0,15.0,6.62,6.25,6.0,9.0,26.0,8.0,11.18,1.76,55.41,1,1.04251968503937,1.6636904761904763,2.857142857142857,1
24.0,7.0,13.22,8.59,5.0,11.0,13.0,4.0,16.87,1.23,51.31,1,1.5212888377445342,1.2665165165165166,1.1711711711711712,1
42.0,8.0,8.18,8.57,4.0,8.0,13.0,5.0,12.64,1.02,45.78,1,0.9434832756632064,1.5265700483091789,1.6049382716049383,0
32.0,3.0,12.64,6.48,3.0,6.0,23.0,9.0,13.89,0.47,53.795,2,1.9209726443768997,1.0902668759811618,3.7704918032786887,1
33.0,7.0,5.1,4.67,2.0,7.0,2.0,6.0,8.66,1.58,27.63,0,1.069182389937107,1.6653846153846157,0.28169014084507044,1
39.0,6.0,7.19,8.07,5.0,19.0,18.0,6.0,10.99,1.02,86.23,2,0.8800489596083232,1.5075445816186557,0.9424083769633507,0
34.0,14.0,5.76,6.93,2.0,9.0,28.0,2.0,7.52,1.02,45.94,1,0.8193456614509247,1.2832764505119454,3.076923076923077,0
35.0,2.0,8.08,7.87,7.0,10.0,24.0,1.0,12.19,1.72,26.58,0,1.013801756587202,1.4902200488997555,2.376237623762376,1
42.0,16.0,5.12,6.31,0.0,1.0,10.0,9.0,9.9,1.24,20.85,0,0.7987519500780033,1.8965517241379313,9.09090909090909,0
32.0,10.0,8.41,5.02,7.0,3.0,8.0,7.0,13.0,1.27,55.38,1,1.6425781250000002,1.527614571092832,2.5806451612903225,1
36.0,8.0,7.54,4.12,1.0,9.0,5.0,8.0,9.52,0.14,69.89,1,1.7867298578199053,1.2460732984293195,0.5494505494505495,1
42.0,4.0,6.23,6.8,5.0,7.0,25.0,7.0,8.53,0.57,41.4,1,0.9028985507246378,1.3475513428120063,3.5211267605633805,0
27.0,9.0,10.42,4.81,2.0,4.0,3.0,7.0,13.42,1.35,53.795,1,2.1221995926680246,1.2756653992395437,0.7317073170731708,2
40.0,14.0,8.99,4.94,0.0,13.0,25.0,1.0,15.14,0.1,79.22,2,1.7837301587301588,1.6655665566556657,1.9083969465648856,1
21.0,13.0,6.07,6.18,4.0,1.0,4.0,3.0,10.89,0.66,22.14,0,0.9665605095541403,1.7649918962722853,3.6363636363636362,0
24.0,3.0,11.12,6.21,1.0,16.0,28.0,5.0,12.77,0.71,84.89,1,1.7622820919175912,1.1381461675579323,1.7391304347826086,1
25.0,19.0,11.42,5.37,6.0,7.0,8.0,7.0,15.47,1.0,70.8,2,2.0877513711151736,1.3428819444444446,1.1267605633802817,2
31.0,1.0,8.98,4.66,7.0,1.0,0.0,1.0,11.35,0.72,39.61,1,1.8865546218487397,1.25,0.0,1
37.0,11.0,12.98,8.72,3.0,14.0,22.0,7.0,16.27,0.91,88.24,2,1.471655328798186,1.2438837920489296,1.5602836879432624,1
41.0,0.0,13.66,4.66,5.0,1.0,14.0,0.0,14.85,1.09,55.6,1,2.869747899159664,1.0792151162790697,12.727272727272727,2
41.0,19.0,7.62,5.75,5.0,10.0,10.0,5.0,9.44,0.26,42.01,1,1.3025641025641026,1.2227979274611398,0.9900990099009901,1
20.0,4.0,10.51,5.52,3.0,13.0,22.0,7.0,13.29,0.36,97.92,2,1.8701067615658364,1.2525918944392083,1.6793893129770994,1
36.0,5.0,10.62,8.33,7.0,9.0,25.0,7.0,14.33,1.67,63.59,1,1.2597864768683273,1.3367537313432838,2.7472527472527473,1
30.0,10.0,8.04,6.05,7.0,6.0,0.0,6.0,12.15,0.92,54.74,1,1.3073170731707318,1.4926289926289928,0.0,1
29.0,7.0,7.17,4.62,6.0,13.0,29.0,6.0,8.29,0.71,95.09,2,1.5190677966101696,1.140302613480055,2.213740458015267,1
38.0,6.0,13.34,4.05,4.0,12.0,16.0,9.0,14.95,0.87,100.0,1,3.2144578313253014,1.1123511904761905,1.322314049586777,3
33.0,3.0,11.9,7.61,1.0,1.0,14.0,8.0,15.82,0.35,64.81,1,1.5434500648508431,1.3183333333333334,12.727272727272727,1
29.0,5.0,5.14,6.46,5.0,9.0,13.0,1.0,9.39,0.48,13.16,1,0.7835365853658537,1.7919847328244278,1.4285714285714286,0
34.0,10.0,5.2,6.09,2.0,0.0,8.0,0.0,7.15,1.03,14.24,0,0.8400646203554121,1.349056603773585,80.0,0
38.0,19.0,13.23,4.63,7.0,0.0,22.0,1.0,15.15,0.72,43.31,1,2.7970401691331928,1.1365341335333834,220.0,2
23.0,14.0,4.81,5.86,6.0,2.0,3.0,2.0,6.16,0.95,19.22,0,0.8070469798657718,1.254582484725051,1.4285714285714286,0
21.0,13.0,10.88,6.95,7.0,10.0,8.0,8.0,12.48,0.3,78.46,2,1.543262411347518,1.1366120218579234,0.7920792079207921,1
28.0,11.0,6.27,7.52,1.0,18.0,27.0,9.0,7.3,0.31,57.7,1,0.8228346456692913,1.1459968602825747,1.4917127071823204,0
29.0,11.0,4.35,4.39,0.0,8.0,4.0,6.0,7.71,0.77,36.66,1,0.9688195991091315,1.7325842696629217,0.4938271604938272,0
30.0,15.0,4.6,6.78,6.0,12.0,2.0,4.0,9.22,0.76,46.21,1,0.6686046511627907,1.961702127659575,0.1652892561983471,0
33.0,14.0,7.74,5.38,7.0,3.0,17.0,4.0,9.34,1.77,48.19,1,1.4124087591240877,1.191326530612245,5.483870967741935,1
26.0,12.0,4.78,7.09,5.0,19.0,8.0,5.0,8.79,0.07,57.38,1,0.6648122392211405,1.8012295081967211,0.41884816753926696,0
42.0,10.0,9.97,7.24,4.0,5.0,3.0,1.0,13.26,1.99,29.84,0,1.3583106267029974,1.3167825223435947,0.5882352941176471,1
34.0,16.0,10.47,8.55,6.0,1.0,6.0,0.0,15.23,1.91,31.14,0,1.2104046242774567,1.4408703878902553,5.454545454545454,1
41.0,14.0,7.73,6.05,2.0,8.0,0.0,0.0,11.92,1.08,53.795,1,1.2569105691056912,1.5223499361430395,0.0,1
38.0,13.0,11.43,6.69,1.0,17.0,15.0,2.0,15.84,1.44,66.57,1,1.683357879234168,1.3738074588031224,0.8771929824561403,1
41.0,10.0,8.9,5.34,6.0,3.0,24.0,0.0,12.46,1.87,23.13,0,1.636029411764706,1.3844444444444446,7.741935483870967,1
34.0,11.0,8.3,5.43,1.0,0.0,27.0,8.0,12.55,0.5,26.37,0,1.5009041591320076,1.494047619047619,270.0,1
43.0,15.0,8.07,4.23,2.0,0.0,24.0,9.0,10.47,0.63,57.87,1,1.863741339491917,1.2815177478580173,240.0,1
27.0,14.0,8.31,5.43,0.0,19.0,25.0,4.0,10.15,0.22,78.46,2,1.5027124773960219,1.206896551724138,1.3089005235602094,1
30.0,9.0,13.68,4.32,0.0,16.0,5.0,8.0,18.33,1.13,99.44,2,3.0950226244343892,1.330188679245283,0.3105590062111801,3
28.0,3.0,10.81,8.82,6.0,18.0,5.0,4.0,14.75,0.32,80.9,2,1.2118834080717489,1.3519706691109075,0.2762430939226519,1
34.0,8.0,7.15,7.12,1.0,2.0,13.0,0.0,8.51,1.86,17.17,0,0.9903047091412743,1.1737931034482758,6.19047619047619,0
20.0,19.0,11.34,4.87,3.0,16.0,21.0,6.0,15.81,0.86,100.0,2,2.2816901408450705,1.381993006993007,1.3043478260869563,2
20.0,8.0,7.3,4.58,2.0,2.0,4.0,6.0,9.7,1.84,31.03,0,1.5598290598290598,1.3108108108108107,1.9047619047619047,1
38.0,19.0,5.26,5.85,7.0,3.0,10.0,3.0,7.45,0.41,28.97,0,0.8840336134453782,1.3899253731343286,3.225806451612903,0
22.0,10.0,8.75,5.54,5.0,12.0,0.0,2.0,12.24,1.39,59.18,1,1.5514184397163122,1.3830508474576273,0.0,1
29.0,10.0,11.51,5.4,7.0,14.0,19.0,0.0,14.78,1.3,59.3,1,2.0927272727272728,1.2730404823428079,1.3475177304964538,2
27.0,6.0,7.78,6.34,6.0,11.0,9.0,6.0,10.93,0.8,40.1,1,1.208074534161491,1.3870558375634519,0.8108108108108109,1
34.0,9.0,12.69,8.56,0.0,2.0,0.0,4.0,14.71,1.8,22.86,0,1.4653579676674364,1.150117279124316,0.0,1
29.0,3.0,7.87,6.84,5.0,7.0,20.0,9.0,12.71,0.87,55.89,1,1.1340057636887608,1.5947302383939777,2.8169014084507045,1
20.0,4.0,7.5,6.61,0.0,0.0,28.0,0.0,12.3,0.4,1.82,0,1.1177347242921014,1.6184210526315792,280.0,1
37.0,4.0,13.98,8.03,0.0,17.0,3.0,0.0,15.0,1.95,53.87,1,1.719557195571956,1.0653409090909092,0.17543859649122806,1
21.0,10.0,8.99,4.02,4.0,12.0,7.0,2.0,11.17,0.88,62.13,1,2.182038834951457,1.2288228822882288,0.578512396694215,2
32.0,8.0,12.05,4.99,6.0,6.0,0.0,2.0,13.23,0.42,68.04,1,2.3673870333988214,1.0888888888888888,0.0,2
32.0,15.0,12.05,6.48,5.0,12.0,7.0,1.0,12.02,0.73,60.12,1,1.831306990881459,0.9893004115226337,0.578512396694215,1
41.0,8.0,13.26,7.53,3.0,16.0,13.0,7.0,17.81,1.23,53.795,2,1.7378768020969855,1.3330838323353293,0.8074534161490683,1
20.0,3.0,4.85,6.46,4.0,12.0,23.0,7.0,7.92,1.02,42.51,1,0.7393292682926829,1.6000000000000003,1.9008264462809918,0
21.0,1.0,6.71,4.82,3.0,12.0,16.0,5.0,11.07,1.27,63.46,1,1.363821138211382,1.6255506607929517,1.322314049586777,1
35.0,13.0,11.68,8.65,1.0,9.0,8.0,4.0,15.49,1.32,45.01,1,1.3348571428571427,1.3149405772495757,0.8791208791208791,1
34.0,2.0,9.63,5.64,1.0,13.0,28.0,5.0,12.63,0.25,63.49,1,1.677700348432056,1.2980472764645428,2.1374045801526718,1
32.0,17.0,9.6,7.94,7.0,9.0,24.0,0.0,12.06,0.63,53.22,1,1.1940298507462686,1.2432989690721652,2.6373626373626373,1
35.0,5.0,5.66,8.46,7.0,7.0,5.0,1.0,7.72,1.5,28.44,0,0.661214953271028,1.3402777777777777,0.7042253521126761,0
36.0,10.0,6.81,5.73,4.0,5.0,0.0,6.0,8.85,1.3,36.05,1,1.1680960548885075,1.2807525325615052,0.0,1
40.0,17.0,9.21,8.23,7.0,18.0,22.0,0.0,12.46,0.18,61.19,1,1.1056422569027613,1.3383458646616542,1.2154696132596685,1
26.0,11.0,6.77,7.55,3.0,18.0,22.0,7.0,8.44,0.63,78.25,2,0.8849673202614379,1.2285298398835518,1.2154696132596685,0
43.0,4.0,6.1,8.52,2.0,11.0,8.0,2.0,7.8,1.86,27.89,0,0.7076566125290024,1.2580645161290325,0.7207207207207208,0
36.0,8.0,4.88,5.26,4.0,6.0,0.0,3.0,5.92,1.72,12.36,0,0.9104477611940299,1.1887550200803214,0.0,0
26.0,19.0,5.56,8.66,0.0,17.0,13.0,6.0,9.01,1.34,21.3,0,0.634703196347032,1.5918727915194348,0.7602339181286549,0
32.0,17.0,11.69,4.33,1.0,19.0,23.0,9.0,16.67,0.15,100.0,2,2.63882618510158,1.4139100932994064,1.2041884816753925,2
24.0,18.0,11.19,7.97,7.0,17.0,29.0,6.0,15.75,1.21,74.36,2,1.3866171003717471,1.3950398582816652,1.6959064327485378,1
36.0,2.0,4.46,6.18,6.0,2.0,27.0,1.0,8.28,0.02,21.16,0,0.7101910828025478,1.8157894736842106,12.857142857142856,0
22.0,8.0,6.03,4.89,1.0,8.0,28.0,4.0,10.17,1.32,41.13,1,1.2084168336673349,1.6590538336052203,3.4567901234567904,1
26.0,3.0,9.6,4.4,2.0,5.0,10.0,7.0,12.02,1.46,60.66,1,2.1333333333333333,1.2391752577319588,1.9607843137254903,2
36.0,16.0,7.23,5.95,4.0,0.0,7.0,8.0,9.42,0.99,31.34,0,1.1950413223140497,1.2851296043656206,70.0,1
26.0,16.0,12.23,5.95,3.0,9.0,22.0,4.0,14.7,0.01,60.6,1,2.0214876033057854,1.192214111922141,2.417582417582418,2
40.0,1.0,11.85,5.15,6.0,7.0,11.0,1.0,13.18,1.33,67.61,1,2.257142857142857,1.102928870292887,1.5492957746478875,2
20.0,8.0,12.92,5.08,1.0,16.0,5.0,3.0,16.46,1.64,87.37,2,2.4942084942084946,1.2642089093701998,0.3105590062111801,2
36.0,8.0,9.63,6.0,0.0,9.0,16.0,4.0,11.33,1.17,45.37,1,1.578688524590164,1.1644398766700925,1.7582417582417582,1
36.0,4.0,7.52,6.05,2.0,2.0,10.0,5.0,11.57,1.42,53.795,0,1.2227642276422765,1.5183727034120738,4.761904761904762,1
30.0,14.0,10.06,6.21,2.0,2.0,9.0,5.0,11.82,0.18,46.65,1,1.5942947702060224,1.1633858267716535,4.285714285714286,1
44.0,14.0,4.89,8.34,5.0,6.0,26.0,0.0,6.8,1.43,14.05,0,0.5793838862559242,1.3627254509018039,4.262295081967213,0
22.0,2.0,4.1,7.06,2.0,10.0,7.0,5.0,8.93,1.23,25.23,0,0.5726256983240223,2.1261904761904766,0.6930693069306931,0
34.0,18.0,4.17,4.1,0.0,17.0,11.0,9.0,5.59,0.66,56.42,1,0.992857142857143,1.3091334894613584,0.6432748538011696,0
40.0,2.0,8.08,6.6,2.0,4.0,20.0,0.0,11.08,1.37,10.76,0,1.2059701492537316,1.3545232273838632,4.878048780487806,1
30.0,5.0,8.99,7.81,7.0,1.0,3.0,4.0,7.53,1.29,28.89,0,1.1365360303413403,0.8283828382838284,2.727272727272727,1
35.0,3.0,5.57,4.28,3.0,13.0,20.0,6.0,6.93,1.2,51.81,1,1.271689497716895,1.222222222222222,1.5267175572519085,1
44.0,12.0,10.15,6.11,5.0,0.0,20.0,7.0,13.68,0.37,50.02,1,1.634460547504026,1.3346341463414635,200.0,1
41.0,12.0,13.95,6.26,7.0,3.0,29.0,4.0,17.47,0.59,78.26,2,2.1933962264150946,1.2434163701067615,9.35483870967742,2
28.0,10.0,5.78,8.77,3.0,13.0,12.0,1.0,7.55,1.98,11.8,0,0.6516347237880497,1.284013605442177,0.916030534351145,0
43.0,4.0,9.46,6.38,6.0,14.0,25.0,2.0,13.95,0.87,57.65,1,1.4598765432098768,1.4592050209205019,1.773049645390071,1
43.0,0.0,5.2,7.75,4.0,19.0,2.0,6.0,9.01,0.12,58.8,1,0.6624203821656052,1.7,0.10471204188481674,0
20.0,8.0,13.34,5.51,4.0,19.0,19.0,9.0,15.54,1.8,100.0,2,2.377896613190731,1.15625,0.9947643979057591,2
44.0,16.0,6.92,7.9,6.0,16.0,3.0,3.0,8.91,0.35,68.4,1,0.865,1.2692307692307694,0.18633540372670807,0
41.0,0.0,12.78,5.61,7.0,2.0,7.0,0.0,16.8,0.81,60.74,1,2.2381786339754814,1.3043478260869568,3.333333333333333,2
35.0,2.0,6.83,6.15,6.0,3.0,4.0,2.0,10.76,0.56,32.02,0,1.0928,1.5526695526695526,1.2903225806451613,1
28.0,14.0,12.06,6.4,7.0,17.0,21.0,9.0,13.66,1.93,100.0,2,1.8553846153846154,1.1233552631578947,1.2280701754385963,1
38.0,9.0,6.09,8.63,7.0,0.0,25.0,1.0,8.49,0.76,9.93,0,0.697594501718213,1.3715670436187402,250.0,0
31.0,7.0,6.93,4.27,3.0,4.0,1.0,8.0,8.8,1.42,59.29,1,1.5858123569794051,1.2517780938833571,0.24390243902439027,1
38.0,11.0,5.92,4.98,4.0,17.0,24.0,0.0,8.1,1.2,27.73,0,1.1653543307086613,1.345514950166113,1.4035087719298245,1
41.0,14.0,6.64,7.53,5.0,12.0,7.0,8.0,8.79,0.09,54.31,1,0.8702490170380078,1.304154302670623,0.578512396694215,0
28.0,8.0,12.35,6.89,4.0,13.0,23.0,9.0,17.25,0.77,81.76,2,1.7668097281831188,1.385542168674699,1.7557251908396947,1
26.0,9.0,10.39,5.26,7.0,19.0,25.0,4.0,14.39,0.78,96.05,2,1.9384328358208958,1.3717826501429933,1.3089005235602094,1
33.0,19.0,8.06,5.45,2.0,2.0,4.0,5.0,12.18,1.98,16.15,0,1.4522522522522523,1.4926470588235294,1.9047619047619047,1
38.0,8.0,13.72,5.84,6.0,5.0,15.0,5.0,15.83,1.62,77.32,2,2.30976430976431,1.1454413892908828,2.9411764705882355,2
38.0,14.0,8.65,6.25,3.0,10.0,20.0,5.0,9.65,1.71,45.76,1,1.3622047244094488,1.102857142857143,1.9801980198019802,1
21.0,0.0,13.7,8.09,1.0,8.0,14.0,8.0,14.93,0.63,76.3,2,1.6727716727716728,1.0818840579710145,1.7283950617283952,1
28.0,1.0,5.97,4.07,0.0,19.0,18.0,8.0,9.18,0.66,72.07,2,1.4316546762589928,1.512355848434926,0.9424083769633507,1
32.0,18.0,13.05,8.49,0.0,18.0,12.0,9.0,15.19,1.03,94.69,2,1.5192083818393483,1.1551330798479087,0.6629834254143646,1
34.0,13.0,4.14,6.07,3.0,6.0,10.0,6.0,5.91,1.26,48.48,1,0.6709886547811993,1.393867924528302,1.639344262295082,0
22.0,7.0,9.45,5.15,7.0,9.0,15.0,2.0,10.65,1.46,77.54,2,1.7999999999999998,1.1151832460732987,1.6483516483516485,1
30.0,5.0,8.23,6.54,1.0,6.0,17.0,6.0,12.73,1.64,46.96,1,1.2394578313253013,1.5282112845138056,2.7868852459016393,1
40.0,11.0,9.25,7.3,0.0,4.0,24.0,4.0,12.65,1.75,24.87,0,1.25,1.3529411764705883,5.853658536585367,1
33.0,14.0,9.53,4.22,5.0,3.0,14.0,8.0,10.96,0.05,72.41,2,2.2060185185185186,1.1381100726895121,4.516129032258064,2
44.0,13.0,7.89,7.58,4.0,16.0,5.0,5.0,11.96,1.59,58.2,1,1.02734375,1.4968710888610766,0.3105590062111801,1
27.0,0.0,13.98,7.8,5.0,4.0,7.0,9.0,18.0,1.22,70.24,2,1.769620253164557,1.2784090909090908,1.707317073170732,1
37.0,10.0,13.77,4.83,1.0,16.0,3.0,5.0,15.93,1.06,73.7,2,2.793103448275862,1.1485219899062726,0.18633540372670807,2
38.0,2.0,13.62,4.84,5.0,16.0,20.0,4.0,15.37,1.26,94.16,2,2.757085020242915,1.120262390670554,1.2422360248447204,2
35.0,18.0,13.79,5.02,2.0,16.0,25.0,9.0,18.05,1.76,100.0,2,2.6933593750000004,1.2994960403167748,1.5527950310559004,2
21.0,17.0,11.93,7.98,6.0,0.0,15.0,1.0,14.25,1.09,43.39,1,1.4764851485148514,1.1845386533665836,150.0,1
27.0,19.0,13.89,5.36,6.0,1.0,20.0,2.0,18.28,0.32,67.54,1,2.5439560439560442,1.3066476054324518,18.18181818181818,2
41.0,1.0,12.92,7.98,4.0,18.0,10.0,2.0,14.09,0.87,71.39,2,1.599009900990099,1.0821812596006144,0.5524861878453038,1
25.0,6.0,8.16,6.7,1.0,8.0,25.0,3.0,11.16,1.85,26.77,0,1.2,1.351089588377724,3.0864197530864197,1
31.0,7.0,11.85,7.84,3.0,19.0,19.0,2.0,13.57,1.63,78.98,2,1.4924433249370277,1.1355648535564855,0.9947643979057591,1
34.0,18.0,13.12,6.77,7.0,14.0,26.0,6.0,16.81,0.41,53.795,2,1.9097525473071326,1.2715582450832073,1.8439716312056738,1
44.0,14.0,11.13,5.68,0.0,18.0,1.0,5.0,16.12,1.43,71.69,2,1.9256055363321802,1.4354407836153162,0.055248618784530384,1
27.0,9.0,8.23,8.55,4.0,4.0,29.0,7.0,10.88,0.51,41.63,1,0.9514450867052023,1.306122448979592,7.073170731707318,0
23.0,0.0,4.66,7.58,4.0,12.0,21.0,1.0,6.06,0.7,53.795,0,0.6067708333333334,1.273109243697479,1.7355371900826446,0
34.0,5.0,12.1,6.42,1.0,3.0,3.0,1.0,14.37,0.94,25.94,0,1.8558282208588959,1.1778688524590164,0.9677419354838709,1
39.0,12.0,8.99,7.19,2.0,12.0,13.0,0.0,18.1,0.88,71.84,2,1.233196159122085,1.9911991199119914,1.0743801652892562,1
44.0,13.0,7.62,7.08,0.0,5.0,10.0,4.0,11.68,0.06,43.12,1,1.0612813370473537,1.5129533678756477,1.9607843137254903,1
36.0,2.0,5.52,5.79,0.0,11.0,3.0,6.0,7.45,1.55,26.82,0,0.9371816638370118,1.325622775800712,0.2702702702702703,0
32.0,10.0,7.27,6.12,4.0,8.0,25.0,5.0,12.08,1.69,19.34,0,1.1688102893890675,1.639077340569878,3.0864197530864197,1
37.0,2.0,9.83,5.59,3.0,14.0,2.0,4.0,13.32,1.06,87.49,2,1.7275922671353252,1.341389728096677,0.14184397163120568,1
21.0,18.0,7.17,9.0,6.0,14.0,23.0,0.0,8.84,0.35,33.94,0,0.7879120879120879,1.2159559834938103,1.6312056737588654,0
32.0,9.0,10.11,6.9,1.0,16.0,21.0,2.0,13.4,0.5,50.72,1,1.4442857142857142,1.3124387855044075,1.3043478260869563,1
32.0,14.0,13.67,4.46,1.0,4.0,24.0,7.0,16.48,0.25,79.15,2,2.99780701754386,1.19680464778504,5.853658536585367,2
41.0,10.0,10.71,6.6,3.0,4.0,4.0,2.0,14.99,0.34,48.66,1,1.5985074626865674,1.3866790009250693,0.9756097560975611,1
34.0,14.0,7.63,4.25,0.0,4.0,5.0,6.0,10.01,1.75,32.11,0,1.7540229885057472,1.294954721862872,1.2195121951219514,1
39.0,12.0,13.36,5.44,7.0,13.0,14.0,9.0,17.86,0.96,100.0,2,2.411552346570397,1.326894502228826,1.0687022900763359,2
29.0,4.0,9.66,6.23,3.0,1.0,3.0,2.0,13.91,0.22,35.09,1,1.5260663507109005,1.425204918032787,2.727272727272727,1
22.0,3.0,5.28,6.67,5.0,8.0,25.0,1.0,8.98,0.51,19.29,0,0.7799113737075333,1.6691449814126396,3.0864197530864197,0
38.0,12.0,8.99,8.88,6.0,13.0,6.0,5.0,11.02,1.9,48.6,1,1.0011135857461024,1.2123212321232122,0.4580152671755725,1
22.0,8.0,10.54,8.91,1.0,14.0,12.0,5.0,15.42,1.02,70.28,2,1.169811320754717,1.4492481203007521,0.851063829787234,1
32.0,16.0,12.38,4.49,7.0,3.0,9.0,1.0,15.57,1.03,67.44,1,2.6971677559912854,1.2475961538461537,2.903225806451613,2
33.0,1.0,13.36,6.69,3.0,5.0,11.0,9.0,17.99,1.05,70.11,2,1.9675994108983799,1.3365527488855868,2.1568627450980395,1
27.0,4.0,7.17,8.09,0.0,13.0,9.0,4.0,9.03,0.22,44.45,1,0.8754578754578755,1.2420907840440165,0.6870229007633588,0
42.0,15.0,5.56,5.19,4.0,4.0,10.0,4.0,12.02,1.94,16.65,0,1.051039697542533,2.1236749116607774,2.439024390243903,1
23.0,6.0,4.74,7.75,7.0,10.0,10.0,4.0,9.0,0.17,37.47,1,0.6038216560509555,1.859504132231405,0.9900990099009901,0
39.0,0.0,11.38,8.39,5.0,13.0,21.0,5.0,16.18,1.4,73.28,2,1.3404004711425206,1.4094076655052263,1.6030534351145038,1
30.0,11.0,8.99,7.31,0.0,6.0,5.0,2.0,13.8,0.12,52.55,1,1.2132253711201082,1.5181518151815183,0.819672131147541,1
30.0,10.0,8.09,5.64,2.0,13.0,5.0,9.0,10.81,0.89,66.38,1,1.4094076655052266,1.31990231990232,0.3816793893129771,1
30.0,11.0,7.96,8.62,2.0,12.0,29.0,4.0,9.35,1.8,44.48,1,0.9128440366972478,1.160049627791563,2.396694214876033,0
21.0,18.0,13.54,8.42,3.0,17.0,19.0,5.0,15.09,1.54,87.43,2,1.5892018779342723,1.1063049853372435,1.111111111111111,1
36.0,11.0,13.17,7.58,6.0,1.0,25.0,3.0,12.02,0.67,49.91,1,1.71484375,0.905802562170309,22.727272727272727,1
28.0,11.0,6.33,5.82,4.0,8.0,5.0,4.0,11.14,1.1,59.62,1,1.0692567567567568,1.7325038880248835,0.617283950617284,1
21.0,13.0,11.81,7.96,0.0,10.0,11.0,0.0,15.48,0.33,34.32,0,1.465260545905707,1.2997481108312343,1.0891089108910892,1
43.0,1.0,10.23,5.58,0.0,19.0,22.0,0.0,12.49,1.91,61.28,1,1.8010563380281692,1.2090997095837368,1.1518324607329842,1
34.0,1.0,5.54,5.26,1.0,10.0,28.0,7.0,10.36,1.42,56.73,1,1.033582089552239,1.8368794326241136,2.7722772277227725,1
35.0,3.0,7.57,6.58,4.0,5.0,13.0,1.0,11.53,0.75,11.76,0,1.1332335329341319,1.5032594524119947,2.5490196078431375,1
44.0,19.0,5.77,8.99,5.0,0.0,14.0,9.0,10.4,0.64,43.06,1,0.6347634763476347,1.7717206132879049,140.0,0
23.0,15.0,6.95,8.02,0.0,4.0,26.0,9.0,11.66,0.48,52.17,1,0.8559113300492612,1.6539007092198583,6.341463414634147,0
27.0,9.0,10.15,7.65,7.0,13.0,24.0,6.0,14.15,1.57,65.61,1,1.3096774193548388,1.380487804878049,1.83206106870229,1
28.0,12.0,7.75,6.26,5.0,15.0,22.0,6.0,9.72,0.87,70.25,2,1.2185534591194969,1.2382165605095543,1.456953642384106,1
24.0,1.0,7.94,5.56,3.0,8.0,18.0,8.0,12.93,0.66,52.8,1,1.402826855123675,1.6082089552238803,2.2222222222222223,1
32.0,2.0,9.4,8.28,1.0,18.0,9.0,0.0,11.7,1.81,34.58,0,1.1217183770883057,1.2315789473684209,0.49723756906077343,1
32.0,10.0,4.87,6.84,6.0,19.0,9.0,1.0,8.56,0.3,37.17,1,0.7017291066282422,1.722334004024145,0.47120418848167533,0
26.0,5.0,11.39,8.07,5.0,7.0,6.0,0.0,15.77,0.53,62.96,1,1.394124847001224,1.3724978241949521,0.8450704225352114,1
39.0,18.0,8.02,6.44,5.0,7.0,25.0,0.0,9.72,0.69,53.795,0,1.2262996941896023,1.1970443349753697,3.5211267605633805,1
36.0,19.0,8.8,7.77,5.0,15.0,9.0,3.0,12.24,0.52,45.46,1,1.1181702668360867,1.3752808988764045,0.5960264900662252,1
22.0,18.0,13.74,8.34,5.0,17.0,13.0,7.0,16.24,1.17,100.0,2,1.627962085308057,1.1734104046242773,0.7602339181286549,1
24.0,7.0,7.44,5.96,5.0,7.0,4.0,9.0,9.42,1.2,65.09,1,1.227722772277228,1.2493368700265253,0.5633802816901409,1
38.0,13.0,10.48,4.07,6.0,8.0,24.0,7.0,11.53,0.11,88.33,2,2.5131894484412474,1.0897920604914932,2.9629629629629632,2
31.0,9.0,7.93,5.27,1.0,4.0,21.0,8.0,12.42,0.29,44.54,1,1.4767225325884545,1.546699875466999,5.121951219512195,1
26.0,2.0,8.99,8.57,3.0,1.0,14.0,1.0,14.48,0.4,35.39,1,1.0369088811995386,1.592959295929593,12.727272727272727,1
28.0,5.0,12.47,7.44,5.0,13.0,28.0,6.0,16.98,0.14,100.0,2,1.653846153846154,1.3508353221957041,2.1374045801526718,1
25.0,14.0,6.42,7.69,5.0,17.0,6.0,3.0,9.82,0.25,56.94,1,0.8241335044929397,1.5061349693251536,0.3508771929824561,0
36.0,17.0,10.92,5.63,3.0,12.0,19.0,2.0,14.4,0.48,60.39,1,1.9057591623036652,1.3067150635208713,1.5702479338842976,1
35.0,13.0,4.65,7.51,0.0,11.0,17.0,3.0,8.96,0.69,28.19,0,0.6110381077529567,1.8863157894736844,1.5315315315315317,0
42.0,18.0,13.63,7.23,0.0,14.0,10.0,3.0,16.67,1.58,76.77,2,1.859481582537517,1.2141296431172615,0.7092198581560284,1
22.0,9.0,7.49,4.89,6.0,14.0,19.0,2.0,9.92,0.44,79.82,2,1.5010020040080163,1.3069828722002634,1.3475177304964538,1
40.0,14.0,12.32,8.84,1.0,0.0,24.0,8.0,13.88,1.34,46.2,1,1.3780760626398212,1.1175523349436394,240.0,1
23.0,3.0,7.18,5.77,1.0,6.0,2.0,7.0,10.46,0.12,54.54,1,1.223168654173765,1.436813186813187,0.3278688524590164,1
29.0,1.0,10.33,5.65,4.0,12.0,6.0,9.0,13.54,1.32,86.76,2,1.796521739130435,1.2981783317353788,0.49586776859504134,1
24.0,2.0,13.84,5.85,1.0,17.0,28.0,1.0,16.02,1.59,69.71,1,2.3260504201680674,1.1492109038737446,1.6374269005847952,2
40.0,6.0,12.77,4.46,6.0,0.0,29.0,2.0,16.17,1.21,44.3,1,2.800438596491228,1.2564102564102566,290.0,2
41.0,15.0,5.6,7.12,3.0,10.0,3.0,9.0,8.36,0.4,56.73,1,0.775623268698061,1.4666666666666668,0.297029702970297,0
29.0,9.0,9.47,5.19,5.0,12.0,18.0,6.0,13.69,0.66,82.21,2,1.790170132325142,1.4305120167189131,1.4876033057851241,1
31.0,18.0,7.49,8.02,3.0,19.0,29.0,4.0,10.73,1.61,29.0,0,0.9224137931034484,1.4137022397891963,1.5183246073298429,0
29.0,16.0,8.34,5.97,6.0,8.0,29.0,0.0,13.07,0.86,46.82,1,1.3739703459637562,1.5485781990521328,3.5802469135802473,1
32.0,18.0,7.35,6.29,4.0,15.0,29.0,0.0,10.42,0.51,46.25,1,1.1502347417840375,1.3986577181208055,1.9205298013245033,1
30.0,4.0,7.36,7.23,2.0,10.0,20.0,7.0,11.91,1.87,47.89,1,1.004092769440655,1.596514745308311,1.9801980198019802,1
41.0,19.0,9.43,7.81,6.0,2.0,17.0,5.0,12.51,1.27,35.75,1,1.1921618204804045,1.3126967471143758,8.095238095238095,1
35.0,12.0,5.92,5.16,6.0,16.0,14.0,3.0,9.15,1.61,68.45,1,1.1254752851711027,1.5199335548172759,0.8695652173913043,1
27.0,12.0,9.37,8.83,2.0,1.0,13.0,2.0,11.84,0.05,33.58,0,1.049272116461366,1.2502639915522704,11.818181818181817,1
27.0,10.0,6.79,7.11,3.0,8.0,9.0,8.0,9.39,0.68,34.22,0,0.941747572815534,1.362844702467344,1.1111111111111112,0
44.0,10.0,6.89,4.03,2.0,8.0,13.0,8.0,11.62,0.92,47.93,1,1.668280871670702,1.6623748211731044,1.6049382716049383,1
27.0,15.0,11.39,6.08,6.0,15.0,3.0,3.0,13.28,1.17,78.38,2,1.8430420711974111,1.155787641427328,0.19867549668874174,1
32.0,14.0,4.3,6.18,6.0,0.0,22.0,7.0,5.79,0.38,21.69,0,0.6847133757961784,1.3159090909090911,220.0,0
21.0,16.0,7.81,8.05,2.0,16.0,11.0,3.0,12.13,1.0,57.66,1,0.958282208588957,1.533501896333755,0.6832298136645962,0
31.0,17.0,8.08,5.53,7.0,9.0,11.0,7.0,11.39,1.37,54.31,1,1.4351687388987566,1.3924205378973107,1.208791208791209,1
29.0,18.0,8.85,5.66,6.0,19.0,1.0,6.0,10.99,0.69,53.795,2,1.5364583333333333,1.227932960893855,0.05235602094240837,1
31.0,3.0,10.69,4.35,4.0,4.0,25.0,5.0,13.42,1.38,35.87,1,2.402247191011236,1.2437442075996294,6.097560975609756,2
30.0,4.0,7.7,5.42,6.0,7.0,5.0,6.0,10.8,0.78,52.87,1,1.3949275362318843,1.3846153846153848,0.7042253521126761,1
34.0,6.0,6.13,7.58,6.0,12.0,4.0,5.0,9.5,0.94,60.51,1,0.7981770833333334,1.5248796147672554,0.3305785123966942,0
35.0,1.0,12.85,7.17,5.0,4.0,18.0,5.0,17.13,0.27,66.65,1,1.767537826685007,1.3227799227799228,4.390243902439025,1
36.0,0.0,13.81,4.41,1.0,3.0,20.0,6.0,16.39,1.3,71.19,2,3.062084257206209,1.1782890007189073,6.451612903225806,3
21.0,11.0,4.2,4.57,1.0,7.0,14.0,3.0,7.91,0.45,33.25,0,0.8993576017130621,1.8395348837209304,1.971830985915493,0
37.0,9.0,9.46,5.88,2.0,6.0,9.0,4.0,13.8,1.66,48.76,1,1.581939799331104,1.4435146443514644,1.4754098360655739,1
31.0,7.0,7.42,7.72,0.0,4.0,6.0,8.0,11.8,1.11,31.55,0,0.9488491048593352,1.569148936170213,1.4634146341463417,0
38.0,0.0,6.77,8.16,4.0,9.0,18.0,1.0,8.79,1.12,37.79,1,0.8196125907990315,1.279475982532751,1.978021978021978,0
42.0,11.0,7.36,4.07,5.0,16.0,7.0,8.0,9.76,1.82,78.71,2,1.7649880095923263,1.3083109919571045,0.43478260869565216,1
37.0,1.0,10.39,5.65,5.0,5.0,14.0,4.0,13.77,0.33,65.12,1,1.8069565217391306,1.3126787416587224,2.7450980392156863,1
36.0,9.0,5.91,6.46,2.0,9.0,22.0,9.0,10.45,1.06,58.22,1,0.9009146341463415,1.7387687188019967,2.417582417582418,0
25.0,16.0,13.13,8.56,0.0,15.0,3.0,0.0,17.29,0.76,33.32,0,1.5161662817551964,1.3068783068783068,0.19867549668874174,1
44.0,2.0,8.66,6.51,0.0,9.0,12.0,6.0,12.0,1.93,36.42,1,1.3101361573373678,1.36986301369863,1.3186813186813187,1
34.0,6.0,7.26,5.35,5.0,3.0,28.0,4.0,12.19,1.59,29.05,0,1.3321100917431195,1.65625,9.032258064516128,1
22.0,11.0,11.66,5.95,4.0,1.0,4.0,2.0,12.02,1.52,49.49,1,1.9272727272727272,1.022108843537415,3.6363636363636362,1
25.0,7.0,4.16,6.18,1.0,0.0,25.0,2.0,12.02,0.41,19.46,0,0.6624203821656052,2.8215962441314555,250.0,0
22.0,19.0,8.32,7.35,5.0,2.0,10.0,0.0,12.59,0.47,5.19,0,1.116778523489933,1.495249406175772,4.761904761904762,1
20.0,11.0,7.55,4.21,7.0,12.0,15.0,6.0,12.18,0.06,72.45,2,1.751740139211137,1.5921568627450982,1.2396694214876034,1
32.0,2.0,7.38,5.95,7.0,11.0,19.0,1.0,12.33,1.28,56.64,1,1.2198347107438017,1.6483957219251337,1.7117117117117118,1
40.0,16.0,7.37,7.23,6.0,0.0,17.0,7.0,10.35,0.74,19.83,0,1.005457025920873,1.3855421686746987,170.0,1
33.0,8.0,4.31,5.42,5.0,9.0,27.0,3.0,6.09,0.62,37.6,1,0.7807971014492754,1.3809523809523812,2.967032967032967,0
32.0,9.0,5.52,6.96,6.0,5.0,14.0,3.0,8.36,1.27,28.97,0,0.7818696883852692,1.4875444839857652,2.7450980392156863,0
23.0,5.0,5.42,5.79,3.0,8.0,24.0,4.0,9.84,1.66,35.02,1,0.9202037351443124,1.782608695652174,2.9629629629629632,0
26.0,0.0,13.89,7.79,0.0,0.0,0.0,8.0,18.23,0.27,49.7,1,1.7604562737642586,1.3030736240171552,0.0,1
41.0,11.0,4.22,6.46,3.0,11.0,7.0,6.0,6.56,1.84,40.3,1,0.6432926829268293,1.5185185185185186,0.6306306306306306,0
29.0,4.0,5.67,8.59,7.0,4.0,3.0,2.0,6.86,0.07,9.62,0,0.6524741081703107,1.1889081455805894,0.7317073170731708,0
26.0,12.0,13.74,4.86,3.0,0.0,8.0,3.0,16.78,0.19,74.38,2,2.7701612903225805,1.2124277456647399,80.0,2
40.0,14.0,10.28,4.79,4.0,1.0,18.0,8.0,13.18,1.68,47.2,1,2.1022494887525562,1.2697495183044316,16.363636363636363,2
34.0,10.0,8.51,8.2,7.0,13.0,6.0,0.0,9.85,0.99,45.17,1,1.0253012048192771,1.1440185830429732,0.4580152671755725,1
34.0,7.0,4.79,8.35,5.0,1.0,14.0,7.0,12.02,1.88,35.06,1,0.5668639053254438,2.458077709611452,12.727272727272727,0
23.0,4.0,10.7,4.46,1.0,4.0,2.0,7.0,12.83,0.92,73.34,2,2.3464912280701755,1.187962962962963,0.48780487804878053,2
42.0,1.0,5.38,8.54,7.0,9.0,25.0,6.0,8.96,1.85,15.81,0,0.6226851851851852,1.6350364963503652,2.7472527472527473,0
42.0,11.0,10.71,5.37,6.0,19.0,11.0,5.0,12.12,0.48,91.63,2,1.9579524680073128,1.1211840888066604,0.5759162303664921,1
25.0,1.0,13.79,7.09,6.0,9.0,22.0,6.0,18.23,1.23,75.1,2,1.917941585535466,1.3124550035997122,2.417582417582418,1
43.0,15.0,9.32,4.34,4.0,4.0,1.0,9.0,13.28,1.99,60.39,1,2.0990990990990994,1.4097664543524415,0.24390243902439027,2
39.0,2.0,6.14,5.9,0.0,1.0,18.0,3.0,8.69,0.75,18.23,0,1.0233333333333332,1.3926282051282053,16.363636363636363,1
24.0,9.0,10.25,6.25,1.0,8.0,23.0,3.0,13.77,0.0,59.41,1,1.6141732283464567,1.3304347826086957,2.8395061728395063,1
39.0,18.0,9.13,7.0,5.0,9.0,6.0,4.0,10.88,0.13,75.33,2,1.2859154929577468,1.1787648970747562,0.6593406593406593,1
31.0,7.0,9.33,6.63,7.0,7.0,10.0,3.0,14.27,1.72,43.86,1,1.386329866270431,1.5132555673382821,1.4084507042253522,1
20.0,6.0,8.78,6.31,2.0,5.0,18.0,3.0,12.96,0.98,44.19,1,1.3697347893915757,1.4594594594594597,3.5294117647058827,1
27.0,0.0,10.74,8.8,1.0,4.0,7.0,8.0,14.9,1.07,45.33,1,1.2067415730337079,1.374538745387454,1.707317073170732,1
20.0,11.0,9.72,4.93,6.0,17.0,12.0,5.0,11.33,1.6,97.56,2,1.932405566600398,1.1537678207739308,0.7017543859649122,1
24.0,4.0,13.87,4.79,4.0,19.0,8.0,2.0,14.94,1.62,98.0,2,2.83640081799591,1.0694345025053686,0.41884816753926696,2
41.0,15.0,12.26,7.57,4.0,17.0,1.0,2.0,15.6,0.95,74.68,2,1.5984354628422426,1.2621359223300972,0.05847953216374269,1
25.0,3.0,6.65,6.46,3.0,1.0,17.0,9.0,8.23,1.02,39.56,1,1.0137195121951221,1.2192592592592593,15.454545454545453,1
40.0,16.0,11.26,6.41,7.0,11.0,14.0,5.0,15.38,0.94,74.26,2,1.7296466973886329,1.3538732394366197,1.2612612612612613,1
22.0,1.0,6.14,6.42,5.0,7.0,22.0,2.0,8.8,1.35,36.94,1,0.941717791411043,1.4102564102564106,3.098591549295775,0
34.0,11.0,11.82,5.55,2.0,3.0,10.0,3.0,14.17,0.07,47.34,1,2.0920353982300885,1.188758389261745,3.225806451612903,2
24.0,0.0,5.48,8.65,5.0,19.0,23.0,5.0,6.77,1.02,35.74,1,0.6262857142857143,1.2132616487455197,1.2041884816753925,0
43.0,11.0,8.74,5.41,1.0,3.0,14.0,8.0,13.72,1.02,35.95,1,1.5862068965517242,1.5520361990950227,4.516129032258064,1
33.0,11.0,11.91,5.44,2.0,8.0,20.0,5.0,16.73,0.63,71.17,2,2.1498194945848375,1.3930058284762699,2.469135802469136,2
37.0,11.0,6.8,5.17,5.0,8.0,17.0,2.0,8.33,0.67,29.75,0,1.2903225806451613,1.2072463768115944,2.0987654320987654,1
35.0,18.0,12.37,4.73,3.0,11.0,13.0,5.0,12.02,1.33,71.23,2,2.561076604554865,0.9639133921411388,1.1711711711711712,2
25.0,16.0,10.44,5.82,2.0,13.0,25.0,3.0,13.0,1.19,43.06,1,1.7635135135135134,1.2333965844402277,1.9083969465648856,1
44.0,19.0,7.98,7.4,2.0,2.0,20.0,4.0,10.17,0.16,21.23,0,1.064,1.2586633663366336,9.523809523809524,1
43.0,10.0,8.23,7.71,1.0,5.0,18.0,4.0,12.97,1.53,43.78,1,1.0537772087067863,1.5570228091236495,3.5294117647058827,1
33.0,12.0,13.26,8.07,2.0,14.0,12.0,2.0,17.15,1.23,59.54,1,1.6230110159118727,1.2836826347305388,0.851063829787234,1
43.0,7.0,6.18,4.99,3.0,18.0,24.0,4.0,11.0,1.71,55.31,1,1.2141453831041258,1.7515923566878984,1.3259668508287292,1
27.0,9.0,10.93,4.18,7.0,3.0,15.0,4.0,15.43,1.07,87.0,2,2.5537383177570097,1.398912058023572,4.838709677419355,2
26.0,7.0,8.99,8.87,0.0,0.0,1.0,6.0,15.09,0.83,37.03,1,1.0022296544035676,1.66006600660066,10.0,1
27.0,19.0,13.22,4.07,0.0,8.0,24.0,8.0,17.01,0.74,89.04,2,3.170263788968825,1.2770270270270272,2.9629629629629632,3
32.0,7.0,11.13,8.8,4.0,15.0,1.0,4.0,15.59,0.01,60.85,1,1.250561797752809,1.3882457702582367,0.06622516556291391,1
25.0,8.0,9.84,8.14,0.0,8.0,16.0,8.0,13.58,0.08,58.51,1,1.1941747572815533,1.3661971830985917,1.9753086419753088,1
37.0,6.0,13.03,8.56,1.0,11.0,25.0,4.0,14.78,0.26,82.93,2,1.5046189376443417,1.1256664127951257,2.2522522522522523,1
21.0,13.0,12.29,5.94,4.0,13.0,21.0,3.0,15.88,1.86,59.31,1,2.0347682119205297,1.2816787732041972,1.6030534351145038,2
27.0,1.0,11.17,4.99,0.0,14.0,26.0,5.0,14.23,1.76,68.23,1,2.194499017681729,1.2626441881100268,1.8439716312056738,2
30.0,10.0,4.33,7.03,0.0,15.0,21.0,7.0,9.26,0.99,27.84,0,0.6072931276297335,2.090293453724605,1.390728476821192,0
20.0,7.0,7.74,7.71,4.0,7.0,19.0,3.0,10.78,0.36,53.22,1,0.9910371318822023,1.375,2.676056338028169,0
41.0,12.0,10.32,4.65,1.0,9.0,28.0,4.0,11.47,0.29,51.75,1,2.1726315789473687,1.100767754318618,3.076923076923077,2
25.0,14.0,9.22,7.99,4.0,13.0,17.0,9.0,11.28,0.51,65.55,1,1.1396786155747838,1.2103004291845492,1.297709923664122,1
35.0,2.0,7.19,5.04,6.0,16.0,28.0,0.0,11.86,1.82,39.1,1,1.3988326848249029,1.626886145404664,1.7391304347826086,1
39.0,13.0,5.44,6.46,7.0,2.0,9.0,9.0,10.29,1.04,27.34,0,0.8292682926829269,1.8574007220216604,4.285714285714286,0
31.0,14.0,9.53,8.28,6.0,3.0,11.0,0.0,13.44,1.61,25.4,0,1.1372315035799523,1.3956386292834893,3.5483870967741935,1
30.0,1.0,6.86,4.97,1.0,15.0,26.0,7.0,8.09,1.01,58.87,1,1.3530571992110456,1.1623563218390804,1.7218543046357617,1
29.0,18.0,6.33,5.21,1.0,13.0,2.0,6.0,7.42,1.22,54.22,1,1.192090395480226,1.1539657853810266,0.15267175572519084,1
22.0,11.0,7.99,4.31,5.0,13.0,28.0,4.0,10.91,1.22,70.82,2,1.811791383219955,1.3485784919653894,2.1374045801526718,1
32.0,19.0,11.85,4.73,3.0,15.0,5.0,8.0,16.85,0.06,83.21,2,2.453416149068323,1.4100418410041844,0.33112582781456956,2
22.0,3.0,8.88,4.73,0.0,7.0,19.0,0.0,13.36,0.89,38.05,1,1.8385093167701865,1.4877505567928728,2.676056338028169,1
34.0,2.0,6.16,5.02,5.0,17.0,4.0,2.0,10.89,1.73,42.94,1,1.2031250000000002,1.7396166134185305,0.23391812865497075,1
35.0,4.0,5.17,5.43,0.0,6.0,26.0,5.0,8.66,0.98,27.67,0,0.9349005424954793,1.6432637571157498,4.262295081967213,0
32.0,2.0,8.99,8.07,5.0,2.0,24.0,0.0,13.43,0.87,25.66,0,1.1003671970624236,1.4774477447744774,11.428571428571429,1
36.0,14.0,11.94,8.58,7.0,5.0,20.0,5.0,14.22,1.05,56.54,1,1.3755760368663594,1.1810631229235882,3.9215686274509807,1
22.0,18.0,10.53,6.03,2.0,19.0,25.0,1.0,11.64,0.76,82.9,2,1.7177814029363785,1.0950141110065852,1.3089005235602094,1
39.0,1.0,6.32,4.64,6.0,15.0,26.0,9.0,10.99,1.03,62.56,1,1.3333333333333335,1.7118380062305296,1.7218543046357617,1
30.0,11.0,8.37,5.12,7.0,3.0,7.0,4.0,10.24,0.27,40.76,1,1.603448275862069,1.2089728453364819,2.258064516129032,1
40.0,4.0,12.55,7.68,4.0,18.0,17.0,9.0,16.46,1.94,95.77,2,1.6131105398457586,1.3011857707509882,0.9392265193370165,1
38.0,16.0,5.78,7.39,5.0,1.0,15.0,1.0,9.42,0.07,35.11,1,0.7716955941255008,1.6020408163265307,13.636363636363635,0
41.0,13.0,9.32,8.84,6.0,3.0,27.0,0.0,10.95,0.97,53.795,0,1.0425055928411635,1.162420382165605,8.709677419354838,1
30.0,9.0,7.56,4.07,3.0,1.0,13.0,3.0,9.34,0.42,35.77,1,1.8129496402877696,1.2193211488250655,11.818181818181817,1
35.0,2.0,5.24,7.75,0.0,6.0,5.0,1.0,7.56,0.12,21.51,0,0.667515923566879,1.4157303370786516,0.819672131147541,0
40.0,3.0,4.5,6.53,2.0,14.0,10.0,8.0,8.53,1.3,55.04,1,0.6787330316742082,1.8543478260869566,0.7092198581560284,0
22.0,5.0,9.56,8.51,3.0,16.0,26.0,2.0,10.72,1.97,53.795,1,1.110336817653891,1.1097308488612836,1.6149068322981366,1
41.0,15.0,4.21,6.88,1.0,13.0,5.0,5.0,6.84,1.02,30.84,0,0.6031518624641834,1.5870069605568446,0.3816793893129771,0
25.0,6.0,5.03,6.23,7.0,10.0,4.0,3.0,8.69,0.51,40.43,1,0.7946287519747236,1.6939571150097466,0.39603960396039606,0
33.0,10.0,7.48,7.33,0.0,16.0,14.0,9.0,9.17,0.99,62.43,1,1.0067294751009421,1.2097625329815302,0.8695652173913043,1
43.0,19.0,4.44,8.17,6.0,4.0,5.0,6.0,5.92,0.1,37.45,1,0.5368802902055624,1.303964757709251,1.2195121951219514,0
37.0,10.0,8.0,5.41,5.0,13.0,29.0,6.0,10.56,1.06,65.73,1,1.4519056261343013,1.3037037037037038,2.213740458015267,1
36.0,0.0,5.3,4.54,4.0,16.0,20.0,5.0,7.45,0.2,75.9,2,1.142241379310345,1.3796296296296298,1.2422360248447204,1
23.0,4.0,7.5,6.17,3.0,19.0,15.0,7.0,11.1,1.59,69.32,1,1.1961722488038278,1.4605263157894737,0.7853403141361256,1
42.0,12.0,11.91,5.07,6.0,1.0,17.0,5.0,16.79,0.11,69.11,1,2.3036750483558994,1.3980016652789342,15.454545454545453,2
34.0,13.0,10.26,6.15,2.0,6.0,20.0,8.0,11.28,0.02,65.32,1,1.6416,1.0888030888030888,3.278688524590164,1
30.0,8.0,8.45,6.46,4.0,9.0,0.0,4.0,13.06,1.72,22.04,0,1.288109756097561,1.5274853801169592,0.0,1
22.0,16.0,4.92,6.87,1.0,7.0,2.0,2.0,7.65,1.89,8.96,0,0.7058823529411765,1.5239043824701197,0.28169014084507044,0
22.0,14.0,10.19,7.47,4.0,0.0,29.0,4.0,13.85,0.17,40.56,1,1.346103038309115,1.3459669582118563,290.0,1
32.0,6.0,5.64,7.39,6.0,9.0,22.0,3.0,10.04,0.56,18.63,0,0.753004005340454,1.7491289198606272,2.417582417582418,0
24.0,11.0,4.77,8.1,6.0,0.0,19.0,2.0,8.06,1.48,0.0,0,0.5817073170731707,1.6550308008213557,190.0,0
40.0,5.0,10.64,8.72,2.0,0.0,23.0,0.0,12.03,1.08,33.81,0,1.2063492063492063,1.1201117318435754,230.0,1
29.0,15.0,13.12,7.29,1.0,3.0,2.0,7.0,14.68,1.9,53.795,1,1.7753721244925575,1.1104387291981845,0.6451612903225806,1
38.0,4.0,8.61,6.38,2.0,16.0,6.0,3.0,12.77,0.78,56.18,1,1.3287037037037037,1.4661308840413318,0.37267080745341613,1
44.0,8.0,4.41,5.59,6.0,4.0,13.0,2.0,6.33,0.01,53.795,0,0.7750439367311073,1.4035476718403548,3.1707317073170733,0
23.0,13.0,12.8,5.8,0.0,13.0,17.0,3.0,16.08,0.04,78.87,2,2.1694915254237293,1.2465116279069766,1.297709923664122,2
38.0,7.0,4.67,5.67,2.0,5.0,29.0,0.0,7.38,1.13,14.12,0,0.8093587521663779,1.5471698113207548,5.686274509803922,0
30.0,13.0,12.68,5.62,7.0,6.0,23.0,5.0,14.89,1.5,75.88,2,2.2167832167832167,1.1651017214397497,3.7704918032786887,2
21.0,11.0,7.92,7.47,4.0,7.0,14.0,2.0,12.07,1.58,9.7,0,1.0462351387054163,1.50498753117207,1.971830985915493,1
32.0,9.0,7.65,6.94,6.0,17.0,12.0,7.0,11.57,1.82,48.11,1,1.0866477272727273,1.4929032258064516,0.7017543859649122,1
30.0,19.0,9.43,5.01,0.0,3.0,18.0,9.0,13.01,0.46,31.17,0,1.8454011741682976,1.3651626442812173,5.806451612903226,1
44.0,19.0,13.57,8.85,0.0,2.0,28.0,4.0,16.06,1.48,39.69,1,1.516201117318436,1.1748354059985369,13.333333333333332,1
39.0,12.0,12.99,6.14,3.0,3.0,21.0,8.0,14.9,1.65,51.7,1,2.0817307692307696,1.1382734912146677,6.774193548387097,2
35.0,18.0,8.7,6.83,4.0,15.0,1.0,8.0,11.76,1.67,46.35,1,1.2554112554112553,1.3363636363636364,0.06622516556291391,1
38.0,14.0,10.96,7.51,4.0,12.0,6.0,1.0,15.23,0.82,46.46,1,1.440210249671485,1.3770343580470163,0.49586776859504134,1
42.0,7.0,9.8,7.07,1.0,10.0,12.0,4.0,13.1,1.25,41.64,1,1.3668061366806137,1.323232323232323,1.188118811881188,1
43.0,9.0,10.93,5.56,2.0,10.0,3.0,6.0,15.81,1.1,68.09,1,1.9310954063604242,1.43336355394379,0.297029702970297,1
30.0,2.0,12.29,7.99,5.0,4.0,5.0,6.0,13.35,1.19,59.61,1,1.519159456118665,1.0774818401937047,1.2195121951219514,1
33.0,2.0,4.34,4.55,2.0,19.0,17.0,9.0,9.33,0.56,70.31,2,0.9333333333333335,2.1013513513513518,0.8900523560209423,0
21.0,4.0,7.26,6.84,4.0,0.0,18.0,2.0,11.03,1.37,24.29,0,1.0461095100864555,1.4986413043478262,180.0,1
42.0,15.0,13.59,6.46,2.0,13.0,14.0,6.0,17.92,1.42,84.44,2,2.0716463414634148,1.3089846603360118,1.0687022900763359,2
24.0,16.0,13.49,7.08,4.0,19.0,2.0,6.0,15.83,0.39,100.0,2,1.8788300835654597,1.1648270787343635,0.10471204188481674,1
24.0,5.0,4.11,5.09,6.0,18.0,19.0,3.0,7.14,0.89,49.24,1,0.7919075144508672,1.695961995249406,1.0497237569060773,0
38.0,19.0,6.01,7.86,0.0,4.0,16.0,6.0,10.2,0.84,16.43,0,0.7550251256281407,1.6693944353518821,3.9024390243902443,0
40.0,19.0,13.94,5.14,2.0,19.0,15.0,7.0,17.98,1.5,53.795,2,2.6603053435114505,1.2806267806267808,0.7853403141361256,2
31.0,15.0,8.93,8.45,6.0,5.0,12.0,2.0,11.27,1.33,31.84,0,1.0444444444444445,1.248062015503876,2.3529411764705883,1
37.0,1.0,9.73,8.31,2.0,18.0,21.0,5.0,12.03,0.95,60.26,1,1.1569560047562426,1.2238046795523905,1.160220994475138,1
23.0,19.0,5.66,5.81,4.0,11.0,26.0,8.0,9.31,1.31,58.91,1,0.957698815566836,1.6163194444444446,2.3423423423423424,0
41.0,14.0,12.94,5.93,6.0,13.0,21.0,6.0,17.67,0.53,100.0,2,2.1459369817578775,1.3550613496932518,1.6030534351145038,2
36.0,17.0,6.31,7.51,4.0,16.0,19.0,0.0,9.07,0.46,42.31,1,0.8291721419185283,1.4149765990639627,1.1801242236024843,0
29.0,0.0,5.9,4.45,1.0,6.0,7.0,9.0,8.31,0.48,38.78,1,1.2967032967032968,1.385,1.1475409836065575,1
39.0,18.0,6.28,4.4,2.0,0.0,20.0,9.0,10.86,0.06,72.07,2,1.3955555555555557,1.702194357366771,200.0,1
25.0,11.0,13.2,4.68,3.0,16.0,25.0,8.0,16.93,1.38,89.05,2,2.761506276150628,1.2729323308270677,1.5527950310559004,2
44.0,7.0,11.03,6.81,7.0,5.0,13.0,4.0,13.58,1.97,55.28,1,1.5962373371924747,1.2201257861635222,2.5490196078431375,1
33.0,5.0,11.69,4.75,4.0,3.0,3.0,1.0,12.92,0.62,83.33,2,2.4103092783505153,1.095843935538592,0.9677419354838709,2
30.0,11.0,7.77,5.39,3.0,9.0,6.0,6.0,11.66,1.86,66.81,1,1.4153005464480874,1.4815756035578147,0.6593406593406593,1
30.0,6.0,13.09,7.23,0.0,7.0,9.0,8.0,15.5,1.21,61.48,1,1.78581173260573,1.1751326762699015,1.267605633802817,1
37.0,17.0,11.89,4.08,0.0,17.0,14.0,5.0,12.02,0.45,93.06,2,2.844497607655503,1.0025020850708923,0.8187134502923976,2
42.0,13.0,11.51,4.9,7.0,19.0,25.0,3.0,14.96,0.02,100.0,2,2.302,1.2885443583118004,1.3089005235602094,2
41.0,7.0,13.71,8.65,3.0,12.0,15.0,8.0,16.0,1.45,72.54,2,1.566857142857143,1.1585807385952207,1.2396694214876034,1
37.0,19.0,7.66,7.32,5.0,7.0,7.0,1.0,10.01,1.39,31.25,0,1.032345013477089,1.2899484536082475,0.9859154929577465,1
43.0,13.0,10.11,5.53,0.0,15.0,1.0,3.0,13.03,0.46,61.5,1,1.7957371225577263,1.2761998041136142,0.06622516556291391,1
42.0,4.0,13.1,4.23,3.0,4.0,28.0,4.0,16.97,0.67,53.795,1,3.0254041570438797,1.2856060606060606,6.829268292682928,3
30.0,8.0,11.91,6.93,1.0,2.0,16.0,3.0,12.02,1.8,38.25,1,1.6941678520625891,1.0008326394671108,7.619047619047619,1
40.0,7.0,9.63,5.11,1.0,12.0,5.0,6.0,10.95,0.31,77.16,2,1.848368522072937,1.1253854059609454,0.4132231404958678,1
31.0,1.0,4.76,8.8,0.0,14.0,15.0,5.0,7.46,1.67,32.27,0,0.5348314606741572,1.534979423868313,1.0638297872340425,0
24.0,15.0,10.53,7.43,6.0,3.0,1.0,8.0,11.75,0.34,55.95,1,1.3984063745019921,1.1053621825023519,0.3225806451612903,1
42.0,10.0,9.27,8.87,3.0,2.0,26.0,3.0,13.06,0.96,28.67,0,1.0334448160535117,1.3938100320170759,12.38095238095238,1
28.0,6.0,5.84,8.24,3.0,1.0,23.0,8.0,10.68,1.0,20.56,0,0.7002398081534772,1.797979797979798,20.909090909090907,0
44.0,15.0,12.82,6.42,7.0,3.0,28.0,0.0,16.46,0.94,61.39,1,1.9662576687116566,1.2739938080495357,9.032258064516128,1
28.0,6.0,7.43,7.35,7.0,5.0,20.0,5.0,9.53,0.58,33.64,0,0.9973154362416108,1.2656042496679947,3.9215686274509807,0
32.0,13.0,7.87,8.06,3.0,3.0,17.0,6.0,9.6,0.51,34.35,0,0.9644607843137255,1.2045169385194479,5.483870967741935,0
29.0,13.0,10.72,6.89,7.0,9.0,10.0,8.0,12.65,1.47,70.4,2,1.5336194563662378,1.1691312384473198,1.098901098901099,1
41.0,11.0,8.89,4.31,5.0,6.0,11.0,0.0,10.78,0.55,53.5,1,2.0158730158730163,1.1991101223581757,1.8032786885245902,2
38.0,0.0,4.89,6.35,0.0,17.0,4.0,0.0,7.15,1.22,44.97,1,0.758139534883721,1.432865731462926,0.23391812865497075,0
20.0,0.0,7.87,4.65,5.0,9.0,1.0,1.0,9.26,1.69,58.77,1,1.656842105263158,1.1618569636135507,0.10989010989010989,1
26.0,11.0,4.94,7.57,3.0,16.0,21.0,5.0,9.52,1.67,47.45,1,0.6440677966101696,1.8888888888888888,1.3043478260869563,0
23.0,19.0,5.91,7.4,4.0,3.0,23.0,2.0,10.45,0.33,24.05,0,0.788,1.7387687188019967,7.419354838709677,0
20.0,10.0,4.07,8.96,3.0,18.0,17.0,5.0,7.53,1.31,55.62,1,0.4492273730684327,1.8057553956834533,0.9392265193370165,0
34.0,3.0,5.81,7.14,4.0,6.0,21.0,1.0,7.06,1.2,11.92,0,0.8024861878453039,1.194585448392555,3.4426229508196724,0
27.0,6.0,7.3,8.0,1.0,12.0,5.0,9.0,11.52,0.56,52.17,1,0.9012345679012346,1.5567567567567568,0.4132231404958678,0
31.0,15.0,9.38,5.34,4.0,2.0,0.0,5.0,10.63,0.78,62.77,1,1.7242647058823533,1.1213080168776373,0.0,1
41.0,2.0,13.19,5.7,1.0,7.0,8.0,6.0,14.62,0.57,72.91,2,2.274137931034483,1.1000752445447706,1.1267605633802817,2
41.0,6.0,9.4,8.59,7.0,10.0,14.0,5.0,11.7,1.07,47.04,1,1.0817031070195628,1.2315789473684209,1.3861386138613863,1
37.0,5.0,11.06,7.78,0.0,15.0,27.0,1.0,13.79,1.61,33.93,0,1.4035532994923858,1.2356630824372759,1.7880794701986755,1
34.0,15.0,7.58,7.28,6.0,19.0,7.0,4.0,10.0,1.76,53.58,1,1.02710027100271,1.3020833333333335,0.36649214659685864,1
36.0,7.0,11.52,5.27,6.0,18.0,27.0,9.0,13.18,1.45,100.0,2,2.145251396648045,1.1342512908777969,1.4917127071823204,2
33.0,5.0,10.2,7.49,5.0,8.0,13.0,5.0,11.65,0.97,56.16,1,1.3438735177865613,1.1310679611650487,1.6049382716049383,1
33.0,9.0,8.6,8.43,5.0,9.0,3.0,7.0,13.04,1.92,41.08,1,1.0082063305978899,1.4988505747126437,0.32967032967032966,1
37.0,15.0,5.94,5.15,1.0,5.0,6.0,8.0,8.39,1.13,38.57,1,1.1314285714285715,1.3890728476821192,1.1764705882352942,1
39.0,10.0,7.04,7.53,1.0,2.0,19.0,4.0,8.91,0.96,21.53,1,0.9226736566186108,1.2478991596638656,9.047619047619047,0
37.0,12.0,10.21,5.97,3.0,19.0,7.0,6.0,13.16,1.71,62.03,1,1.682042833607908,1.2764306498545102,0.36649214659685864,1
35.0,5.0,8.26,4.59,2.0,7.0,9.0,3.0,9.41,0.37,39.18,1,1.7611940298507465,1.125598086124402,1.267605633802817,1
20.0,0.0,12.89,7.82,1.0,5.0,17.0,9.0,16.29,0.32,55.69,1,1.6275252525252526,1.254041570438799,3.3333333333333335,1
32.0,18.0,6.35,4.84,4.0,7.0,17.0,4.0,8.34,1.57,53.17,1,1.285425101214575,1.2930232558139536,2.3943661971830985,1
30.0,11.0,4.73,5.26,0.0,13.0,18.0,0.0,8.12,1.74,18.73,0,0.8824626865671643,1.681159420289855,1.3740458015267176,0
34.0,5.0,9.89,7.91,7.0,7.0,29.0,2.0,13.35,0.15,49.31,1,1.2347066167290888,1.3363363363363363,4.084507042253521,1
31.0,17.0,12.86,7.71,5.0,10.0,3.0,1.0,17.1,1.53,57.01,1,1.6466069142125481,1.3194444444444446,0.297029702970297,1
27.0,12.0,7.65,5.27,4.0,9.0,26.0,5.0,9.57,0.85,42.72,1,1.4245810055865924,1.2348387096774194,2.857142857142857,1
41.0,6.0,10.48,8.7,4.0,9.0,12.0,8.0,13.33,1.41,67.73,1,1.1909090909090911,1.2599243856332702,1.3186813186813187,1
39.0,12.0,6.31,5.08,0.0,10.0,5.0,9.0,11.16,0.27,75.23,2,1.218146718146718,1.7410296411856476,0.49504950495049505,1
25.0,7.0,9.58,8.97,7.0,0.0,20.0,2.0,13.49,1.95,16.09,0,1.0562293274531422,1.3935950413223142,200.0,1
22.0,16.0,11.87,7.69,4.0,14.0,25.0,1.0,16.77,1.76,67.67,1,1.5237483953786906,1.4010025062656644,1.773049645390071,1
43.0,8.0,12.67,5.96,5.0,4.0,12.0,1.0,17.38,0.81,55.34,1,2.0907590759075907,1.3610023492560688,2.9268292682926833,2
32.0,19.0,5.05,4.65,1.0,13.0,25.0,5.0,8.49,1.79,33.06,0,1.063157894736842,1.6485436893203886,1.9083969465648856,1
32.0,12.0,7.56,5.6,7.0,19.0,22.0,9.0,9.62,1.79,94.5,2,1.3263157894736843,1.2558746736292428,1.1518324607329842,1
21.0,1.0,10.4,4.97,2.0,7.0,21.0,5.0,14.43,0.92,44.31,1,2.0512820512820515,1.3742857142857143,2.9577464788732395,2
24.0,3.0,4.35,7.11,1.0,16.0,29.0,5.0,8.14,1.89,15.64,0,0.6033287101248266,1.8292134831460678,1.8012422360248446,0
36.0,1.0,10.91,5.78,6.0,3.0,15.0,8.0,14.27,1.95,81.36,2,1.8554421768707483,1.296094459582198,4.838709677419355,1
25.0,3.0,9.28,5.48,5.0,3.0,19.0,6.0,13.07,0.43,52.3,1,1.6630824372759856,1.3933901918976548,6.129032258064516,1
21.0,17.0,6.89,7.79,3.0,17.0,26.0,6.0,10.34,0.13,72.56,2,0.8732572877059569,1.4792560801144494,1.5204678362573099,0
23.0,4.0,12.15,5.15,4.0,18.0,9.0,0.0,15.23,0.66,79.67,1,2.3142857142857145,1.243265306122449,0.49723756906077343,2
41.0,18.0,6.9,6.93,2.0,2.0,8.0,9.0,9.56,0.98,11.5,0,0.9815078236130869,1.3657142857142859,3.8095238095238093,0
30.0,9.0,13.91,4.97,4.0,8.0,6.0,9.0,15.09,0.19,100.0,2,2.743589743589744,1.077087794432548,0.7407407407407408,2
27.0,17.0,12.16,7.57,3.0,6.0,16.0,1.0,16.62,0.28,53.8,1,1.5853976531942633,1.3556280587275695,2.6229508196721314,1
31.0,9.0,11.08,7.13,3.0,1.0,23.0,2.0,15.54,1.94,23.7,0,1.5325034578146612,1.3899821109123434,20.909090909090907,1
27.0,4.0,4.61,7.99,3.0,8.0,19.0,4.0,7.99,1.47,28.7,0,0.5698393077873919,1.6963906581740977,2.345679012345679,0
30.0,16.0,13.04,4.34,5.0,5.0,6.0,3.0,15.11,1.75,77.44,2,2.936936936936937,1.149923896499239,1.1764705882352942,2
41.0,12.0,11.9,5.05,1.0,5.0,26.0,7.0,13.01,1.94,55.05,1,2.3106796116504857,1.0841666666666667,5.098039215686275,2
39.0,16.0,6.29,4.77,5.0,15.0,1.0,5.0,7.3,0.76,68.4,1,1.291581108829569,1.1424100156494523,0.06622516556291391,1
27.0,8.0,7.92,4.95,1.0,1.0,27.0,5.0,9.21,1.38,34.1,0,1.5683168316831684,1.1483790523690776,24.545454545454543,1
27.0,11.0,6.69,4.52,2.0,15.0,18.0,8.0,9.13,0.37,72.21,2,1.4480519480519485,1.3446244477172313,1.1920529801324504,1
36.0,13.0,13.84,6.81,3.0,2.0,0.0,1.0,15.59,1.1,42.09,1,2.002894356005789,1.118364418938307,0.0,2
39.0,13.0,12.54,6.97,6.0,15.0,1.0,7.0,14.6,0.42,86.56,2,1.7736916548797736,1.1550632911392407,0.06622516556291391,1
39.0,7.0,13.3,6.46,1.0,11.0,26.0,4.0,17.1,0.32,82.21,2,2.0274390243902443,1.2761194029850746,2.3423423423423424,2
42.0,4.0,11.89,6.09,0.0,2.0,4.0,9.0,16.73,0.2,68.92,1,1.9208400646203556,1.3953294412010009,1.9047619047619047,1
35.0,18.0,8.56,6.66,6.0,10.0,17.0,5.0,10.39,1.16,66.8,1,1.2662721893491125,1.199769053117783,1.6831683168316833,1
33.0,13.0,6.05,8.96,0.0,10.0,28.0,2.0,8.91,1.9,6.11,0,0.6677704194260485,1.4487804878048782,2.7722772277227725,0
30.0,8.0,6.08,6.66,1.0,15.0,5.0,7.0,11.05,0.24,60.6,1,0.8994082840236687,1.7880258899676378,0.33112582781456956,0
26.0,6.0,5.52,6.87,6.0,4.0,5.0,1.0,10.25,1.0,14.63,0,0.7919655667144906,1.823843416370107,1.2195121951219514,0
32.0,7.0,9.47,8.98,6.0,19.0,21.0,0.0,11.88,1.37,61.25,1,1.0429515418502204,1.2413793103448276,1.0994764397905759,1
32.0,13.0,13.2,8.97,2.0,7.0,27.0,0.0,15.48,0.99,29.14,0,1.4553472987872105,1.1639097744360904,3.802816901408451,1
34.0,13.0,13.92,6.12,4.0,10.0,26.0,7.0,15.89,1.82,71.17,2,2.2379421221864955,1.1333808844507847,2.5742574257425743,2
43.0,10.0,6.87,7.17,5.0,10.0,15.0,1.0,8.49,0.33,25.96,0,0.9449793672627236,1.2180774748923962,1.4851485148514851,0
35.0,13.0,10.97,6.4,7.0,17.0,15.0,4.0,13.81,0.05,88.88,2,1.6876923076923078,1.2475158084914182,0.8771929824561403,1
40.0,7.0,9.97,7.6,3.0,18.0,29.0,1.0,12.33,0.77,38.41,1,1.294805194805195,1.224428997020854,1.6022099447513811,1
42.0,2.0,8.89,8.69,1.0,9.0,2.0,3.0,12.87,1.11,37.75,1,1.0113765642775883,1.4315906562847607,0.21978021978021978,1
43.0,17.0,8.99,5.55,2.0,3.0,26.0,8.0,12.61,0.51,68.68,1,1.5911504424778764,1.3872387238723871,8.387096774193548,1
28.0,2.0,7.71,8.09,7.0,9.0,2.0,1.0,11.66,0.34,22.02,0,0.9413919413919415,1.4929577464788732,0.21978021978021978,0
22.0,12.0,8.99,7.27,6.0,13.0,25.0,3.0,15.59,1.61,73.01,2,1.2198100407055632,1.715071507150715,1.9083969465648856,1
38.0,11.0,11.05,5.4,5.0,5.0,22.0,9.0,14.42,0.38,97.32,2,2.0090909090909093,1.2932735426008968,4.313725490196079,2
39.0,14.0,11.54,7.99,4.0,4.0,28.0,4.0,15.09,0.89,44.9,1,1.426452410383189,1.2963917525773196,6.829268292682928,1
24.0,17.0,6.42,6.14,2.0,14.0,28.0,9.0,10.11,1.91,46.91,1,1.028846153846154,1.5506134969325154,1.9858156028368794,1
29.0,4.0,5.69,4.6,4.0,4.0,3.0,9.0,7.39,1.23,43.15,1,1.2106382978723407,1.2763385146804835,0.7317073170731708,1
36.0,6.0,7.94,8.97,0.0,5.0,5.0,4.0,10.07,1.0,32.54,0,0.8754134509371555,1.2524875621890545,0.9803921568627452,0
34.0,10.0,11.67,6.13,5.0,18.0,27.0,4.0,13.65,0.72,76.74,2,1.8731942215088284,1.159728122344945,1.4917127071823204,1
42.0,10.0,13.39,6.71,5.0,19.0,14.0,9.0,16.69,1.04,100.0,2,1.9662261380323056,1.2372127501853225,0.7329842931937173,1
44.0,14.0,8.27,8.04,4.0,16.0,2.0,9.0,9.57,1.47,73.07,2,1.0159705159705161,1.1433691756272404,0.12422360248447203,1
27.0,9.0,11.74,6.46,0.0,13.0,24.0,1.0,14.81,1.65,53.795,1,1.7896341463414636,1.2508445945945947,1.83206106870229,1
34.0,10.0,8.7,8.36,7.0,10.0,8.0,7.0,10.05,1.3,54.78,1,1.0283687943262412,1.1420454545454548,0.7920792079207921,1
40.0,12.0,6.95,6.63,3.0,13.0,2.0,4.0,9.3,1.58,53.6,1,1.0326894502228827,1.319148936170213,0.15267175572519084,1
33.0,10.0,11.39,6.73,1.0,4.0,5.0,5.0,15.14,0.18,42.73,1,1.6676427525622255,1.3176675369886859,1.2195121951219514,1
39.0,16.0,11.98,5.4,6.0,12.0,20.0,7.0,14.63,0.03,99.19,2,2.178181818181818,1.211092715231788,1.6528925619834711,2
26.0,10.0,6.03,6.31,0.0,11.0,19.0,7.0,8.15,1.47,25.05,0,0.9407176287051483,1.3295269168026103,1.7117117117117118,0
40.0,9.0,7.05,8.73,2.0,18.0,23.0,9.0,10.51,0.52,74.38,2,0.79841449603624,1.46993006993007,1.2707182320441988,0
42.0,0.0,8.95,7.63,4.0,9.0,25.0,6.0,12.91,1.76,57.0,1,1.1578266494178524,1.4265193370165747,2.7472527472527473,1
31.0,0.0,5.87,4.06,5.0,12.0,8.0,7.0,7.89,1.07,58.59,1,1.4110576923076925,1.321608040201005,0.6611570247933884,1
36.0,14.0,13.29,4.58,2.0,14.0,14.0,9.0,15.49,0.96,100.0,2,2.83974358974359,1.1568334578043318,0.9929078014184397,2
36.0,15.0,9.91,8.62,5.0,19.0,27.0,6.0,12.02,1.55,78.1,2,1.136467889908257,1.2007992007992008,1.413612565445026,1
29.0,11.0,5.21,8.24,0.0,12.0,8.0,9.0,10.07,1.48,23.13,0,0.6247002398081535,1.8964218455743882,0.6611570247933884,0
38.0,5.0,5.84,6.43,5.0,3.0,4.0,5.0,7.7,1.41,24.45,0,0.8943338437978561,1.2962962962962965,1.2903225806451613,0
33.0,5.0,13.54,7.08,6.0,8.0,20.0,4.0,17.16,1.38,72.46,2,1.8857938718662952,1.2580645161290325,2.469135802469136,1
30.0,11.0,11.38,5.45,7.0,18.0,26.0,4.0,16.01,1.03,74.89,2,2.050450450450451,1.3945993031358885,1.43646408839779,2
21.0,14.0,11.34,7.96,5.0,19.0,15.0,7.0,14.19,1.85,93.59,2,1.4069478908188584,1.2403846153846154,0.7853403141361256,1
37.0,3.0,4.72,7.02,6.0,6.0,2.0,0.0,6.99,1.78,31.42,0,0.6629213483146068,1.4502074688796682,0.3278688524590164,0
26.0,3.0,12.95,7.47,5.0,14.0,8.0,1.0,16.62,0.66,96.62,2,1.7107001321003963,1.2735632183908048,0.5673758865248227,1
31.0,1.0,8.44,5.87,5.0,9.0,16.0,0.0,9.57,1.61,33.15,0,1.4137353433835846,1.1206088992974241,1.7582417582417582,1
21.0,11.0,10.6,6.15,7.0,13.0,27.0,9.0,13.04,1.78,98.1,2,1.696,1.2186915887850467,2.0610687022900764,1
39.0,6.0,13.6,5.04,6.0,13.0,2.0,6.0,12.02,1.24,91.33,2,2.6459143968871595,0.8773722627737226,0.15267175572519084,2
37.0,19.0,5.0,8.74,6.0,8.0,6.0,8.0,6.9,1.11,35.38,1,0.5656108597285068,1.3529411764705883,0.7407407407407408,0
25.0,8.0,8.82,8.73,2.0,15.0,6.0,6.0,10.54,1.34,44.66,1,0.9988674971687429,1.1816143497757847,0.3973509933774835,0
43.0,8.0,4.5,8.09,4.0,1.0,20.0,8.0,8.45,0.33,28.56,0,0.5494505494505495,1.8369565217391304,18.18181818181818,0
29.0,7.0,9.0,8.68,1.0,13.0,5.0,3.0,12.02,0.17,21.4,0,1.0250569476082005,1.3208791208791208,0.3816793893129771,1
39.0,13.0,6.52,7.33,7.0,3.0,19.0,6.0,9.06,1.64,21.08,0,0.8775235531628532,1.368580060422961,6.129032258064516,0
34.0,0.0,13.11,5.17,2.0,2.0,7.0,9.0,14.31,1.15,51.53,1,2.487666034155598,1.0832702498107496,3.333333333333333,2
24.0,11.0,7.98,7.8,3.0,2.0,3.0,9.0,11.86,0.25,38.67,1,1.010126582278481,1.4678217821782178,1.4285714285714286,1
39.0,1.0,10.34,5.63,4.0,10.0,14.0,6.0,13.49,0.83,67.9,1,1.8045375218150088,1.292145593869732,1.3861386138613863,1
22.0,12.0,8.99,6.2,4.0,4.0,14.0,9.0,16.49,0.6,62.46,1,1.426984126984127,1.8140814081408139,3.414634146341464,1
24.0,3.0,13.84,5.37,7.0,15.0,5.0,9.0,12.02,1.75,100.0,2,2.530164533820841,0.8622668579626973,0.33112582781456956,2
44.0,19.0,9.04,6.12,6.0,18.0,15.0,1.0,13.66,1.01,71.0,2,1.4533762057877813,1.4945295404814007,0.8287292817679557,1
27.0,17.0,8.56,7.4,3.0,8.0,4.0,1.0,10.12,1.16,41.06,1,1.1413333333333333,1.1685912240184757,0.4938271604938272,1
27.0,18.0,4.76,4.55,6.0,10.0,11.0,7.0,6.44,0.47,70.31,2,1.0236559139784946,1.3251028806584364,1.0891089108910892,1
27.0,15.0,4.13,4.53,6.0,11.0,13.0,1.0,6.5,1.6,28.87,0,0.8920086393088553,1.5366430260047284,1.1711711711711712,0
31.0,13.0,10.09,7.42,0.0,7.0,25.0,0.0,13.06,1.86,27.7,0,1.3417553191489362,1.281648675171737,3.5211267605633805,1
43.0,7.0,4.65,7.9,3.0,13.0,5.0,0.0,9.35,1.58,5.52,0,0.58125,1.9684210526315788,0.3816793893129771,0
42.0,11.0,7.8,6.76,0.0,16.0,2.0,0.0,12.43,1.02,39.68,1,1.1370262390670554,1.5734177215189875,0.12422360248447203,1
27.0,8.0,4.04,4.91,1.0,19.0,28.0,5.0,8.53,1.67,48.34,1,0.8063872255489022,2.0603864734299515,1.4659685863874345,0
30.0,5.0,10.15,6.15,0.0,14.0,18.0,4.0,12.04,0.38,79.5,2,1.624,1.1746341463414633,1.2765957446808511,1
33.0,17.0,8.25,7.79,6.0,14.0,9.0,6.0,12.17,0.23,72.3,2,1.0456273764258555,1.4574850299401199,0.6382978723404256,1
27.0,1.0,5.27,7.43,7.0,11.0,6.0,2.0,7.8,0.88,39.79,1,0.699867197875166,1.4525139664804472,0.5405405405405406,0
43.0,7.0,6.96,4.55,1.0,9.0,12.0,4.0,11.68,0.36,41.78,1,1.4967741935483874,1.6543909348441928,1.3186813186813187,1
29.0,13.0,9.7,8.85,1.0,11.0,0.0,1.0,11.56,0.52,4.84,0,1.0837988826815643,1.179591836734694,0.0,1
26.0,5.0,10.57,5.12,5.0,18.0,0.0,8.0,12.14,1.17,96.76,2,2.024904214559387,1.1377694470477977,0.0,2
36.0,9.0,8.62,5.1,5.0,11.0,16.0,8.0,12.99,0.81,69.88,1,1.6576923076923078,1.4896788990825691,1.4414414414414416,1
23.0,7.0,12.04,6.3,3.0,10.0,21.0,3.0,15.91,1.73,50.23,1,1.88125,1.3105436573311369,2.0792079207920793,1
32.0,16.0,5.12,5.64,6.0,5.0,3.0,1.0,9.41,0.45,33.2,0,0.8919860627177701,1.8026819923371649,0.5882352941176471,0
23.0,11.0,4.85,8.92,1.0,7.0,14.0,9.0,6.48,1.99,31.49,1,0.5376940133037694,1.3090909090909093,1.971830985915493,0
24.0,16.0,4.44,4.38,6.0,10.0,5.0,7.0,8.98,0.72,44.01,1,0.9910714285714287,1.9779735682819384,0.49504950495049505,0
41.0,12.0,9.36,5.53,0.0,2.0,29.0,3.0,13.07,1.03,32.91,0,1.6625222024866784,1.3816067653276958,13.809523809523808,1
23.0,18.0,11.06,5.91,2.0,15.0,13.0,4.0,14.67,0.26,75.28,2,1.8402662229617306,1.314516129032258,0.8609271523178809,1
37.0,11.0,5.31,6.47,5.0,5.0,14.0,3.0,8.64,1.16,35.23,1,0.8082191780821918,1.5970425138632165,2.7450980392156863,0
25.0,10.0,10.39,4.08,4.0,8.0,0.0,1.0,14.45,1.92,57.4,1,2.4856459330143545,1.3775023832221163,0.0,2
43.0,4.0,8.77,4.41,4.0,9.0,14.0,5.0,11.43,1.5,64.84,1,1.9445676274944568,1.2886133032694476,1.5384615384615385,1
43.0,15.0,13.87,5.29,0.0,5.0,15.0,0.0,15.4,0.49,52.05,1,2.5732838589981446,1.1023622047244095,2.9411764705882355,2
42.0,5.0,11.17,6.77,5.0,4.0,3.0,7.0,14.33,0.89,67.45,1,1.6259097525473074,1.2715173025732032,0.7317073170731708,1
41.0,10.0,10.57,6.46,2.0,0.0,1.0,0.0,14.56,0.85,29.96,0,1.611280487804878,1.3645735707591378,10.0,1
21.0,16.0,9.7,7.43,7.0,2.0,0.0,4.0,11.31,0.2,70.94,2,1.2881806108897742,1.1540816326530614,0.0,1
42.0,13.0,13.97,6.46,6.0,2.0,12.0,8.0,15.87,1.77,68.23,1,2.1295731707317076,1.1279317697228144,5.714285714285714,2
30.0,5.0,13.8,5.99,1.0,11.0,15.0,0.0,17.59,0.76,61.59,1,2.266009852216749,1.2654676258992805,1.3513513513513513,2
32.0,10.0,9.38,8.35,5.0,3.0,7.0,9.0,11.46,0.99,44.16,1,1.1100591715976333,1.2088607594936709,2.258064516129032,1
24.0,11.0,8.55,6.3,0.0,15.0,21.0,6.0,10.23,0.58,58.18,1,1.3359375000000002,1.1826589595375723,1.390728476821192,1
25.0,12.0,8.62,5.5,6.0,10.0,3.0,6.0,13.18,0.3,83.42,2,1.5392857142857141,1.511467889908257,0.297029702970297,1
29.0,3.0,8.28,7.15,1.0,7.0,1.0,4.0,9.92,1.8,23.51,0,1.1420689655172414,1.1837708830548928,0.14084507042253522,1
27.0,6.0,9.31,7.46,5.0,8.0,27.0,3.0,11.69,0.07,55.26,1,1.2314814814814816,1.2422954303931986,3.3333333333333335,1
33.0,1.0,6.74,5.99,3.0,13.0,12.0,8.0,9.45,0.8,71.72,2,1.1067323481116584,1.381578947368421,0.916030534351145,1
43.0,5.0,13.27,4.14,2.0,14.0,4.0,4.0,16.17,1.46,98.48,2,3.1297169811320757,1.2094240837696337,0.28368794326241137,3
22.0,5.0,8.9,4.47,4.0,18.0,24.0,0.0,11.35,0.62,82.06,2,1.9474835886214446,1.261111111111111,1.3259668508287292,1
31.0,17.0,12.42,8.23,0.0,8.0,22.0,8.0,17.07,0.89,69.44,1,1.4909963985594237,1.3634185303514377,2.7160493827160495,1
35.0,19.0,8.75,4.28,4.0,16.0,19.0,4.0,12.38,1.13,76.71,2,1.997716894977169,1.3988700564971752,1.1801242236024843,1
32.0,7.0,11.18,6.96,6.0,8.0,20.0,8.0,13.62,1.99,64.43,1,1.5835694050991502,1.2074468085106382,2.469135802469136,1
36.0,7.0,7.37,4.92,1.0,2.0,23.0,7.0,9.8,1.52,16.88,0,1.4681274900398409,1.3119143239625168,10.952380952380953,1
20.0,7.0,10.25,5.14,1.0,15.0,26.0,9.0,13.26,1.93,74.08,2,1.9561068702290079,1.281159420289855,1.7218543046357617,1
42.0,7.0,8.98,5.37,3.0,12.0,12.0,6.0,10.11,1.39,66.06,1,1.6416819012797077,1.1134361233480174,0.9917355371900827,1
29.0,0.0,7.67,4.19,7.0,16.0,4.0,5.0,12.38,0.54,90.03,2,1.7878787878787878,1.5933075933075935,0.24844720496894407,1
44.0,1.0,12.82,4.89,1.0,3.0,15.0,8.0,14.71,0.57,88.7,2,2.569138276553107,1.138544891640867,4.838709677419355,2
42.0,11.0,5.13,7.25,1.0,8.0,27.0,3.0,8.92,1.64,15.52,0,0.6979591836734694,1.705544933078394,3.3333333333333335,0
29.0,14.0,8.87,6.49,6.0,8.0,5.0,5.0,12.98,0.86,65.33,1,1.34597875569044,1.4470457079152734,0.617283950617284,1
40.0,3.0,5.94,7.99,7.0,17.0,15.0,0.0,10.25,0.74,43.71,1,0.7342398022249692,1.6970198675496688,0.8771929824561403,0
43.0,2.0,12.61,4.31,4.0,13.0,28.0,6.0,14.27,1.89,90.44,2,2.8594104308390027,1.1227380015735642,2.1374045801526718,2
21.0,13.0,6.53,6.46,4.0,19.0,25.0,5.0,9.68,0.03,56.75,1,0.9954268292682927,1.4600301659125188,1.3089005235602094,0
28.0,7.0,10.33,8.98,0.0,2.0,21.0,6.0,11.66,1.05,27.72,0,1.1376651982378854,1.1179290508149569,10.0,1
41.0,12.0,5.66,4.08,0.0,3.0,23.0,0.0,9.88,1.55,4.41,0,1.354066985645933,1.715277777777778,7.419354838709677,1
32.0,18.0,8.05,8.84,1.0,0.0,12.0,6.0,11.0,1.47,12.04,0,0.900447427293065,1.3496932515337423,120.0,0
44.0,4.0,12.99,5.18,5.0,17.0,10.0,6.0,14.62,0.74,95.79,2,2.460227272727273,1.1168831168831168,0.5847953216374269,2
35.0,12.0,5.66,7.46,2.0,3.0,20.0,7.0,9.53,1.07,32.61,0,0.7486772486772487,1.6545138888888888,6.451612903225806,0
37.0,19.0,10.63,5.46,0.0,9.0,0.0,1.0,12.95,0.01,64.95,1,1.9118705035971226,1.206896551724138,0.0,1
38.0,0.0,6.05,6.61,1.0,3.0,3.0,0.0,7.51,1.07,0.0,0,0.9016393442622951,1.2211382113821139,0.9677419354838709,0
31.0,15.0,8.16,6.55,5.0,16.0,2.0,0.0,11.0,1.18,41.77,1,1.2270676691729325,1.331719128329298,0.12422360248447203,1
27.0,1.0,9.41,5.81,5.0,7.0,17.0,7.0,11.35,1.75,58.2,1,1.592216582064298,1.1934805467928495,2.3943661971830985,1
36.0,6.0,9.77,7.59,4.0,18.0,22.0,5.0,14.57,0.42,53.795,1,1.270481144343303,1.4761904761904763,1.2154696132596685,1
34.0,5.0,10.03,7.0,5.0,8.0,15.0,8.0,12.48,1.65,53.73,1,1.412676056338028,1.231984205330701,1.8518518518518519,1
29.0,4.0,10.4,6.54,3.0,15.0,12.0,1.0,13.69,1.44,53.795,1,1.566265060240964,1.3038095238095238,0.794701986754967,1
34.0,3.0,6.72,8.91,4.0,14.0,12.0,3.0,11.51,1.33,38.75,1,0.7458379578246392,1.687683284457478,0.851063829787234,0
34.0,1.0,8.01,8.7,4.0,19.0,6.0,7.0,10.58,0.79,70.61,2,0.9102272727272728,1.3045622688039458,0.31413612565445026,0
42.0,9.0,4.37,8.78,3.0,15.0,23.0,5.0,6.8,0.73,30.95,0,0.4921171171171172,1.5212527964205818,1.5231788079470199,0
26.0,4.0,11.69,8.41,6.0,11.0,14.0,1.0,13.34,1.41,49.52,1,1.3736780258519388,1.1314673452078032,1.2612612612612613,1
32.0,17.0,12.37,5.28,6.0,17.0,25.0,9.0,17.12,1.98,100.0,2,2.299256505576208,1.3728949478749,1.461988304093567,2
36.0,9.0,5.99,5.75,4.0,6.0,14.0,1.0,10.19,0.81,29.78,0,1.023931623931624,1.6732348111658457,2.295081967213115,1
28.0,14.0,6.01,5.16,0.0,15.0,4.0,6.0,7.89,1.84,53.795,1,1.1425855513307985,1.2913256955810148,0.26490066225165565,1
27.0,8.0,4.42,8.93,4.0,18.0,16.0,8.0,6.75,1.17,42.89,1,0.4894795127353267,1.4933628318584071,0.8839779005524862,0
39.0,10.0,13.7,4.76,3.0,5.0,21.0,7.0,18.36,1.74,91.09,2,2.8189300411522638,1.3304347826086957,4.11764705882353,2
40.0,16.0,12.07,5.83,1.0,5.0,21.0,1.0,15.22,0.43,36.77,1,2.0354131534569984,1.2506162695152014,4.11764705882353,2
32.0,8.0,7.61,5.0,7.0,5.0,10.0,2.0,10.84,1.52,34.86,0,1.4921568627450983,1.4059662775616082,1.9607843137254903,1
32.0,15.0,8.82,5.12,1.0,14.0,23.0,7.0,12.41,1.67,56.4,1,1.6896551724137931,1.391255605381166,1.6312056737588654,1
35.0,5.0,6.92,5.24,1.0,1.0,12.0,3.0,10.97,1.66,18.36,0,1.2958801498127341,1.562678062678063,10.909090909090908,1
28.0,10.0,9.97,7.2,6.0,8.0,9.0,5.0,14.73,1.57,49.53,1,1.3657534246575345,1.4627606752730884,1.1111111111111112,1
31.0,16.0,11.17,4.38,3.0,7.0,14.0,1.0,15.38,0.61,59.22,1,2.4933035714285716,1.3646850044365573,1.971830985915493,2
31.0,10.0,8.99,6.86,3.0,6.0,1.0,0.0,13.21,1.04,32.95,0,1.2916666666666667,1.4532453245324533,0.1639344262295082,1
25.0,14.0,12.74,8.1,0.0,15.0,10.0,5.0,17.02,0.6,85.95,2,1.5536585365853661,1.3255451713395638,0.6622516556291391,1
38.0,0.0,9.17,7.83,3.0,14.0,14.0,7.0,10.36,0.69,68.23,1,1.1563682219419924,1.1175836030204962,0.9929078014184397,1
26.0,19.0,8.99,4.76,5.0,8.0,10.0,4.0,6.91,0.6,45.15,1,1.8497942386831279,0.7601760176017602,1.234567901234568,1
44.0,0.0,10.22,8.57,1.0,19.0,28.0,0.0,14.76,0.57,58.27,1,1.1787773933102654,1.4302325581395348,1.4659685863874345,1
22.0,8.0,8.62,7.85,3.0,14.0,21.0,9.0,9.73,1.39,42.9,1,1.0842767295597484,1.1158256880733948,1.4893617021276595,1
35.0,11.0,13.36,4.03,2.0,1.0,0.0,1.0,17.54,1.3,53.75,1,3.234866828087167,1.3031203566121843,0.0,3
32.0,3.0,7.92,7.69,6.0,19.0,24.0,2.0,12.32,0.41,51.72,1,1.0166880616174583,1.5361596009975063,1.256544502617801,1
35.0,12.0,8.03,7.69,4.0,13.0,7.0,1.0,10.69,1.38,33.0,0,1.0308087291399228,1.3148831488314885,0.5343511450381679,1
42.0,6.0,10.51,6.48,0.0,10.0,25.0,8.0,12.93,0.58,66.53,1,1.5972644376899696,1.2186616399622998,2.4752475247524752,1
26.0,7.0,9.27,4.23,1.0,2.0,16.0,9.0,11.05,0.4,69.95,1,2.1408775981524246,1.1792956243329777,7.619047619047619,2
23.0,12.0,7.74,6.9,7.0,1.0,7.0,1.0,8.94,1.49,4.98,0,1.1057142857142856,1.1403061224489794,6.363636363636363,1
44.0,10.0,13.9,7.83,5.0,17.0,12.0,2.0,17.88,0.73,86.92,2,1.7528373266078185,1.2771428571428571,0.7017543859649122,1
27.0,8.0,7.02,5.35,5.0,13.0,22.0,8.0,12.02,1.14,69.04,1,1.288073394495413,1.6882022471910114,1.6793893129770994,1
32.0,15.0,6.78,7.34,7.0,4.0,4.0,2.0,11.56,0.4,34.85,0,0.9112903225806452,1.680232558139535,0.9756097560975611,0
32.0,9.0,12.64,5.77,1.0,11.0,28.0,7.0,14.83,1.23,100.0,2,2.153321976149915,1.164050235478807,2.5225225225225225,2
36.0,10.0,4.03,6.87,5.0,13.0,5.0,7.0,8.21,0.42,63.13,1,0.5781922525107605,1.987893462469734,0.3816793893129771,0
36.0,11.0,8.99,5.92,2.0,5.0,19.0,2.0,7.25,0.33,27.63,0,1.493355481727575,0.7975797579757976,3.7254901960784315,1
24.0,13.0,9.9,5.52,0.0,7.0,24.0,9.0,13.05,0.77,70.18,2,1.7615658362989326,1.3050000000000002,3.3802816901408455,1
25.0,18.0,5.62,6.46,6.0,6.0,24.0,9.0,8.02,1.58,37.71,1,0.8567073170731708,1.402097902097902,3.934426229508197,0
38.0,11.0,13.86,7.77,4.0,6.0,28.0,2.0,14.98,0.35,70.06,2,1.7611181702668361,1.0730659025787967,4.59016393442623,1
32.0,17.0,8.64,5.73,0.0,11.0,25.0,7.0,12.26,0.23,62.49,1,1.4819897084048028,1.402745995423341,2.2522522522522523,1
44.0,16.0,9.97,6.17,0.0,6.0,13.0,2.0,14.74,0.06,47.14,1,1.5901116427432218,1.4637537239324727,2.1311475409836067,1
33.0,2.0,5.6,7.46,6.0,11.0,16.0,3.0,6.64,0.83,30.37,0,0.7407407407407407,1.1649122807017545,1.4414414414414416,0
41.0,0.0,6.89,8.06,7.0,15.0,15.0,5.0,8.97,0.56,57.72,1,0.8443627450980392,1.2832618025751075,0.9933774834437087,0
23.0,18.0,10.15,7.42,1.0,6.0,27.0,6.0,13.96,0.58,63.79,1,1.3497340425531916,1.3619512195121952,4.426229508196721,1
26.0,3.0,9.5,6.7,7.0,7.0,8.0,0.0,13.99,1.02,53.795,1,1.397058823529412,1.4572916666666667,1.1267605633802817,1
27.0,15.0,11.84,8.77,3.0,9.0,18.0,7.0,13.6,0.39,50.34,1,1.334836527621195,1.139028475711893,1.978021978021978,1
44.0,11.0,6.69,7.87,4.0,12.0,27.0,2.0,7.97,0.92,6.36,0,0.8393977415307403,1.1737849779086893,2.231404958677686,0
32.0,12.0,10.54,4.58,0.0,18.0,1.0,6.0,11.57,1.97,82.37,2,2.252136752136752,1.0874060150375942,0.055248618784530384,2
25.0,16.0,6.91,6.79,2.0,0.0,14.0,9.0,8.77,0.06,37.22,1,1.002902757619739,1.2510699001426533,140.0,1
25.0,7.0,9.87,6.05,6.0,17.0,19.0,2.0,11.16,1.39,59.47,1,1.604878048780488,1.119358074222668,1.111111111111111,1
43.0,12.0,10.05,7.97,4.0,6.0,8.0,8.0,12.49,0.74,52.0,1,1.2453531598513012,1.2305418719211823,1.3114754098360657,1
40.0,19.0,5.22,4.22,3.0,16.0,3.0,9.0,7.98,1.81,64.55,1,1.2083333333333335,1.5000000000000002,0.18633540372670807,1
22.0,4.0,9.49,6.05,3.0,14.0,4.0,4.0,12.41,1.82,60.21,1,1.543089430894309,1.2940563086548489,0.28368794326241137,1
22.0,17.0,4.12,5.59,1.0,18.0,5.0,2.0,5.69,0.77,45.84,1,0.7240773286467488,1.3483412322274884,0.2762430939226519,0
32.0,14.0,9.01,4.71,0.0,3.0,19.0,5.0,11.87,0.44,33.9,0,1.8731808731808732,1.3029637760702524,6.129032258064516,1
41.0,11.0,10.98,6.46,6.0,16.0,14.0,3.0,12.02,0.86,77.59,2,1.6737804878048783,1.0848375451263537,0.8695652173913043,1
21.0,16.0,4.73,7.36,5.0,6.0,12.0,4.0,6.69,1.93,15.03,0,0.6340482573726542,1.3850931677018634,1.9672131147540985,0
35.0,14.0,13.39,5.81,7.0,15.0,17.0,4.0,15.87,0.56,99.35,2,2.2656514382402713,1.1764269829503335,1.1258278145695364,2
41.0,1.0,8.59,6.9,1.0,16.0,2.0,7.0,10.06,1.96,65.97,1,1.227142857142857,1.1576524741081704,0.12422360248447203,1
25.0,5.0,13.38,6.96,5.0,19.0,19.0,9.0,17.64,1.02,100.0,2,1.8951841359773374,1.3086053412462908,0.9947643979057591,1
27.0,16.0,5.07,6.94,3.0,14.0,4.0,5.0,6.87,0.53,49.23,1,0.7201704545454546,1.3288201160541586,0.28368794326241137,0
42.0,15.0,13.5,6.65,3.0,8.0,12.0,4.0,17.52,1.58,77.77,2,2.0,1.2882352941176471,1.4814814814814816,1
27.0,10.0,5.09,4.58,2.0,12.0,9.0,1.0,7.99,0.1,46.09,1,1.0876068376068377,1.5394990366088634,0.7438016528925621,1
44.0,19.0,8.61,5.09,2.0,6.0,25.0,4.0,11.53,1.1,46.72,1,1.6589595375722543,1.3237657864523538,4.0983606557377055,1
25.0,8.0,13.38,8.0,3.0,18.0,2.0,6.0,16.96,0.71,84.09,2,1.6518518518518521,1.258160237388724,0.11049723756906077,1
33.0,4.0,6.33,6.51,2.0,10.0,10.0,2.0,7.51,0.85,35.4,1,0.957639939485628,1.1679626749611198,0.9900990099009901,0
22.0,0.0,4.35,7.53,2.0,7.0,0.0,6.0,5.67,0.95,38.46,1,0.5701179554390563,1.2741573033707867,0.0,0
29.0,5.0,11.93,6.85,2.0,16.0,26.0,0.0,14.24,1.01,74.07,2,1.7165467625899282,1.1837073981712387,1.6149068322981366,1
22.0,13.0,9.96,4.19,3.0,3.0,26.0,5.0,12.63,1.31,66.27,1,2.3216783216783217,1.2554671968190856,8.387096774193548,2
31.0,16.0,9.14,7.98,0.0,3.0,14.0,0.0,11.86,1.39,0.0,0,1.1311881188118813,1.2835497835497836,4.516129032258064,1
36.0,18.0,4.34,4.32,0.0,17.0,23.0,6.0,8.05,1.95,27.02,0,0.9819004524886877,1.8130630630630635,1.3450292397660817,0
24.0,0.0,10.53,8.72,6.0,16.0,23.0,5.0,11.53,1.53,64.27,1,1.193877551020408,1.0846660395108185,1.4285714285714284,1
39.0,0.0,5.72,5.08,4.0,2.0,28.0,9.0,10.56,1.38,45.13,1,1.1042471042471043,1.8144329896907219,13.333333333333332,1
44.0,12.0,13.31,6.56,2.0,8.0,3.0,0.0,15.01,0.78,52.66,1,1.9984984984984988,1.1193139448173004,0.3703703703703704,1
28.0,13.0,10.86,4.32,0.0,5.0,14.0,5.0,12.85,0.24,67.82,1,2.457013574660633,1.1724452554744527,2.7450980392156863,2
40.0,5.0,11.07,8.47,4.0,1.0,6.0,5.0,15.69,0.12,28.07,0,1.2917152858809802,1.404655326768129,5.454545454545454,1
39.0,5.0,6.33,8.9,1.0,11.0,14.0,6.0,7.35,0.96,27.18,0,0.7033333333333334,1.1430793157076204,1.2612612612612613,0
26.0,0.0,12.81,4.73,2.0,14.0,3.0,0.0,17.78,1.34,61.54,1,2.6521739130434785,1.3772269558481798,0.2127659574468085,2
41.0,13.0,9.38,5.48,0.0,8.0,29.0,7.0,10.52,1.3,46.91,1,1.681003584229391,1.109704641350211,3.5802469135802473,1
23.0,2.0,12.57,4.08,0.0,1.0,2.0,7.0,14.05,1.91,52.62,1,3.007177033492823,1.1089187056037886,1.8181818181818181,3
32.0,9.0,6.71,7.93,5.0,11.0,22.0,8.0,8.67,0.76,43.07,1,0.8356164383561644,1.2731277533039649,1.981981981981982,0
32.0,18.0,11.55,5.56,0.0,15.0,13.0,5.0,14.3,1.26,38.25,1,2.040636042402827,1.2274678111587982,0.8609271523178809,2
29.0,18.0,9.75,6.94,5.0,6.0,5.0,5.0,12.82,1.78,63.21,1,1.3849431818181819,1.301522842639594,0.819672131147541,1
37.0,18.0,4.48,4.2,4.0,0.0,0.0,9.0,5.9,0.81,35.38,1,1.0418604651162793,1.2882096069868996,0.0,1
36.0,3.0,8.05,7.58,5.0,6.0,8.0,4.0,9.34,0.96,32.26,0,1.0481770833333335,1.1460122699386501,1.3114754098360657,1
39.0,19.0,5.84,6.65,1.0,2.0,11.0,5.0,6.97,1.85,12.92,0,0.8651851851851852,1.1734006734006734,5.238095238095238,0
39.0,18.0,7.59,7.62,7.0,19.0,17.0,4.0,9.62,1.1,69.3,1,0.9831606217616581,1.2509752925877764,0.8900523560209423,0
32.0,9.0,7.83,7.95,6.0,4.0,28.0,0.0,12.52,1.6,20.48,0,0.972670807453416,1.578814627994956,6.829268292682928,0
36.0,1.0,8.75,4.45,7.0,2.0,2.0,1.0,11.31,1.87,30.25,0,1.9230769230769231,1.2779661016949153,0.9523809523809523,1
41.0,3.0,10.0,6.89,2.0,14.0,20.0,2.0,14.06,1.14,64.67,1,1.430615164520744,1.3920792079207922,1.4184397163120568,1
23.0,5.0,9.71,7.25,4.0,5.0,14.0,6.0,11.47,0.22,40.5,1,1.3210884353741499,1.1692150866462794,2.7450980392156863,1
20.0,6.0,4.39,6.58,6.0,14.0,2.0,9.0,5.65,1.64,52.1,1,0.657185628742515,1.2583518930957687,0.14184397163120568,0
20.0,15.0,11.51,4.91,3.0,2.0,23.0,8.0,14.73,1.64,80.95,2,2.2974051896207586,1.2687338501291991,10.952380952380953,2
34.0,6.0,13.49,7.98,2.0,0.0,13.0,1.0,17.78,0.23,61.98,1,1.6695544554455446,1.3083149374540104,130.0,1
32.0,17.0,7.49,8.99,3.0,1.0,3.0,9.0,12.08,1.1,42.47,1,0.823982398239824,1.5915678524374177,2.727272727272727,0
36.0,19.0,5.8,8.85,6.0,3.0,12.0,0.0,8.98,0.97,0.06,0,0.6480446927374302,1.522033898305085,3.8709677419354835,0
43.0,18.0,9.4,7.89,4.0,13.0,12.0,0.0,11.58,1.69,36.74,1,1.1764705882352942,1.2189473684210526,0.916030534351145,1
27.0,8.0,11.05,6.09,0.0,13.0,25.0,3.0,12.49,1.02,55.35,1,1.7851373182552506,1.1201793721973095,1.9083969465648856,1
37.0,19.0,10.79,5.69,2.0,9.0,1.0,8.0,14.46,0.85,70.56,2,1.8635578583765111,1.3278236914600554,0.10989010989010989,1
32.0,9.0,10.12,4.34,2.0,10.0,20.0,3.0,12.24,1.02,65.53,1,2.2792792792792795,1.1976516634050882,1.9801980198019802,2
42.0,10.0,5.46,6.08,0.0,3.0,1.0,2.0,9.84,1.03,0.0,0,0.883495145631068,1.7697841726618706,0.3225806451612903,0
33.0,17.0,12.37,4.78,6.0,14.0,9.0,9.0,15.79,1.91,89.84,2,2.5348360655737703,1.2662389735364876,0.6382978723404256,2
27.0,15.0,8.26,5.27,1.0,19.0,10.0,7.0,12.7,1.92,72.71,2,1.538175046554935,1.5191387559808613,0.5235602094240838,1
27.0,16.0,6.21,8.46,4.0,3.0,27.0,8.0,9.48,0.16,33.45,0,0.7254672897196262,1.5023771790808242,8.709677419354838,0
34.0,12.0,4.86,8.84,0.0,19.0,23.0,4.0,8.95,1.02,31.46,0,0.5436241610738256,1.8044354838709675,1.2041884816753925,0
32.0,11.0,8.17,8.74,7.0,19.0,14.0,1.0,10.35,0.02,46.82,1,0.9242081447963801,1.2515114873035067,0.7329842931937173,0
26.0,9.0,10.18,4.97,7.0,15.0,2.0,3.0,13.19,0.84,73.86,2,2.007889546351085,1.2830739299610896,0.13245033112582782,2
24.0,0.0,10.65,8.5,5.0,1.0,13.0,9.0,11.73,1.02,46.81,1,1.238372093023256,1.0911627906976744,11.818181818181817,1
36.0,7.0,13.63,4.71,2.0,12.0,17.0,7.0,17.06,0.94,80.3,2,2.833679833679834,1.2425345957756735,1.4049586776859504,2
44.0,17.0,5.53,6.54,1.0,7.0,18.0,1.0,8.66,0.13,11.49,0,0.8328313253012049,1.5381882770870339,2.535211267605634,0
35.0,1.0,13.86,7.22,2.0,12.0,18.0,8.0,17.88,0.39,88.53,2,1.8934426229508197,1.2808022922636104,1.4876033057851241,1
42.0,15.0,10.55,6.31,3.0,19.0,0.0,4.0,14.47,1.02,86.48,2,1.6458658346333856,1.3586854460093898,0.0,1
21.0,11.0,8.54,8.76,2.0,7.0,18.0,6.0,12.05,1.02,47.71,1,0.963882618510158,1.3946759259259263,2.535211267605634,0
41.0,8.0,12.88,5.67,4.0,3.0,2.0,4.0,14.11,1.36,56.45,1,2.2322357019064127,1.0870570107858242,0.6451612903225806,2
37.0,2.0,10.94,6.64,4.0,4.0,19.0,2.0,15.55,1.02,43.49,1,1.623145400593472,1.4085144927536233,4.634146341463415,1
36.0,3.0,7.49,4.38,0.0,5.0,28.0,1.0,8.56,0.26,29.17,0,1.6718750000000002,1.1277997364953887,5.490196078431373,1
26.0,1.0,12.84,8.26,2.0,18.0,7.0,2.0,17.05,1.6,67.18,1,1.535885167464115,1.3176197836166925,0.38674033149171266,1
32.0,7.0,10.67,6.07,7.0,9.0,24.0,1.0,13.59,1.72,52.8,1,1.7293354943273906,1.2618384401114207,2.6373626373626373,1
32.0,9.0,10.99,7.5,5.0,2.0,16.0,1.0,15.26,0.55,27.49,0,1.4460526315789475,1.376014427412083,7.619047619047619,1
33.0,15.0,12.96,7.41,3.0,12.0,0.0,1.0,15.82,0.84,68.71,1,1.7256990679094542,1.2113323124042878,0.0,1
37.0,10.0,8.48,7.38,7.0,8.0,5.0,1.0,12.07,0.16,41.94,1,1.1336898395721926,1.4067599067599068,0.617283950617284,1
32.0,17.0,10.57,6.53,3.0,16.0,16.0,7.0,13.02,0.46,83.76,2,1.594268476621418,1.2202436738519213,0.9937888198757763,1
30.0,13.0,11.45,5.39,0.0,9.0,27.0,4.0,15.42,1.53,58.83,1,2.085610200364299,1.3350649350649353,2.967032967032967,2
40.0,7.0,8.54,7.13,3.0,9.0,20.0,8.0,10.56,0.73,56.47,1,1.1811894882434302,1.2222222222222225,2.197802197802198,1
40.0,14.0,4.83,8.81,6.0,12.0,14.0,4.0,8.71,1.21,38.51,1,0.5420875420875421,1.7667342799188643,1.15702479338843,0
35.0,16.0,11.71,8.17,0.0,9.0,27.0,0.0,13.48,1.89,29.91,0,1.4159613059250304,1.1414055884843353,2.967032967032967,1
42.0,17.0,4.48,4.54,4.0,18.0,0.0,7.0,8.37,1.45,63.68,1,0.9655172413793105,1.8275109170305674,0.0,0
36.0,5.0,11.18,4.12,0.0,18.0,12.0,2.0,13.35,0.91,77.82,2,2.6492890995260665,1.1835106382978724,0.6629834254143646,2
27.0,13.0,13.11,6.49,7.0,16.0,23.0,9.0,15.22,0.73,100.0,2,1.9893778452200304,1.1521574564723696,1.4285714285714284,1
38.0,2.0,7.47,7.88,1.0,4.0,11.0,9.0,11.72,0.38,51.68,1,0.9360902255639098,1.5482166446499341,2.682926829268293,0
39.0,10.0,5.02,5.57,3.0,7.0,4.0,1.0,12.02,1.51,11.06,0,0.8853615520282186,2.3476562500000004,0.5633802816901409,0
34.0,14.0,6.33,7.51,3.0,4.0,21.0,5.0,10.1,0.22,29.4,0,0.8318002628120894,1.5707620528771384,5.121951219512195,0
28.0,15.0,9.62,8.66,5.0,9.0,19.0,3.0,14.32,0.12,59.44,1,1.0981735159817352,1.4732510288065845,2.087912087912088,1
39.0,15.0,13.43,6.29,7.0,3.0,12.0,3.0,15.05,0.21,67.02,1,2.1017214397496087,1.1123429416112345,3.8709677419354835,2
29.0,7.0,9.12,5.22,2.0,12.0,7.0,8.0,11.2,0.49,79.15,2,1.7142857142857144,1.2147505422993494,0.578512396694215,1
31.0,6.0,5.13,8.59,1.0,16.0,11.0,9.0,7.31,1.25,34.39,0,0.5903337169159955,1.3977055449330784,0.6832298136645962,0
40.0,5.0,10.28,6.36,6.0,4.0,24.0,7.0,12.5,1.72,72.34,2,1.5913312693498451,1.2042389210019269,5.853658536585367,1
42.0,1.0,11.33,6.04,2.0,0.0,8.0,2.0,13.64,1.99,46.99,1,1.8452768729641695,1.1933508311461067,80.0,1
39.0,12.0,7.93,5.77,0.0,14.0,16.0,8.0,11.72,1.46,54.95,1,1.3509369676320273,1.459526774595268,1.1347517730496455,1
20.0,11.0,8.99,6.12,4.0,9.0,13.0,0.0,13.3,0.29,55.19,1,1.4453376205787782,1.4631463146314632,1.4285714285714286,1
44.0,14.0,7.25,7.37,5.0,10.0,14.0,6.0,9.39,0.56,34.05,0,0.9705488621151273,1.2775510204081635,1.3861386138613863,0
39.0,8.0,11.89,6.17,3.0,17.0,3.0,6.0,15.17,0.26,84.93,2,1.8963317384370018,1.2652210175145955,0.17543859649122806,1
28.0,1.0,7.41,5.62,6.0,12.0,28.0,1.0,9.18,0.23,75.52,2,1.2954545454545456,1.22237017310253,2.31404958677686,1
41.0,16.0,6.56,6.46,7.0,19.0,28.0,6.0,9.02,1.14,72.22,2,1.0,1.3543543543543544,1.4659685863874345,0
34.0,4.0,12.79,5.01,6.0,15.0,25.0,6.0,14.02,1.81,100.0,2,2.50293542074364,1.08766485647789,1.6556291390728477,2
20.0,10.0,9.48,5.01,4.0,18.0,26.0,8.0,14.29,1.37,83.56,2,1.8551859099804309,1.4916492693110646,1.43646408839779,1
31.0,18.0,6.85,7.48,0.0,9.0,23.0,5.0,9.12,1.6,32.31,0,0.9036939313984168,1.3122302158273382,2.5274725274725274,0
22.0,6.0,13.35,8.33,0.0,13.0,6.0,9.0,17.75,1.02,80.73,2,1.5836298932384343,1.3197026022304834,0.4580152671755725,1
30.0,1.0,10.91,5.21,1.0,1.0,16.0,9.0,14.03,0.95,45.95,1,2.0546139359698685,1.2742960944595823,14.545454545454545,2
21.0,15.0,6.21,4.96,2.0,9.0,16.0,8.0,8.12,1.87,49.05,1,1.2272727272727273,1.2868462757527734,1.7582417582417582,1
35.0,11.0,10.15,7.35,3.0,3.0,0.0,2.0,11.92,1.44,39.65,1,1.3624161073825505,1.1629268292682926,0.0,1
28.0,14.0,12.7,7.1,6.0,0.0,1.0,7.0,16.48,0.92,81.16,2,1.763888888888889,1.2875,10.0,1
34.0,0.0,10.96,6.24,7.0,16.0,25.0,3.0,15.82,0.67,83.89,2,1.7287066246056784,1.430379746835443,1.5527950310559004,1
31.0,12.0,6.45,4.48,7.0,10.0,17.0,0.0,8.18,0.19,46.03,1,1.4082969432314412,1.248854961832061,1.6831683168316833,1
20.0,5.0,10.49,4.46,3.0,6.0,8.0,6.0,11.95,1.64,61.08,1,2.300438596491228,1.1284230406043436,1.3114754098360657,2
32.0,12.0,10.19,7.89,6.0,16.0,4.0,2.0,12.74,0.34,71.38,2,1.2753441802252816,1.2380952380952381,0.24844720496894407,1
33.0,17.0,12.21,6.26,4.0,16.0,0.0,3.0,14.79,1.03,87.55,2,1.9198113207547174,1.2014622258326562,0.0,1
44.0,2.0,5.78,8.29,1.0,8.0,6.0,2.0,10.01,1.27,24.06,0,0.6889153754469608,1.7023809523809523,0.7407407407407408,0
44.0,0.0,11.0,6.46,5.0,9.0,25.0,5.0,13.88,1.49,41.83,1,1.676829268292683,1.2504504504504506,2.7472527472527473,1
27.0,14.0,4.27,7.09,0.0,5.0,1.0,9.0,5.52,0.17,39.79,1,0.5938803894297635,1.2631578947368423,0.19607843137254904,0
27.0,12.0,10.96,8.67,1.0,16.0,2.0,0.0,15.64,0.02,42.02,1,1.249714937286203,1.4141048824593128,0.12422360248447203,1
31.0,4.0,13.6,4.82,3.0,15.0,3.0,9.0,16.09,1.41,94.84,2,2.7642276422764227,1.1744525547445257,0.19867549668874174,2
20.0,12.0,5.74,6.72,5.0,6.0,2.0,6.0,9.41,0.91,35.17,1,0.8416422287390031,1.6113013698630139,0.3278688524590164,0
30.0,4.0,7.11,4.29,2.0,18.0,18.0,9.0,10.78,0.36,88.6,2,1.619589977220957,1.4951456310679612,0.9944751381215469,1
27.0,18.0,9.83,5.79,4.0,3.0,24.0,7.0,11.06,1.96,38.05,1,1.66893039049236,1.1137965760322257,7.741935483870967,1
29.0,17.0,11.32,4.74,0.0,9.0,11.0,5.0,12.33,1.58,67.79,1,2.3388429752066116,1.0796847635726796,1.208791208791209,2
38.0,9.0,7.44,4.94,0.0,16.0,14.0,8.0,8.79,1.16,70.5,2,1.4761904761904763,1.1657824933687002,0.8695652173913043,1
30.0,7.0,8.99,8.67,0.0,8.0,3.0,1.0,15.47,1.4,35.35,1,1.0250855188141392,1.701870187018702,0.3703703703703704,1
26.0,14.0,12.99,7.05,2.0,10.0,23.0,9.0,17.17,0.31,90.79,2,1.816783216783217,1.3116883116883118,2.2772277227722775,1
30.0,19.0,11.27,8.46,7.0,0.0,0.0,9.0,12.8,1.92,63.32,1,1.3165887850467288,1.125769569041337,0.0,1
36.0,3.0,11.11,6.22,3.0,6.0,15.0,8.0,14.57,1.99,74.16,2,1.7579113924050633,1.2997323818019626,2.459016393442623,1
20.0,1.0,7.82,6.99,3.0,4.0,28.0,4.0,11.27,1.3,31.71,0,1.1029619181946404,1.422979797979798,6.829268292682928,1
40.0,5.0,13.11,4.16,1.0,4.0,5.0,5.0,14.11,1.34,66.52,1,3.0774647887323945,1.0681302043906131,1.2195121951219514,3
40.0,2.0,6.77,6.35,7.0,0.0,16.0,1.0,9.49,1.41,10.46,0,1.0496124031007752,1.38136826783115,160.0,1
27.0,6.0,6.05,6.82,5.0,5.0,4.0,4.0,9.9,1.33,22.54,0,0.8742774566473989,1.6097560975609757,0.7843137254901962,0
42.0,9.0,7.64,4.08,6.0,12.0,22.0,5.0,9.39,0.88,54.85,1,1.8277511961722488,1.2131782945736436,1.8181818181818183,1
43.0,5.0,10.5,7.95,1.0,14.0,12.0,4.0,14.9,1.08,71.19,2,1.3043478260869563,1.4056603773584906,0.851063829787234,1
25.0,15.0,12.62,5.48,3.0,3.0,11.0,3.0,16.26,0.57,58.65,1,2.261648745519713,1.2783018867924532,3.5483870967741935,2
41.0,1.0,5.32,6.26,0.0,9.0,0.0,7.0,6.35,0.89,57.55,1,0.8364779874213838,1.1715867158671587,0.0,0
37.0,16.0,12.14,6.68,4.0,12.0,24.0,1.0,16.56,0.87,87.4,2,1.7905604719764014,1.352941176470588,1.9834710743801653,1
25.0,12.0,12.13,8.96,3.0,10.0,11.0,0.0,13.21,0.58,70.17,2,1.338852097130243,1.080130825838103,1.0891089108910892,1
24.0,0.0,9.87,4.5,7.0,3.0,26.0,1.0,14.42,1.57,57.59,1,2.1456521739130436,1.4463390170511536,8.387096774193548,2
32.0,5.0,11.61,6.78,7.0,9.0,24.0,3.0,13.94,0.82,58.06,1,1.6875,1.1904355251921435,2.6373626373626373,1
38.0,4.0,5.82,6.65,2.0,18.0,21.0,0.0,9.61,1.1,45.01,1,0.8622222222222222,1.6233108108108107,1.160220994475138,0
41.0,12.0,5.7,4.34,4.0,6.0,29.0,8.0,9.85,0.31,53.54,1,1.283783783783784,1.6982758620689655,4.754098360655738,1
27.0,17.0,12.63,7.17,0.0,13.0,1.0,0.0,14.76,0.95,46.32,1,1.737276478679505,1.1594658287509818,0.07633587786259542,1
28.0,11.0,8.98,5.43,4.0,15.0,17.0,4.0,11.41,1.52,56.46,1,1.6238698010849912,1.2566079295154184,1.1258278145695364,1
36.0,6.0,6.46,4.52,3.0,8.0,8.0,7.0,9.5,0.89,61.29,1,1.3982683982683985,1.4481707317073171,0.9876543209876544,1
22.0,14.0,10.89,4.89,1.0,1.0,15.0,8.0,14.22,1.12,64.65,1,2.1823647294589184,1.2939035486806187,13.636363636363635,2
38.0,2.0,12.92,8.12,3.0,15.0,28.0,8.0,15.09,1.4,97.32,2,1.5717761557177619,1.1589861751152073,1.8543046357615895,1
30.0,15.0,10.32,4.52,4.0,4.0,29.0,7.0,15.29,0.78,64.26,1,2.233766233766234,1.4673704414587332,7.073170731707318,2
43.0,0.0,7.47,6.33,2.0,11.0,14.0,5.0,11.42,0.71,45.07,1,1.1617418351477449,1.5085865257595774,1.2612612612612613,1
36.0,15.0,8.83,4.98,5.0,19.0,19.0,5.0,10.93,0.17,75.49,2,1.7381889763779528,1.2239641657334825,0.9947643979057591,1
40.0,11.0,11.52,4.81,5.0,14.0,14.0,8.0,15.08,1.16,77.99,2,2.3462321792260696,1.29776247848537,0.9929078014184397,2
38.0,18.0,4.68,5.03,3.0,2.0,21.0,1.0,7.42,1.41,0.76,0,0.9122807017543859,1.5523012552301256,10.0,0
21.0,7.0,6.17,6.46,6.0,8.0,28.0,2.0,10.61,1.16,26.69,0,0.9405487804878049,1.6921850079744818,3.4567901234567904,0
27.0,11.0,8.63,5.19,1.0,6.0,9.0,5.0,12.02,0.57,37.17,1,1.6313799621928167,1.3768613974799542,1.4754098360655739,1
38.0,14.0,10.04,4.48,4.0,3.0,1.0,7.0,11.79,0.52,59.55,1,2.192139737991266,1.1627218934911243,0.3225806451612903,2
26.0,1.0,7.39,8.01,3.0,8.0,3.0,6.0,8.57,0.32,62.27,1,0.9112207151664612,1.1441922563417892,0.3703703703703704,0
36.0,16.0,6.98,6.46,7.0,14.0,17.0,7.0,11.92,0.09,63.77,1,1.0640243902439026,1.6836158192090396,1.2056737588652482,1
25.0,6.0,4.41,4.78,4.0,6.0,18.0,4.0,6.85,0.85,12.19,0,0.903688524590164,1.5188470066518847,2.9508196721311477,0
38.0,12.0,8.99,6.36,4.0,10.0,17.0,8.0,6.21,0.32,48.13,1,1.391640866873065,0.6831683168316832,1.6831683168316833,1
43.0,0.0,6.79,4.34,0.0,18.0,13.0,5.0,9.76,1.38,67.1,1,1.5292792792792795,1.416545718432511,0.718232044198895,1
32.0,5.0,9.31,6.9,5.0,10.0,7.0,9.0,11.48,1.92,57.49,1,1.33,1.2199787460148779,0.6930693069306931,1
21.0,12.0,9.56,5.7,6.0,0.0,4.0,1.0,11.49,0.15,46.83,1,1.6482758620689657,1.18944099378882,40.0,1
25.0,10.0,8.94,6.46,5.0,12.0,4.0,5.0,12.41,1.79,84.72,2,1.3628048780487805,1.3727876106194692,0.3305785123966942,1
42.0,9.0,8.1,6.46,2.0,12.0,7.0,3.0,9.4,1.32,48.89,1,1.2347560975609757,1.1463414634146343,0.578512396694215,1
24.0,15.0,6.52,5.73,7.0,1.0,10.0,4.0,9.56,1.72,36.51,1,1.118353344768439,1.4441087613293053,9.09090909090909,1
38.0,19.0,8.01,8.03,6.0,16.0,23.0,4.0,10.56,0.31,71.62,2,0.9852398523985241,1.3020961775585698,1.4285714285714284,0
39.0,16.0,5.39,4.87,0.0,18.0,28.0,0.0,8.52,1.81,38.53,1,1.084507042253521,1.551912568306011,1.5469613259668507,1
23.0,16.0,5.15,4.55,5.0,14.0,22.0,9.0,7.43,1.92,72.03,2,1.1075268817204302,1.4152380952380952,1.5602836879432624,1
41.0,3.0,7.0,6.58,4.0,18.0,20.0,4.0,10.28,1.81,60.95,1,1.0479041916167666,1.447887323943662,1.1049723756906076,1
36.0,4.0,13.95,6.79,7.0,9.0,6.0,9.0,15.28,1.57,84.27,2,2.0246734397677795,1.087544483985765,0.6593406593406593,2
30.0,13.0,7.26,4.45,1.0,9.0,12.0,8.0,9.76,0.18,39.2,1,1.5956043956043957,1.3260869565217392,1.3186813186813187,1
23.0,19.0,8.99,5.42,1.0,8.0,16.0,7.0,15.31,0.44,83.79,2,1.6286231884057973,1.6842684268426844,1.9753086419753088,1
32.0,9.0,7.92,5.31,0.0,18.0,18.0,7.0,10.67,1.83,63.9,1,1.4639556377079483,1.330423940149626,0.9944751381215469,1
39.0,13.0,8.39,4.93,1.0,10.0,2.0,2.0,10.98,0.46,31.66,0,1.667992047713718,1.2932862190812722,0.19801980198019803,1
36.0,0.0,11.97,5.58,4.0,5.0,1.0,8.0,15.49,0.7,73.88,2,2.1073943661971835,1.283347141673571,0.19607843137254904,2
28.0,10.0,4.94,4.19,6.0,1.0,5.0,8.0,8.46,0.1,44.09,1,1.1515151515151516,1.6785714285714288,4.545454545454545,1
23.0,17.0,5.82,7.26,3.0,9.0,18.0,9.0,8.47,1.26,47.75,1,0.7907608695652175,1.4307432432432434,1.978021978021978,0
42.0,15.0,13.74,8.94,4.0,14.0,14.0,6.0,15.47,1.13,92.44,2,1.5199115044247788,1.1177745664739884,0.9929078014184397,1
33.0,17.0,9.06,7.17,7.0,4.0,3.0,5.0,12.39,1.92,35.95,1,1.2462173314993124,1.3526200873362446,0.7317073170731708,1
38.0,7.0,4.44,5.81,5.0,17.0,18.0,8.0,9.31,1.78,37.42,1,0.7512690355329951,2.050660792951542,1.0526315789473684,0
22.0,10.0,4.47,7.34,7.0,6.0,6.0,5.0,6.21,1.01,24.92,0,0.6008064516129032,1.3588621444201314,0.9836065573770493,0
32.0,9.0,13.07,6.86,3.0,2.0,19.0,2.0,14.35,1.22,55.95,1,1.877873563218391,1.0895975702353835,9.047619047619047,1
27.0,4.0,12.73,8.23,7.0,15.0,20.0,5.0,14.79,0.83,98.96,2,1.5282112845138056,1.1527669524551831,1.3245033112582782,1
43.0,9.0,8.58,7.11,1.0,16.0,13.0,1.0,11.23,0.26,44.13,1,1.19001386962552,1.293778801843318,0.8074534161490683,1
20.0,17.0,5.63,7.17,6.0,1.0,6.0,1.0,7.85,1.74,13.62,0,0.7744154057771665,1.3699825479930192,5.454545454545454,0
29.0,5.0,12.3,5.11,2.0,15.0,19.0,6.0,16.64,1.1,76.56,2,2.36084452975048,1.3419354838709678,1.2582781456953642,2
37.0,2.0,7.25,6.08,2.0,19.0,13.0,7.0,10.22,0.85,70.75,2,1.1731391585760518,1.3904761904761906,0.6806282722513088,1
35.0,7.0,8.19,5.72,4.0,0.0,21.0,6.0,10.17,0.14,14.88,0,1.407216494845361,1.2267792521109773,210.0,1
27.0,10.0,10.82,4.06,4.0,13.0,24.0,4.0,15.62,1.33,73.93,1,2.600961538461539,1.4304029304029304,1.83206106870229,2
20.0,4.0,7.53,5.57,1.0,15.0,21.0,3.0,9.03,0.8,55.57,1,1.3280423280423281,1.18348623853211,1.390728476821192,1
31.0,1.0,10.29,6.43,2.0,8.0,4.0,7.0,11.78,0.51,59.59,1,1.5758039816232772,1.1337824831568817,0.4938271604938272,1
27.0,1.0,12.85,7.0,7.0,16.0,14.0,8.0,14.83,1.75,83.46,2,1.8098591549295775,1.1451737451737452,0.8695652173913043,1
43.0,6.0,11.97,8.67,2.0,7.0,11.0,6.0,13.28,0.37,60.1,1,1.3648802736602055,1.100248550124275,1.5492957746478875,1
35.0,16.0,7.82,5.2,4.0,8.0,29.0,0.0,11.83,1.03,55.28,1,1.4754716981132077,1.4936868686868687,3.5802469135802473,1
37.0,9.0,6.88,4.76,5.0,1.0,14.0,3.0,12.02,1.59,20.1,0,1.4156378600823047,1.7220630372492838,12.727272727272727,1
23.0,11.0,6.86,8.35,2.0,12.0,16.0,3.0,10.78,1.7,22.25,0,0.8118343195266273,1.5488505747126435,1.322314049586777,0
25.0,1.0,7.49,8.71,4.0,0.0,23.0,9.0,11.54,1.64,27.01,0,0.8501702610669694,1.520421607378129,230.0,0
31.0,9.0,8.94,6.44,0.0,9.0,20.0,2.0,10.89,1.79,44.63,1,1.3669724770642202,1.2046460176991152,2.197802197802198,1
28.0,19.0,8.17,4.58,7.0,17.0,4.0,3.0,11.24,0.28,64.8,1,1.7457264957264957,1.3591293833131803,0.23391812865497075,1
34.0,0.0,5.33,6.43,2.0,4.0,18.0,8.0,8.41,1.88,19.84,1,0.8162327718223584,1.548802946593002,4.390243902439025,0
35.0,3.0,5.63,4.55,3.0,6.0,9.0,0.0,10.12,0.02,34.61,0,1.2107526881720432,1.7661431064572426,1.4754098360655739,1
43.0,12.0,7.43,8.42,6.0,11.0,11.0,1.0,8.53,0.51,25.57,0,0.8720657276995305,1.1328021248339974,0.990990990990991,0
31.0,11.0,9.62,7.54,1.0,16.0,1.0,6.0,11.89,0.17,60.52,1,1.2591623036649213,1.2232510288065845,0.06211180124223602,1
43.0,10.0,9.93,5.21,6.0,4.0,16.0,8.0,14.46,1.89,81.11,2,1.8700564971751412,1.441674975074776,3.9024390243902443,1
42.0,9.0,8.86,8.43,7.0,11.0,24.0,6.0,10.81,0.85,77.79,2,1.0386869871043376,1.2064732142857144,2.1621621621621623,1
33.0,14.0,11.39,7.19,7.0,18.0,4.0,0.0,12.94,0.63,80.94,2,1.5624142661179699,1.1261966927763272,0.22099447513812154,1
32.0,4.0,11.37,8.77,4.0,12.0,25.0,6.0,14.67,0.33,73.4,2,1.28184892897407,1.2789886660854404,2.066115702479339,1
44.0,16.0,8.28,8.9,2.0,15.0,27.0,5.0,10.5,0.31,47.38,1,0.9199999999999999,1.252983293556086,1.7880794701986755,0
21.0,4.0,5.24,4.02,2.0,18.0,14.0,0.0,8.11,1.23,44.01,1,1.271844660194175,1.5187265917602994,0.7734806629834253,1
22.0,1.0,9.3,4.6,5.0,9.0,19.0,0.0,13.58,0.09,48.02,1,1.9787234042553197,1.4446808510638298,2.087912087912088,1
43.0,8.0,7.81,6.73,4.0,11.0,22.0,1.0,10.89,1.19,54.36,1,1.1434846266471448,1.3767383059418459,1.981981981981982,1
41.0,5.0,5.38,8.78,3.0,6.0,12.0,5.0,8.44,1.55,18.5,0,0.6058558558558559,1.5401459854014599,1.9672131147540985,0
29.0,17.0,13.82,8.97,2.0,13.0,19.0,3.0,15.93,1.2,64.67,1,1.5237045203969128,1.144396551724138,1.450381679389313,1
28.0,13.0,7.7,6.84,0.0,9.0,10.0,3.0,11.87,1.65,30.43,0,1.1095100864553316,1.5217948717948717,1.098901098901099,1
39.0,18.0,10.26,4.87,1.0,7.0,17.0,5.0,14.22,0.53,53.81,1,2.0643863179074446,1.3725868725868726,2.3943661971830985,2
27.0,13.0,8.9,4.82,4.0,14.0,8.0,8.0,10.84,0.15,89.61,2,1.8089430894308944,1.2044444444444444,0.5673758865248227,1
29.0,7.0,5.43,7.82,2.0,15.0,15.0,0.0,7.71,1.44,20.47,0,0.6856060606060606,1.3942133815551538,0.9933774834437087,0
38.0,16.0,4.56,6.96,6.0,7.0,23.0,5.0,8.71,1.02,44.73,1,0.6458923512747875,1.8690987124463525,3.23943661971831,0
22.0,2.0,10.26,6.74,5.0,3.0,27.0,7.0,12.69,1.0,51.97,1,1.5,1.2249034749034748,8.709677419354838,1
43.0,9.0,6.47,6.33,5.0,16.0,14.0,7.0,9.08,1.64,70.18,2,1.0062208398133747,1.3820395738203959,0.8695652173913043,1
24.0,10.0,6.44,7.63,1.0,3.0,3.0,5.0,8.9,0.92,38.54,1,0.8331177231565331,1.3608562691131498,0.9677419354838709,0
22.0,10.0,8.99,8.29,7.0,10.0,23.0,5.0,15.22,0.4,53.79,1,1.0715137067938023,1.6743674367436745,2.2772277227722775,1
35.0,7.0,8.62,5.51,4.0,12.0,11.0,7.0,10.98,0.95,65.01,1,1.536541889483066,1.2591743119266057,0.9090909090909092,1
36.0,0.0,4.29,5.1,4.0,5.0,12.0,1.0,8.5,0.43,35.19,1,0.8250000000000001,1.9362186788154898,2.3529411764705883,0
34.0,12.0,7.4,7.35,4.0,13.0,14.0,1.0,10.36,0.94,17.43,0,0.993288590604027,1.3813333333333333,1.0687022900763359,0
22.0,10.0,9.84,8.57,3.0,6.0,14.0,0.0,12.67,0.3,43.36,1,1.1349480968858132,1.2746478873239437,2.295081967213115,1
31.0,6.0,7.29,5.74,0.0,11.0,17.0,5.0,8.92,0.37,51.92,1,1.2482876712328768,1.2070365358592694,1.5315315315315317,1
28.0,13.0,4.27,5.36,5.0,0.0,19.0,5.0,5.98,1.77,31.48,0,0.7820512820512819,1.3684210526315792,190.0,0
40.0,4.0,8.44,5.13,4.0,9.0,26.0,5.0,9.61,0.23,58.54,1,1.6137667304015297,1.1252927400468384,2.857142857142857,1
31.0,10.0,5.06,5.27,3.0,0.0,21.0,1.0,6.12,0.45,13.62,0,0.942271880819367,1.186046511627907,210.0,0
34.0,16.0,10.19,4.67,7.0,15.0,6.0,6.0,13.14,1.99,72.62,2,2.1362683438155137,1.2769679300291548,0.3973509933774835,2
21.0,4.0,10.2,6.98,4.0,6.0,20.0,2.0,12.84,1.15,41.05,1,1.4406779661016949,1.2466019417475729,3.278688524590164,1
42.0,19.0,4.38,5.4,7.0,19.0,25.0,0.0,6.48,1.17,38.68,1,0.7963636363636364,1.4464285714285716,1.3089005235602094,0
37.0,10.0,6.91,7.07,7.0,5.0,11.0,0.0,11.87,1.69,15.97,0,0.9637377963737797,1.6932952924393723,2.1568627450980395,0
39.0,4.0,8.14,4.42,4.0,17.0,9.0,8.0,12.02,1.05,85.26,2,1.8008849557522126,1.4587378640776698,0.5263157894736842,1
31.0,14.0,9.5,4.58,7.0,19.0,28.0,2.0,13.66,0.44,77.15,2,2.0299145299145303,1.4229166666666668,1.4659685863874345,2
42.0,18.0,6.96,6.68,3.0,3.0,6.0,7.0,8.8,0.84,14.56,0,1.0265486725663717,1.2464589235127481,1.9354838709677418,1
23.0,15.0,6.88,6.56,0.0,15.0,13.0,9.0,8.87,1.51,60.06,1,1.033033033033033,1.2707736389684814,0.8609271523178809,1
42.0,7.0,13.83,5.36,1.0,0.0,26.0,6.0,17.1,1.74,61.18,1,2.532967032967033,1.2275664034458005,260.0,2
35.0,12.0,4.42,8.14,5.0,19.0,14.0,1.0,5.44,0.55,45.22,1,0.5364077669902912,1.2035398230088497,0.7329842931937173,0
42.0,15.0,13.89,4.94,7.0,1.0,3.0,1.0,14.96,0.52,66.03,1,2.755952380952381,1.0693352394567548,2.727272727272727,2
35.0,2.0,4.48,6.46,2.0,15.0,7.0,3.0,6.05,0.66,28.07,0,0.6829268292682927,1.3209606986899562,0.4635761589403974,0
20.0,0.0,6.88,6.78,6.0,8.0,18.0,1.0,8.77,1.19,47.58,1,1.0,1.2564469914040115,2.2222222222222223,0
41.0,8.0,8.94,8.34,4.0,14.0,28.0,4.0,12.05,0.56,53.15,1,1.0592417061611374,1.3329646017699117,1.9858156028368794,1
44.0,8.0,5.43,6.09,0.0,15.0,18.0,9.0,9.17,1.79,41.14,1,0.877221324717286,1.658227848101266,1.1920529801324504,0
21.0,16.0,5.35,5.99,5.0,8.0,4.0,6.0,7.6,1.96,51.53,1,0.8784893267651888,1.3944954128440368,0.4938271604938272,0
22.0,1.0,6.56,6.9,2.0,6.0,21.0,1.0,8.52,1.36,34.42,0,0.937142857142857,1.2792792792792793,3.4426229508196724,0
40.0,8.0,13.74,5.58,4.0,9.0,2.0,8.0,18.03,1.94,59.03,1,2.4190140845070425,1.3027456647398845,0.21978021978021978,2
44.0,18.0,7.8,7.55,6.0,6.0,9.0,0.0,9.45,0.58,20.62,0,1.019607843137255,1.1962025316455696,1.4754098360655739,1
39.0,12.0,9.66,5.24,2.0,12.0,14.0,5.0,13.37,1.63,48.36,1,1.8089887640449438,1.3698770491803278,1.15702479338843,1
36.0,4.0,11.04,8.12,7.0,1.0,1.0,6.0,15.77,1.36,52.7,1,1.343065693430657,1.4156193895870737,0.9090909090909091,1
39.0,8.0,11.42,5.36,3.0,11.0,20.0,4.0,13.35,0.53,79.55,2,2.0915750915750917,1.1588541666666667,1.8018018018018018,2
41.0,12.0,10.88,8.96,6.0,12.0,9.0,0.0,12.23,0.64,76.54,2,1.2008830022075054,1.1138433515482695,0.7438016528925621,1
40.0,0.0,7.37,5.58,5.0,2.0,21.0,3.0,12.29,0.98,21.67,0,1.2975352112676057,1.64524765729585,10.0,1
20.0,14.0,5.12,8.39,0.0,10.0,15.0,7.0,7.2,1.58,26.71,0,0.6030624263839811,1.3793103448275863,1.4851485148514851,0
39.0,3.0,6.82,5.99,0.0,7.0,2.0,4.0,8.92,1.74,12.69,0,1.1198686371100164,1.2890173410404624,0.28169014084507044,1
25.0,3.0,6.1,5.23,5.0,10.0,6.0,1.0,9.04,1.27,38.5,1,1.144465290806754,1.4580645161290322,0.594059405940594,1
34.0,10.0,5.36,5.13,7.0,17.0,18.0,8.0,7.28,1.44,87.66,2,1.0248565965583176,1.3333333333333335,1.0526315789473684,1
33.0,9.0,4.24,8.25,7.0,6.0,14.0,0.0,9.21,0.53,0.0,0,0.5077844311377246,2.122119815668203,2.295081967213115,0
39.0,5.0,13.36,5.54,1.0,11.0,11.0,0.0,14.53,1.48,46.87,1,2.368794326241135,1.0794947994056463,0.990990990990991,2
34.0,11.0,13.21,5.69,1.0,5.0,28.0,9.0,16.02,1.21,84.07,2,2.2815198618307426,1.2036063110443276,5.490196078431373,2
33.0,19.0,4.5,4.98,7.0,9.0,1.0,4.0,7.69,0.45,52.42,1,0.8858267716535433,1.6717391304347828,0.10989010989010989,0
44.0,15.0,5.73,8.81,2.0,19.0,29.0,8.0,8.6,1.9,41.62,1,0.6430976430976432,1.4751286449399656,1.5183246073298429,0
40.0,2.0,5.4,5.22,3.0,14.0,12.0,5.0,8.48,1.02,58.14,1,1.0150375939849625,1.541818181818182,0.851063829787234,1
43.0,13.0,6.81,5.24,2.0,19.0,25.0,4.0,11.76,1.59,72.19,2,1.2752808988764044,1.7018813314037629,1.3089005235602094,1
44.0,0.0,6.04,8.72,4.0,14.0,19.0,5.0,10.55,1.05,46.58,1,0.6848072562358276,1.718241042345277,1.3475177304964538,0
24.0,9.0,13.46,8.5,0.0,18.0,18.0,5.0,15.69,1.87,89.55,2,1.5651162790697677,1.157079646017699,0.9944751381215469,1
25.0,14.0,4.84,5.24,2.0,5.0,6.0,8.0,8.05,0.28,43.08,1,0.9063670411985019,1.6295546558704457,1.1764705882352942,0
36.0,6.0,6.12,8.32,2.0,9.0,23.0,8.0,7.12,1.09,53.25,1,0.7268408551068883,1.144694533762058,2.5274725274725274,0
30.0,3.0,4.81,5.25,7.0,14.0,2.0,4.0,7.45,0.05,59.65,1,0.8990654205607477,1.5173116089613037,0.14184397163120568,0
35.0,13.0,13.8,4.42,5.0,19.0,5.0,3.0,15.46,0.39,100.0,2,3.053097345132744,1.112230215827338,0.2617801047120419,3
31.0,15.0,13.18,8.1,6.0,19.0,0.0,0.0,17.03,0.56,64.58,1,1.6073170731707318,1.2823795180722892,0.0,1
34.0,13.0,11.17,7.86,0.0,17.0,20.0,5.0,13.05,0.95,71.36,1,1.4032663316582914,1.1579414374445431,1.1695906432748537,1
42.0,2.0,8.26,5.47,7.0,1.0,1.0,6.0,12.26,1.64,43.93,1,1.4829443447037702,1.466507177033493,0.9090909090909091,1
23.0,16.0,5.9,4.45,0.0,6.0,0.0,6.0,8.15,0.93,31.74,0,1.2967032967032968,1.3583333333333334,0.0,1
37.0,13.0,6.21,5.03,7.0,4.0,28.0,0.0,10.91,1.12,15.98,0,1.2105263157894737,1.729001584786054,6.829268292682928,1
40.0,17.0,8.43,7.86,1.0,2.0,22.0,5.0,11.21,1.85,3.65,0,1.0590452261306533,1.314185228604924,10.476190476190476,1
22.0,2.0,11.68,8.82,1.0,5.0,25.0,7.0,16.04,1.51,43.4,1,1.3094170403587444,1.3616298811544991,4.901960784313726,1
41.0,18.0,6.65,5.3,0.0,5.0,3.0,2.0,10.16,0.1,21.59,0,1.2314814814814816,1.5051851851851852,0.5882352941176471,1
27.0,2.0,7.11,8.09,6.0,0.0,4.0,0.0,12.02,0.35,22.86,0,0.8681318681318683,1.667128987517337,40.0,0
42.0,11.0,10.0,5.14,2.0,18.0,1.0,6.0,13.97,0.08,98.34,2,1.9083969465648858,1.3831683168316833,0.055248618784530384,1
22.0,4.0,6.38,7.4,4.0,11.0,15.0,3.0,10.29,0.14,32.07,0,0.8506666666666667,1.587962962962963,1.3513513513513513,0
27.0,9.0,9.84,4.42,2.0,4.0,7.0,4.0,11.9,0.68,43.5,1,2.176991150442478,1.1971830985915495,1.707317073170732,2
37.0,8.0,7.87,6.93,6.0,6.0,14.0,1.0,10.89,1.46,25.71,0,1.1194879089615932,1.3663739021329988,2.295081967213115,1
32.0,10.0,4.34,5.35,4.0,19.0,10.0,6.0,6.5,0.49,73.04,2,0.7963302752293578,1.463963963963964,0.5235602094240838,0
44.0,12.0,8.03,8.63,0.0,7.0,28.0,0.0,9.11,0.78,9.02,0,0.9198167239404351,1.1205412054120543,3.943661971830986,0
39.0,2.0,13.2,5.45,5.0,18.0,9.0,3.0,17.04,0.79,100.0,2,2.3783783783783785,1.281203007518797,0.49723756906077343,2
36.0,18.0,6.93,5.99,4.0,5.0,29.0,7.0,8.87,1.18,45.05,1,1.1379310344827587,1.2617354196301565,5.686274509803922,1
27.0,10.0,7.23,8.2,1.0,14.0,2.0,6.0,9.82,1.79,46.83,1,0.8710843373493977,1.339699863574352,0.14184397163120568,0
42.0,15.0,4.66,6.19,5.0,5.0,22.0,6.0,6.8,1.97,21.99,0,0.7408585055643879,1.4285714285714286,4.313725490196079,0
30.0,5.0,10.15,5.19,7.0,8.0,10.0,6.0,11.95,1.21,88.13,2,1.9187145557655956,1.1658536585365853,1.234567901234568,1
24.0,2.0,12.49,6.46,6.0,3.0,16.0,4.0,13.76,1.01,64.79,1,1.9039634146341464,1.0929308975377283,5.161290322580645,1
32.0,18.0,7.53,8.2,0.0,15.0,9.0,9.0,9.88,1.36,50.25,1,0.9072289156626507,1.2948885976408913,0.5960264900662252,0
40.0,5.0,6.4,6.17,6.0,9.0,16.0,2.0,7.73,1.34,23.43,0,1.0207336523125998,1.1892307692307693,1.7582417582417582,1
42.0,7.0,13.57,4.66,3.0,0.0,13.0,9.0,16.73,1.05,83.83,2,2.850840336134454,1.2238478419897587,130.0,2
24.0,10.0,11.45,5.92,4.0,10.0,22.0,6.0,12.53,1.47,65.82,1,1.9019933554817277,1.084848484848485,2.1782178217821784,1
43.0,11.0,9.67,8.77,4.0,9.0,0.0,7.0,14.43,0.98,67.59,1,1.0901916572717025,1.4769703172978506,0.0,1
32.0,9.0,7.06,4.36,7.0,17.0,27.0,6.0,11.93,1.99,53.795,1,1.5829596412556053,1.666201117318436,1.5789473684210524,1
25.0,2.0,6.21,6.04,6.0,19.0,24.0,5.0,8.43,0.1,62.17,1,1.011400651465798,1.3359746434231379,1.256544502617801,1
24.0,3.0,11.16,7.24,5.0,19.0,8.0,8.0,13.2,0.89,88.29,2,1.5204359673024523,1.172291296625222,0.41884816753926696,1
28.0,0.0,9.22,4.39,3.0,14.0,23.0,5.0,10.64,0.79,72.94,2,2.053452115812918,1.1416309012875536,1.6312056737588654,2
35.0,12.0,9.21,5.72,3.0,5.0,23.0,4.0,13.83,1.54,31.59,0,1.582474226804124,1.485499462943072,4.509803921568627,1
21.0,3.0,4.74,8.7,0.0,15.0,14.0,5.0,8.09,0.38,29.47,0,0.5386363636363637,1.671487603305785,0.9271523178807948,0
20.0,10.0,9.12,4.15,5.0,1.0,14.0,9.0,12.56,0.87,56.45,1,2.145882352941176,1.3622559652928419,12.727272727272727,2
27.0,18.0,12.23,7.76,7.0,2.0,19.0,3.0,16.81,1.4,48.9,1,1.5559796437659035,1.3633414436334144,9.047619047619047,1
38.0,10.0,13.47,8.21,2.0,16.0,20.0,5.0,18.11,1.21,88.63,2,1.6209386281588447,1.3345615327929254,1.2422360248447204,1
30.0,11.0,5.07,5.39,3.0,7.0,24.0,3.0,9.38,1.09,29.44,0,0.923497267759563,1.81431334622824,3.3802816901408455,0
31.0,10.0,10.31,5.07,6.0,19.0,2.0,4.0,14.4,0.87,82.84,2,1.9941972920696327,1.38328530259366,0.10471204188481674,1
31.0,5.0,9.68,8.57,4.0,14.0,19.0,5.0,12.02,1.5,57.14,1,1.116493656286044,1.229038854805726,1.3475177304964538,1
26.0,11.0,12.9,7.82,3.0,12.0,25.0,0.0,17.4,1.29,62.74,1,1.628787878787879,1.3384615384615384,2.066115702479339,1
32.0,8.0,11.51,4.57,6.0,18.0,20.0,5.0,13.98,1.75,100.0,2,2.4646680942184154,1.2041343669250646,1.1049723756906076,2
27.0,9.0,13.65,5.06,0.0,0.0,6.0,5.0,18.54,1.47,57.74,1,2.6453488372093026,1.3483636363636362,60.0,2
41.0,2.0,13.6,7.11,0.0,11.0,20.0,0.0,17.44,0.28,78.14,2,1.8862690707350902,1.272992700729927,1.8018018018018018,1
28.0,2.0,6.26,6.1,4.0,17.0,24.0,5.0,8.74,1.24,51.86,1,1.0096774193548388,1.3742138364779877,1.4035087719298245,1
26.0,19.0,11.25,6.52,7.0,17.0,21.0,9.0,14.02,0.09,100.0,2,1.6993957703927494,1.2352422907488987,1.2280701754385963,1
40.0,15.0,9.31,8.76,4.0,2.0,2.0,4.0,13.06,0.77,30.98,0,1.0507900677200903,1.38788522848034,0.9523809523809523,1
43.0,2.0,6.15,6.1,4.0,17.0,21.0,7.0,8.59,0.82,75.44,2,0.9919354838709679,1.3744,1.2280701754385963,0
34.0,9.0,5.95,8.41,2.0,16.0,21.0,4.0,10.26,1.02,35.66,1,0.6991774383078732,1.6958677685950414,1.3043478260869563,0
21.0,10.0,4.81,7.3,4.0,10.0,14.0,9.0,6.4,0.36,68.89,1,0.65,1.303462321792261,1.3861386138613863,0
42.0,7.0,11.96,4.61,7.0,4.0,27.0,4.0,16.59,1.29,69.8,1,2.53927813163482,1.3756218905472637,6.585365853658537,2
39.0,5.0,8.99,7.72,5.0,6.0,9.0,1.0,9.45,0.38,35.8,1,1.149616368286445,1.0396039603960396,1.4754098360655739,1
44.0,19.0,12.57,6.6,0.0,17.0,15.0,3.0,12.02,1.9,67.95,1,1.876119402985075,0.9486977111286503,0.8771929824561403,1
31.0,10.0,10.08,5.13,7.0,6.0,16.0,5.0,14.51,1.06,53.795,1,1.9273422562141493,1.425343811394892,2.6229508196721314,1
20.0,11.0,10.74,5.45,0.0,17.0,22.0,9.0,12.7,1.42,79.68,2,1.9351351351351351,1.1715867158671587,1.286549707602339,1
42.0,15.0,6.92,6.79,3.0,1.0,18.0,9.0,11.29,1.29,40.28,1,1.0043541364296082,1.6082621082621082,16.363636363636363,1
41.0,17.0,8.57,7.01,4.0,5.0,0.0,7.0,10.76,0.61,31.13,0,1.2053445850914206,1.2410611303344867,0.0,1
27.0,12.0,8.12,8.84,2.0,7.0,0.0,2.0,12.86,1.8,14.86,1,0.9082774049217002,1.564476885644769,0.0,0
24.0,2.0,6.36,8.27,5.0,16.0,20.0,0.0,8.24,1.25,27.57,0,0.7598566308243728,1.2755417956656347,1.2422360248447204,0
34.0,14.0,12.33,5.03,1.0,3.0,13.0,6.0,13.61,1.02,81.47,2,2.4035087719298245,1.0949316170555108,4.193548387096774,2
20.0,13.0,10.22,7.87,3.0,16.0,25.0,8.0,14.97,1.02,69.06,1,1.2823086574654958,1.4505813953488371,1.5527950310559004,1
20.0,17.0,4.37,4.04,7.0,15.0,25.0,5.0,6.03,1.78,50.95,1,1.0555555555555556,1.3489932885906042,1.6556291390728477,1
44.0,13.0,12.2,4.65,5.0,14.0,1.0,1.0,16.98,0.12,75.18,2,2.568421052631579,1.380487804878049,0.07092198581560284,2
29.0,4.0,8.99,5.0,6.0,14.0,1.0,1.0,9.36,0.78,48.51,1,1.7627450980392159,1.0297029702970297,0.07092198581560284,1
41.0,13.0,8.04,6.99,2.0,7.0,27.0,0.0,9.37,1.68,18.52,0,1.1339915373765865,1.1511056511056512,3.802816901408451,1
29.0,7.0,9.71,4.97,4.0,16.0,19.0,5.0,12.49,0.08,78.72,2,1.9151873767258387,1.273190621814475,1.1801242236024843,1
40.0,14.0,4.08,5.83,2.0,18.0,9.0,7.0,5.37,1.28,73.07,2,0.688026981450253,1.284688995215311,0.49723756906077343,0
34.0,14.0,10.53,5.21,1.0,0.0,14.0,0.0,12.85,0.81,31.29,0,1.9830508474576272,1.208842897460019,140.0,1
36.0,18.0,10.6,5.69,5.0,12.0,26.0,0.0,12.02,0.41,68.97,1,1.8307426597582037,1.1233644859813083,2.1487603305785123,1
41.0,10.0,10.53,8.71,2.0,5.0,27.0,0.0,13.93,1.22,29.78,0,1.195232690124858,1.310442144873001,5.294117647058824,1
25.0,5.0,5.63,8.99,6.0,9.0,27.0,9.0,10.53,1.66,32.49,0,0.6193619361936193,1.837696335078534,2.967032967032967,0
22.0,18.0,6.56,7.43,1.0,0.0,14.0,4.0,8.24,0.93,6.65,0,0.8711819389110226,1.2372372372372373,140.0,0
32.0,7.0,6.47,6.86,4.0,11.0,6.0,6.0,8.79,0.29,34.25,0,0.9295977011494253,1.3378995433789955,0.5405405405405406,0
35.0,5.0,8.99,7.54,5.0,18.0,7.0,3.0,16.95,0.61,77.51,2,1.1767015706806283,1.8646864686468647,0.38674033149171266,1
27.0,19.0,4.68,7.86,1.0,14.0,10.0,0.0,6.37,1.96,12.5,0,0.5879396984924623,1.3326359832635986,0.7092198581560284,0
32.0,14.0,8.29,7.7,5.0,4.0,15.0,0.0,12.13,1.02,28.56,0,1.0628205128205128,1.4457687723480337,3.658536585365854,1
36.0,2.0,12.71,4.41,2.0,1.0,25.0,9.0,15.32,0.32,76.03,2,2.8181818181818183,1.1959406713505074,22.727272727272727,2
36.0,9.0,11.69,5.55,6.0,18.0,22.0,2.0,16.49,1.98,84.11,2,2.0690265486725665,1.398642917726887,1.2154696132596685,2
41.0,14.0,12.22,5.72,4.0,13.0,24.0,4.0,15.74,1.76,73.75,2,2.0996563573883167,1.2775974025974026,1.83206106870229,2
32.0,15.0,13.72,5.85,4.0,8.0,6.0,4.0,12.02,1.41,78.54,2,2.3058823529411767,0.869753979739508,0.7407407407407408,2
36.0,16.0,7.87,5.72,7.0,0.0,19.0,8.0,11.75,0.3,47.97,1,1.352233676975945,1.4742785445420328,190.0,1
25.0,18.0,7.1,7.94,0.0,12.0,8.0,8.0,11.46,0.48,59.14,1,0.8830845771144277,1.591666666666667,0.6611570247933884,0
36.0,10.0,4.31,7.74,4.0,16.0,24.0,8.0,8.51,0.36,56.34,1,0.5497448979591837,1.9297052154195014,1.4906832298136645,0
35.0,15.0,5.5,4.02,4.0,1.0,18.0,7.0,7.55,1.26,10.49,0,1.33495145631068,1.3482142857142858,16.363636363636363,1
33.0,4.0,9.62,5.48,0.0,13.0,25.0,8.0,12.29,0.8,57.09,1,1.7240143369175625,1.26440329218107,1.9083969465648856,1
32.0,4.0,5.58,7.12,4.0,19.0,29.0,5.0,8.39,0.1,52.67,1,0.7728531855955679,1.4771126760563382,1.5183246073298429,0
25.0,13.0,11.36,4.6,1.0,5.0,23.0,7.0,13.91,0.58,71.52,2,2.417021276595745,1.2137870855148343,4.509803921568627,2
22.0,17.0,4.37,4.36,2.0,5.0,0.0,7.0,6.61,1.72,19.94,0,0.9798206278026906,1.4787472035794185,0.0,0
33.0,7.0,6.59,8.14,2.0,17.0,17.0,7.0,10.6,1.59,61.88,1,0.799757281553398,1.5844544095665172,0.9941520467836257,0
33.0,4.0,10.95,6.26,3.0,18.0,7.0,4.0,12.0,1.29,66.32,1,1.7216981132075473,1.0859728506787332,0.38674033149171266,1
34.0,6.0,6.56,8.28,3.0,8.0,28.0,9.0,8.73,0.17,53.795,1,0.7828162291169452,1.310810810810811,3.4567901234567904,0
27.0,15.0,11.29,8.12,3.0,14.0,7.0,2.0,12.86,1.77,44.98,1,1.3734793187347933,1.129060579455663,0.49645390070921985,1
34.0,13.0,13.96,8.47,5.0,6.0,21.0,3.0,15.48,1.07,67.29,1,1.6289381563593932,1.10099573257468,3.4426229508196724,1
41.0,4.0,11.97,4.24,4.0,5.0,7.0,8.0,14.08,0.99,76.75,2,2.7580645161290325,1.1665285832642915,1.3725490196078431,2
32.0,8.0,7.42,4.93,7.0,4.0,29.0,6.0,11.47,1.87,43.52,1,1.4751491053677934,1.5252659574468086,7.073170731707318,1
36.0,3.0,13.01,5.48,2.0,18.0,13.0,8.0,17.89,0.02,100.0,2,2.3315412186379927,1.364607170099161,0.718232044198895,2
40.0,3.0,4.51,4.68,3.0,9.0,23.0,6.0,7.57,1.11,49.2,1,0.9435146443514645,1.642082429501085,2.5274725274725274,0
43.0,15.0,11.25,6.43,2.0,0.0,1.0,7.0,13.61,1.58,51.24,1,1.7228177641653906,1.1991189427312776,10.0,1
22.0,16.0,4.23,7.99,1.0,6.0,2.0,2.0,8.55,0.13,1.73,0,0.5228677379480842,1.9745958429561201,0.3278688524590164,0
25.0,14.0,5.75,8.76,3.0,17.0,6.0,7.0,7.02,0.71,75.1,2,0.6489841986455982,1.2,0.3508771929824561,0
24.0,3.0,13.88,8.45,2.0,7.0,14.0,3.0,15.25,1.95,68.76,1,1.6233918128654974,1.0908440629470673,1.971830985915493,1
41.0,5.0,7.61,6.29,4.0,11.0,28.0,5.0,9.99,0.42,53.11,1,1.1909233176838812,1.2957198443579767,2.5225225225225225,1
36.0,15.0,12.2,7.18,5.0,9.0,14.0,5.0,14.99,1.06,50.86,1,1.6758241758241759,1.21869918699187,1.5384615384615385,1
42.0,3.0,7.76,5.15,6.0,5.0,10.0,1.0,11.95,1.49,33.8,0,1.4780952380952381,1.520356234096692,1.9607843137254903,1
44.0,5.0,8.99,6.02,4.0,15.0,1.0,6.0,17.1,0.78,100.0,2,1.4689542483660134,1.8811881188118813,0.06622516556291391,1
21.0,4.0,13.65,8.36,4.0,18.0,21.0,5.0,16.78,0.82,100.0,2,1.6134751773049647,1.2203636363636365,1.160220994475138,1
34.0,15.0,8.36,4.15,6.0,17.0,17.0,9.0,11.34,0.13,77.88,2,1.9670588235294115,1.3404255319148937,0.9941520467836257,1
24.0,15.0,9.59,6.66,3.0,12.0,13.0,4.0,11.44,0.38,74.78,2,1.418639053254438,1.1805985552115583,1.0743801652892562,1
39.0,9.0,10.29,8.36,4.0,19.0,17.0,6.0,13.09,1.76,70.32,2,1.2163120567375887,1.2598652550529357,0.8900523560209423,1
25.0,8.0,13.35,4.61,5.0,6.0,26.0,1.0,18.04,1.64,56.88,1,2.8343949044585988,1.341263940520446,4.262295081967213,2
25.0,3.0,6.57,8.91,0.0,6.0,1.0,9.0,9.14,0.61,44.34,1,0.7291897891231965,1.3703148425787108,0.1639344262295082,0
37.0,13.0,10.11,4.06,7.0,15.0,3.0,3.0,11.95,0.76,84.33,2,2.4302884615384617,1.1704211557296769,0.19867549668874174,2
37.0,3.0,7.25,8.43,5.0,9.0,13.0,4.0,9.6,0.88,51.81,1,0.8499413833528723,1.306122448979592,1.4285714285714286,0
23.0,11.0,6.17,5.77,1.0,14.0,6.0,7.0,9.23,0.69,64.84,1,1.051107325383305,1.4720893141945774,0.425531914893617,1
36.0,9.0,8.99,4.66,5.0,13.0,14.0,5.0,8.24,1.31,53.38,1,1.8886554621848741,0.9064906490649065,1.0687022900763359,1
44.0,3.0,10.21,4.79,2.0,11.0,5.0,5.0,12.94,0.03,88.97,2,2.0879345603271986,1.2550921435499514,0.45045045045045046,2
33.0,17.0,12.82,7.51,0.0,14.0,4.0,4.0,16.85,1.76,63.74,1,1.6846254927726676,1.3041795665634677,0.28368794326241137,1
33.0,12.0,7.51,8.35,3.0,7.0,19.0,9.0,10.85,0.6,37.18,1,0.8887573964497042,1.4257555847568988,2.676056338028169,0
32.0,12.0,9.53,7.21,2.0,6.0,17.0,4.0,13.19,1.74,57.29,1,1.3036935704514363,1.3696780893042577,2.7868852459016393,1
26.0,13.0,10.42,8.64,6.0,8.0,10.0,0.0,14.87,0.91,38.62,1,1.1922196796338673,1.4134980988593155,1.234567901234568,1
31.0,17.0,8.15,8.21,5.0,13.0,7.0,3.0,12.61,1.55,46.89,1,0.9807460890493381,1.5284848484848483,0.5343511450381679,0
42.0,0.0,13.03,4.05,2.0,6.0,28.0,8.0,14.84,1.65,75.08,2,3.1397590361445786,1.1302361005331303,4.59016393442623,3
34.0,15.0,7.63,7.35,4.0,11.0,11.0,1.0,11.12,0.6,39.76,1,1.0241610738255034,1.4385510996119018,0.990990990990991,1
38.0,14.0,5.25,5.52,2.0,13.0,17.0,5.0,9.12,1.28,45.97,1,0.9341637010676158,1.7046728971962617,1.297709923664122,0
30.0,4.0,5.44,6.27,2.0,10.0,14.0,1.0,7.02,1.21,11.95,0,0.8540031397174256,1.2671480144404332,1.3861386138613863,0
34.0,5.0,12.91,4.47,5.0,18.0,26.0,8.0,17.28,0.95,100.0,2,2.8249452954048144,1.3282090699461953,1.43646408839779,2
31.0,5.0,13.88,5.41,1.0,5.0,7.0,4.0,15.6,0.94,58.23,1,2.519056261343013,1.1158798283261802,1.3725490196078431,2
22.0,2.0,6.89,7.16,6.0,2.0,25.0,8.0,11.09,0.61,41.49,1,0.9490358126721763,1.5865522174535052,11.904761904761905,0
36.0,15.0,5.44,5.09,5.0,5.0,29.0,9.0,7.09,0.62,55.07,1,1.0481695568400773,1.279783393501805,5.686274509803922,1
22.0,11.0,8.82,7.24,3.0,8.0,3.0,4.0,12.79,1.1,56.6,1,1.2016348773841963,1.4338565022421523,0.3703703703703704,1
38.0,3.0,11.1,8.62,7.0,1.0,27.0,8.0,12.69,0.06,85.22,2,1.272935779816514,1.1330357142857144,24.545454545454543,1
39.0,0.0,10.12,4.02,7.0,5.0,20.0,1.0,12.64,1.87,53.97,1,2.4563106796116507,1.2367906066536205,3.9215686274509807,2
23.0,3.0,13.51,7.93,6.0,13.0,14.0,6.0,15.08,1.3,80.82,2,1.6824408468244085,1.1080088170462896,1.0687022900763359,1
22.0,0.0,12.18,7.21,0.0,18.0,10.0,7.0,14.26,0.89,60.81,1,1.6662106703146375,1.1612377850162867,0.5524861878453038,1
35.0,7.0,12.69,4.23,4.0,3.0,0.0,2.0,17.63,0.12,68.52,1,2.930715935334873,1.3784206411258797,0.0,2
31.0,4.0,9.42,7.95,1.0,13.0,1.0,0.0,10.85,1.26,35.3,1,1.1701863354037265,1.1397058823529411,0.07633587786259542,1
27.0,1.0,7.27,5.12,0.0,9.0,26.0,1.0,9.9,0.04,33.1,0,1.39272030651341,1.3432835820895523,2.857142857142857,1
43.0,11.0,11.02,5.33,0.0,5.0,7.0,9.0,14.73,1.36,57.41,1,2.029465930018416,1.3246402877697843,1.3725490196078431,2
36.0,16.0,8.39,4.47,6.0,10.0,14.0,4.0,12.02,0.15,61.06,1,1.8358862144420134,1.415783274440518,1.3861386138613863,1
26.0,6.0,6.88,6.67,1.0,12.0,0.0,8.0,8.32,1.31,54.46,1,1.016248153618907,1.191977077363897,0.0,1
30.0,10.0,5.52,6.49,4.0,17.0,2.0,4.0,7.09,0.81,58.01,1,0.8376327769347496,1.2615658362989326,0.11695906432748537,0
37.0,3.0,9.28,5.74,3.0,19.0,17.0,0.0,12.86,1.33,60.53,1,1.5890410958904109,1.371002132196162,0.8900523560209423,1
20.0,4.0,9.94,4.84,1.0,13.0,25.0,0.0,14.58,0.28,64.81,1,2.0121457489878543,1.452191235059761,1.9083969465648856,2
22.0,5.0,9.69,8.19,1.0,19.0,15.0,1.0,13.99,0.23,70.41,2,1.1688781664656214,1.429009193054137,0.7853403141361256,1
23.0,10.0,5.17,8.38,1.0,19.0,20.0,0.0,10.1,0.49,28.95,0,0.6096698113207547,1.9165085388994307,1.0471204188481675,0
32.0,0.0,9.7,6.7,7.0,10.0,27.0,7.0,13.01,0.82,84.83,2,1.4264705882352942,1.3275510204081633,2.6732673267326734,1
25.0,9.0,5.68,5.22,4.0,4.0,19.0,1.0,10.53,0.51,53.795,0,1.0676691729323309,1.8217993079584776,4.634146341463415,1
33.0,19.0,10.64,4.48,7.0,9.0,19.0,7.0,12.86,0.16,86.38,2,2.3231441048034935,1.1973929236499068,2.087912087912088,2
24.0,10.0,8.29,8.34,1.0,3.0,12.0,4.0,10.98,0.65,21.01,0,0.9822274881516587,1.3087008343265796,3.8709677419354835,0
35.0,16.0,12.49,4.48,1.0,11.0,19.0,0.0,12.02,1.41,66.39,1,2.7270742358078603,0.9547259729944401,1.7117117117117118,2
34.0,7.0,11.78,4.07,2.0,5.0,26.0,3.0,12.97,1.17,38.21,1,2.8249400479616305,1.091750841750842,5.098039215686275,2
34.0,12.0,11.24,6.35,2.0,7.0,3.0,1.0,15.56,1.93,53.92,1,1.742635658914729,1.3721340388007055,0.4225352112676057,1
23.0,19.0,11.01,7.66,2.0,3.0,3.0,5.0,12.11,0.87,44.58,1,1.4188144329896908,1.09000900090009,0.9677419354838709,1
27.0,17.0,9.6,6.29,2.0,19.0,21.0,4.0,13.52,0.67,77.83,2,1.5023474178403755,1.3938144329896909,1.0994764397905759,1
35.0,15.0,4.61,4.26,1.0,9.0,1.0,8.0,7.24,1.39,35.2,1,1.0573394495412847,1.5371549893842889,0.10989010989010989,1
35.0,1.0,10.55,7.45,7.0,10.0,12.0,2.0,11.57,0.82,75.54,2,1.3973509933774835,1.0863849765258216,1.188118811881188,1
23.0,4.0,8.67,7.21,6.0,14.0,12.0,4.0,10.83,1.24,63.76,1,1.186046511627907,1.2348916761687572,0.851063829787234,1
32.0,17.0,8.7,7.41,7.0,4.0,19.0,9.0,11.08,1.89,49.61,1,1.158455392809587,1.2590909090909093,4.634146341463415,1
32.0,2.0,7.79,5.06,2.0,2.0,29.0,6.0,12.65,1.0,18.74,0,1.5096899224806204,1.6032953105196452,13.809523809523808,1
21.0,16.0,13.29,7.98,0.0,14.0,6.0,8.0,16.93,1.0,78.05,2,1.6448019801980196,1.2643764002987306,0.425531914893617,1
22.0,15.0,6.49,6.4,6.0,1.0,6.0,2.0,9.66,1.55,0.0,0,0.9984615384615385,1.465857359635812,5.454545454545454,0
41.0,5.0,7.17,6.68,3.0,1.0,16.0,3.0,8.68,1.51,19.86,0,1.0575221238938053,1.1939477303988997,14.545454545454545,1
27.0,18.0,13.63,6.73,2.0,7.0,9.0,0.0,16.19,1.03,59.99,1,1.9956076134699854,1.1791697013838311,1.267605633802817,1
43.0,6.0,12.1,5.43,4.0,13.0,11.0,1.0,13.24,0.13,82.22,2,2.188065099457505,1.0852459016393443,0.8396946564885497,2
34.0,17.0,4.14,5.25,3.0,8.0,24.0,2.0,8.19,1.02,9.32,0,0.7738317757009345,1.9316037735849059,2.9629629629629632,0
30.0,13.0,13.06,4.02,7.0,4.0,22.0,9.0,14.71,0.75,88.14,2,3.16990291262136,1.1177811550151977,5.365853658536586,3
28.0,5.0,6.27,5.98,7.0,11.0,26.0,6.0,9.65,0.63,57.35,1,1.03125,1.514913657770801,2.3423423423423424,1
26.0,7.0,11.06,6.43,5.0,9.0,21.0,6.0,14.86,1.96,60.31,1,1.6937212863705975,1.3315412186379927,2.307692307692308,1
32.0,14.0,9.53,7.71,7.0,0.0,29.0,0.0,12.0,1.74,5.51,0,1.2202304737516005,1.2461059190031154,290.0,1
21.0,14.0,9.37,4.33,5.0,18.0,15.0,8.0,12.9,0.66,90.03,2,2.115124153498871,1.3621964097148893,0.8287292817679557,2
27.0,14.0,11.18,8.62,0.0,10.0,1.0,2.0,15.24,0.62,48.31,1,1.2821100917431194,1.3510638297872342,0.09900990099009901,1
26.0,15.0,6.07,5.32,3.0,16.0,21.0,2.0,7.81,1.44,41.27,1,1.1199261992619927,1.26580226904376,1.3043478260869563,1
43.0,0.0,5.59,5.83,3.0,2.0,20.0,1.0,8.99,0.67,11.93,0,0.9426644182124789,1.5799648506151145,9.523809523809524,0
31.0,10.0,10.52,4.24,7.0,0.0,8.0,2.0,14.46,0.5,47.94,1,2.423963133640553,1.361581920903955,80.0,2
38.0,4.0,6.91,7.27,0.0,16.0,11.0,5.0,9.34,1.96,66.09,1,0.9375848032564452,1.3323823109843083,0.6832298136645962,0
26.0,4.0,13.74,7.54,5.0,5.0,16.0,9.0,15.39,1.13,81.14,2,1.7984293193717278,1.1119942196531793,3.1372549019607847,1
29.0,5.0,8.52,8.64,2.0,12.0,15.0,3.0,10.66,1.52,39.68,1,0.9748283752860412,1.2366589327146174,1.2396694214876034,0
44.0,1.0,5.12,5.68,0.0,19.0,4.0,1.0,9.85,1.43,31.02,0,0.8858131487889275,1.8869731800766283,0.20942408376963348,0
35.0,5.0,10.86,5.29,4.0,3.0,18.0,7.0,13.29,1.51,65.32,1,2.014842300556586,1.2125912408759125,5.806451612903226,2
22.0,13.0,7.06,7.63,0.0,4.0,24.0,0.0,8.49,1.81,4.71,1,0.9133247089262613,1.1857541899441342,5.853658536585367,0
29.0,10.0,5.49,7.53,1.0,14.0,27.0,9.0,6.82,1.0,31.92,0,0.7195281782437746,1.220035778175313,1.9148936170212767,0
25.0,3.0,8.23,8.69,5.0,13.0,16.0,7.0,9.95,1.51,70.8,2,0.9362912400455063,1.1944777911164466,1.2213740458015268,0
37.0,8.0,13.64,5.03,1.0,18.0,21.0,1.0,15.15,1.59,80.03,2,2.658869395711501,1.1026200873362446,1.160220994475138,2
37.0,2.0,8.11,7.53,5.0,14.0,2.0,8.0,11.09,1.89,68.34,1,1.0629095674967235,1.3507917174177833,0.14184397163120568,1
24.0,10.0,7.47,4.33,5.0,11.0,16.0,3.0,9.86,1.43,47.53,1,1.6862302483069977,1.3025099075297226,1.4414414414414416,1
40.0,10.0,8.45,6.4,3.0,17.0,26.0,3.0,12.82,1.79,61.17,1,1.2999999999999998,1.4994152046783629,1.5204678362573099,1
26.0,3.0,4.12,4.6,2.0,13.0,14.0,6.0,8.64,0.19,55.91,1,0.8765957446808512,2.04739336492891,1.0687022900763359,0
21.0,0.0,5.33,7.27,2.0,9.0,18.0,2.0,8.22,0.25,9.68,0,0.723202170963365,1.5138121546961327,1.978021978021978,0
30.0,15.0,12.5,7.01,5.0,7.0,14.0,9.0,17.05,0.32,89.08,2,1.758087201125176,1.3531746031746033,1.971830985915493,1
32.0,10.0,13.78,4.24,5.0,3.0,17.0,2.0,16.58,0.29,71.42,2,3.175115207373272,1.1945244956772334,5.483870967741935,3
42.0,15.0,5.58,5.6,7.0,17.0,25.0,3.0,9.15,0.18,51.32,1,0.9789473684210528,1.6109154929577467,1.461988304093567,0
24.0,10.0,9.36,5.98,1.0,7.0,11.0,9.0,11.01,0.25,81.36,2,1.539473684210526,1.16384778012685,1.5492957746478875,1
25.0,7.0,13.66,5.24,7.0,3.0,27.0,2.0,14.87,1.99,54.06,1,2.558052434456929,1.0806686046511627,8.709677419354838,2
43.0,0.0,5.57,4.19,7.0,9.0,11.0,9.0,7.21,0.54,71.73,1,1.2983682983682985,1.271604938271605,1.208791208791209,1
33.0,8.0,5.86,5.59,4.0,4.0,23.0,7.0,7.87,0.96,26.73,0,1.0298769771529,1.320469798657718,5.609756097560976,1
31.0,11.0,13.27,7.96,0.0,9.0,2.0,8.0,17.27,1.64,57.3,1,1.6464019851116625,1.2916978309648468,0.21978021978021978,1
23.0,7.0,11.06,5.8,5.0,5.0,10.0,4.0,12.75,0.24,73.49,2,1.8745762711864409,1.14247311827957,1.9607843137254903,1
42.0,16.0,5.52,5.62,7.0,3.0,22.0,2.0,7.04,0.63,24.46,0,0.965034965034965,1.2526690391459077,7.096774193548387,0
25.0,9.0,7.93,8.71,5.0,17.0,9.0,6.0,12.64,0.32,79.63,2,0.9001135073779795,1.5740971357409717,0.5263157894736842,0
29.0,6.0,4.56,4.21,0.0,16.0,21.0,2.0,8.32,0.13,39.19,1,1.0580046403712298,1.7854077253218887,1.3043478260869563,1
37.0,18.0,8.33,7.84,0.0,6.0,14.0,5.0,11.22,1.92,23.13,0,1.04911838790932,1.3309608540925268,2.295081967213115,1
34.0,5.0,11.78,6.42,4.0,8.0,22.0,3.0,13.16,1.72,50.01,1,1.8067484662576687,1.107744107744108,2.7160493827160495,1
27.0,10.0,9.54,8.72,4.0,2.0,10.0,6.0,13.95,1.76,29.1,0,1.0816326530612244,1.4470954356846475,4.761904761904762,1
28.0,17.0,10.47,5.97,0.0,8.0,22.0,5.0,11.9,1.74,56.96,1,1.724876441515651,1.1258278145695364,2.7160493827160495,1
24.0,14.0,7.27,7.54,5.0,3.0,25.0,6.0,10.71,0.31,39.51,1,0.9515706806282722,1.4531886024423342,8.064516129032258,0
29.0,1.0,5.61,4.35,5.0,18.0,0.0,3.0,9.28,1.57,54.73,1,1.260674157303371,1.625218914185639,0.0,1
39.0,13.0,4.13,8.64,0.0,8.0,19.0,5.0,6.73,1.46,16.69,0,0.47254004576659037,1.5910165484633572,2.345679012345679,0
25.0,9.0,12.21,5.72,5.0,19.0,3.0,9.0,16.85,1.85,100.0,2,2.0979381443298974,1.3688058489033308,0.15706806282722513,2
35.0,15.0,10.37,6.62,4.0,5.0,20.0,6.0,11.57,0.44,56.37,1,1.5431547619047619,1.1050620821394461,3.9215686274509807,1
43.0,6.0,6.29,4.69,0.0,10.0,29.0,9.0,10.56,0.83,70.78,2,1.313152400835073,1.6525821596244132,2.871287128712871,1
22.0,7.0,8.18,8.73,4.0,14.0,25.0,7.0,11.4,0.59,44.61,1,0.9263873159682898,1.3768115942028987,1.773049645390071,0
29.0,9.0,12.01,7.36,5.0,5.0,20.0,9.0,15.45,0.52,79.07,2,1.6099195710455765,1.2758051197357556,3.9215686274509807,1
30.0,14.0,9.39,4.27,5.0,19.0,7.0,8.0,14.34,1.3,94.14,2,2.1487414187643026,1.5110642781875658,0.36649214659685864,2
30.0,7.0,7.0,4.78,4.0,9.0,19.0,2.0,10.33,0.33,49.26,1,1.4344262295081966,1.4549295774647888,2.087912087912088,1
36.0,12.0,6.67,6.0,1.0,17.0,12.0,4.0,10.86,0.93,53.74,1,1.0934426229508196,1.604135893648449,0.7017543859649122,1
23.0,11.0,6.18,5.08,1.0,15.0,16.0,9.0,7.79,1.29,65.76,1,1.193050193050193,1.2404458598726116,1.0596026490066226,1
23.0,7.0,12.24,5.52,6.0,3.0,14.0,2.0,16.48,0.26,43.93,1,2.1779359430604988,1.3354943273905997,4.516129032258064,2
36.0,14.0,9.82,8.99,4.0,9.0,20.0,4.0,13.86,0.51,70.85,2,1.0803080308030804,1.3971774193548387,2.197802197802198,1
28.0,11.0,11.09,7.29,0.0,12.0,0.0,1.0,15.96,1.93,54.06,1,1.5006765899864682,1.4262734584450403,0.0,1
38.0,10.0,8.99,8.61,1.0,4.0,27.0,2.0,17.34,1.59,30.57,0,1.032146957520092,1.9075907590759076,6.585365853658537,1
24.0,18.0,13.87,6.18,5.0,19.0,2.0,6.0,15.73,1.35,100.0,2,2.2085987261146496,1.1259842519685042,0.10471204188481674,2
41.0,13.0,6.49,7.55,7.0,18.0,23.0,7.0,9.35,1.71,61.17,1,0.8483660130718955,1.4188163884673748,1.2707182320441988,0
43.0,17.0,5.81,6.46,2.0,17.0,25.0,4.0,10.46,0.03,47.77,1,0.885670731707317,1.7698815566835875,1.461988304093567,0
25.0,12.0,8.62,5.64,0.0,19.0,20.0,2.0,12.18,0.01,58.79,1,1.5017421602787457,1.3967889908256883,1.0471204188481675,1
22.0,3.0,4.35,6.6,4.0,16.0,22.0,3.0,7.2,0.31,32.59,0,0.6492537313432836,1.617977528089888,1.3664596273291925,0
41.0,16.0,8.99,6.14,5.0,15.0,29.0,2.0,13.36,0.99,76.81,2,1.4407051282051284,1.4697469746974696,1.9205298013245033,1
20.0,18.0,12.84,8.9,5.0,0.0,16.0,2.0,15.25,1.14,32.66,0,1.4266666666666667,1.1785162287480682,160.0,1
39.0,8.0,10.86,6.48,2.0,0.0,21.0,8.0,14.52,0.23,49.76,1,1.6504559270516717,1.3248175182481752,210.0,1
41.0,6.0,6.68,8.06,4.0,19.0,27.0,3.0,10.79,0.14,48.62,1,0.8186274509803921,1.5914454277286136,1.413612565445026,0
35.0,0.0,5.23,7.33,6.0,13.0,29.0,5.0,8.02,1.66,44.8,1,0.7039030955585465,1.5046904315196996,2.213740458015267,0
42.0,6.0,7.82,6.4,0.0,1.0,23.0,2.0,9.04,0.93,4.19,0,1.2030769230769232,1.1414141414141412,20.909090909090907,1
30.0,6.0,12.33,6.37,5.0,14.0,21.0,7.0,15.86,1.98,91.19,2,1.9057187017001547,1.2759452936444087,1.4893617021276595,1
32.0,19.0,7.48,5.71,6.0,2.0,3.0,3.0,12.17,0.46,42.28,1,1.287435456110155,1.6055408970976253,1.4285714285714286,1
29.0,6.0,4.34,4.53,3.0,12.0,26.0,7.0,12.02,1.29,53.21,1,0.937365010799136,2.7072072072072073,2.1487603305785123,0
22.0,7.0,6.74,7.81,5.0,18.0,7.0,1.0,11.45,1.61,33.6,0,0.852085967130215,1.6739766081871343,0.38674033149171266,0
28.0,15.0,13.9,8.59,3.0,0.0,14.0,8.0,16.32,1.75,58.78,1,1.5995397008055237,1.1657142857142857,140.0,1
31.0,2.0,10.77,5.09,7.0,12.0,7.0,1.0,15.32,0.61,84.47,2,2.0751445086705202,1.409383624655014,0.578512396694215,2
42.0,12.0,13.01,8.63,3.0,14.0,29.0,2.0,17.16,0.39,56.5,1,1.490263459335624,1.3089244851258581,2.0567375886524824,1
33.0,9.0,11.75,5.16,0.0,15.0,13.0,2.0,16.6,0.45,73.67,2,2.2338403041825097,1.4008438818565403,0.8609271523178809,2
20.0,17.0,9.4,6.65,7.0,10.0,5.0,4.0,13.56,1.33,48.61,1,1.3925925925925926,1.4273684210526316,0.49504950495049505,1
37.0,6.0,5.49,5.72,0.0,2.0,23.0,2.0,7.78,1.04,6.64,0,0.943298969072165,1.3917710196779964,10.952380952380953,0
36.0,4.0,7.49,4.57,2.0,7.0,27.0,7.0,12.09,1.2,51.84,1,1.6038543897216275,1.592885375494071,3.802816901408451,1
28.0,6.0,9.84,4.26,5.0,5.0,21.0,9.0,13.52,0.04,72.63,2,2.2568807339449544,1.3601609657947686,4.11764705882353,2
28.0,16.0,12.71,5.83,0.0,4.0,14.0,6.0,14.36,0.78,54.82,1,2.143338954468803,1.120999219359875,3.414634146341464,2
42.0,3.0,6.69,4.24,0.0,14.0,19.0,0.0,7.87,0.62,43.95,1,1.5414746543778803,1.159057437407953,1.3475177304964538,1
29.0,15.0,5.21,4.52,4.0,8.0,26.0,5.0,7.67,1.73,24.22,0,1.1277056277056279,1.4444444444444446,3.2098765432098766,1
38.0,18.0,9.59,4.71,2.0,4.0,27.0,1.0,13.74,1.55,41.52,1,1.993762993762994,1.4179566563467494,6.585365853658537,1
34.0,9.0,5.77,4.01,5.0,9.0,21.0,7.0,9.24,0.86,74.93,2,1.4038929440389296,1.5741056218057925,2.307692307692308,1
24.0,2.0,10.1,4.77,6.0,5.0,14.0,9.0,13.21,1.26,61.34,1,2.073921971252567,1.2950980392156866,2.7450980392156863,2
34.0,2.0,6.64,6.89,4.0,10.0,23.0,7.0,7.65,0.1,40.76,1,0.949928469241774,1.1350148367952524,2.2772277227722775,0
39.0,16.0,6.31,8.1,1.0,3.0,29.0,6.0,9.05,1.27,3.64,0,0.7695121951219512,1.4118564742589705,9.35483870967742,0
42.0,9.0,7.99,4.97,5.0,19.0,22.0,7.0,9.62,0.19,83.36,2,1.5759368836291916,1.1891223733003708,1.1518324607329842,1
44.0,16.0,9.93,4.4,1.0,11.0,4.0,0.0,12.75,1.43,57.48,1,2.2066666666666666,1.2711864406779663,0.3603603603603604,2
21.0,16.0,9.45,7.65,7.0,19.0,12.0,7.0,14.42,1.15,93.38,2,1.2193548387096773,1.5099476439790578,0.6282722513089005,1
32.0,3.0,6.45,4.04,7.0,5.0,6.0,0.0,10.97,0.6,41.3,1,1.5579710144927539,1.6748091603053437,1.1764705882352942,1
43.0,5.0,12.91,7.67,4.0,0.0,16.0,2.0,15.15,0.74,46.17,1,1.6615186615186617,1.164488854727133,160.0,1
35.0,11.0,5.1,4.66,3.0,17.0,7.0,3.0,8.47,0.18,67.72,1,1.0714285714285714,1.6288461538461543,0.4093567251461988,1
34.0,19.0,4.39,5.14,6.0,1.0,4.0,2.0,7.4,0.65,13.25,0,0.8377862595419848,1.648106904231626,3.6363636363636362,0
44.0,16.0,10.03,4.6,5.0,4.0,22.0,1.0,11.55,1.93,48.69,1,2.1340425531914895,1.1401776900296152,5.365853658536586,2
29.0,16.0,5.23,5.24,0.0,15.0,6.0,2.0,10.19,0.97,56.19,1,0.9794007490636705,1.9118198874296435,0.3973509933774835,0
33.0,9.0,9.05,7.99,2.0,11.0,7.0,8.0,11.75,0.95,70.88,2,1.1186650185414093,1.2841530054644807,0.6306306306306306,1
29.0,6.0,13.52,4.66,5.0,11.0,6.0,1.0,16.54,1.26,66.45,1,2.8403361344537816,1.2143906020558004,0.5405405405405406,2
44.0,15.0,10.99,8.97,2.0,10.0,21.0,4.0,14.58,0.97,44.43,1,1.2116868798235942,1.314697926059513,2.0792079207920793,1
33.0,12.0,10.17,5.64,3.0,19.0,14.0,2.0,11.94,0.71,95.08,2,1.7717770034843208,1.1626095423563778,0.7329842931937173,1
42.0,2.0,9.75,8.61,2.0,18.0,5.0,8.0,11.64,0.28,71.15,2,1.119402985074627,1.1817258883248731,0.2762430939226519,1
28.0,1.0,5.8,4.95,3.0,6.0,20.0,6.0,7.57,1.26,54.88,1,1.1485148514851484,1.2830508474576272,3.278688524590164,1
44.0,15.0,8.33,4.94,6.0,1.0,20.0,9.0,10.87,1.5,51.07,1,1.6527777777777777,1.2894424673784104,18.18181818181818,1
33.0,5.0,7.43,6.83,4.0,5.0,3.0,2.0,9.23,1.85,22.59,0,1.072150072150072,1.2257636122177957,0.5882352941176471,1
22.0,5.0,13.53,4.25,3.0,3.0,22.0,1.0,18.24,0.01,53.795,1,3.110344827586207,1.338224504768892,7.096774193548387,3
39.0,12.0,6.42,8.01,7.0,1.0,14.0,1.0,10.28,0.13,10.94,0,0.7916152897657214,1.5766871165644172,12.727272727272727,0
35.0,6.0,8.72,6.2,1.0,16.0,27.0,4.0,13.31,1.8,53.85,1,1.3841269841269843,1.5090702947845804,1.6770186335403725,1
21.0,4.0,13.38,7.5,7.0,7.0,26.0,8.0,17.77,1.26,84.45,2,1.760526315789474,1.3182492581602374,3.6619718309859155,1
29.0,6.0,11.89,4.87,5.0,4.0,29.0,1.0,15.7,1.92,47.34,1,2.392354124748491,1.3094245204336947,7.073170731707318,2
22.0,1.0,13.65,7.21,7.0,9.0,2.0,1.0,15.62,0.86,77.11,2,1.8673050615595077,1.136,0.21978021978021978,1
30.0,16.0,10.08,6.97,7.0,15.0,4.0,7.0,13.54,0.83,79.37,2,1.425742574257426,1.3300589390962672,0.26490066225165565,1
30.0,12.0,7.34,7.78,7.0,1.0,18.0,2.0,9.09,0.69,3.49,0,0.9314720812182741,1.2217741935483872,16.363636363636363,0
40.0,15.0,12.27,5.49,3.0,18.0,14.0,2.0,13.8,0.29,83.86,2,2.1949910554561716,1.1156022635408247,0.7734806629834253,2
40.0,19.0,6.91,8.67,5.0,6.0,4.0,5.0,10.44,0.76,28.34,0,0.7879133409350058,1.4893009985734664,0.6557377049180328,0
41.0,1.0,5.65,8.81,4.0,1.0,26.0,5.0,9.15,0.03,32.73,0,0.6341189674523008,1.591304347826087,23.636363636363633,0
32.0,4.0,11.06,8.34,6.0,12.0,12.0,5.0,12.69,1.02,76.8,2,1.3104265402843602,1.1370967741935483,0.9917355371900827,1
26.0,17.0,10.39,6.86,4.0,3.0,9.0,4.0,12.8,1.69,57.99,1,1.492816091954023,1.2202097235462346,2.903225806451613,1
42.0,6.0,12.79,6.1,3.0,15.0,5.0,3.0,14.06,0.64,88.38,2,2.0629032258064517,1.0907680372381692,0.33112582781456956,2
36.0,10.0,13.62,4.29,4.0,9.0,0.0,8.0,17.48,0.19,100.0,2,3.1025056947608203,1.274052478134111,0.0,3
21.0,10.0,12.57,8.74,1.0,16.0,29.0,3.0,17.52,1.95,65.5,1,1.4219457013574661,1.3827940015785318,1.8012422360248446,1
31.0,16.0,4.6,8.76,6.0,13.0,10.0,0.0,8.56,0.26,33.89,0,0.5191873589164786,1.8212765957446813,0.7633587786259542,0
44.0,15.0,10.65,4.09,0.0,11.0,19.0,7.0,15.03,1.06,80.39,2,2.541766109785203,1.398139534883721,1.7117117117117118,2
29.0,12.0,11.85,5.78,4.0,12.0,8.0,7.0,14.76,1.62,75.76,2,2.0153061224489797,1.2351464435146444,0.6611570247933884,2
37.0,4.0,13.82,8.4,0.0,19.0,15.0,2.0,15.2,0.5,53.795,1,1.6258823529411766,1.0919540229885056,0.7853403141361256,1
41.0,19.0,7.75,4.4,4.0,7.0,14.0,8.0,11.66,1.68,39.88,1,1.7222222222222223,1.4853503184713377,1.971830985915493,1
30.0,15.0,5.7,4.98,7.0,16.0,4.0,6.0,7.73,1.11,58.54,1,1.1220472440944882,1.3327586206896553,0.24844720496894407,1
35.0,15.0,12.53,8.89,6.0,17.0,14.0,6.0,15.08,0.66,80.43,2,1.3937708565072302,1.1939825811559779,0.8187134502923976,1
36.0,15.0,7.17,8.24,3.0,9.0,0.0,4.0,12.02,1.73,29.29,0,0.8597122302158273,1.6533700137551581,0.0,0
38.0,13.0,9.98,8.56,0.0,12.0,14.0,2.0,14.6,1.24,38.23,1,1.1524249422632795,1.4484126984126984,1.15702479338843,1
37.0,5.0,7.9,4.71,6.0,1.0,3.0,9.0,10.84,1.23,72.89,2,1.6424116424116426,1.355,2.727272727272727,1
22.0,1.0,8.02,5.06,4.0,16.0,27.0,4.0,12.87,1.01,72.43,2,1.554263565891473,1.5849753694581281,1.6770186335403725,1
40.0,13.0,11.32,7.03,5.0,5.0,15.0,2.0,14.4,0.55,44.27,1,1.5876577840112203,1.2609457092819616,2.9411764705882355,1
35.0,15.0,7.61,6.51,4.0,11.0,21.0,2.0,9.1,0.61,58.67,1,1.1512859304084722,1.1802853437094682,1.8918918918918919,1
25.0,19.0,10.93,5.49,0.0,12.0,6.0,0.0,14.0,0.18,53.49,1,1.9552772808586762,1.2692656391659112,0.49586776859504134,1
32.0,12.0,4.14,8.42,5.0,3.0,22.0,3.0,8.58,0.49,15.24,0,0.48591549295774644,2.023584905660378,7.096774193548387,0
31.0,14.0,7.25,8.51,7.0,14.0,7.0,8.0,10.4,0.56,70.09,2,0.8420441347270616,1.4149659863945578,0.49645390070921985,0
30.0,11.0,7.19,5.46,6.0,15.0,20.0,5.0,11.18,0.12,70.91,2,1.2931654676258995,1.53360768175583,1.3245033112582782,1
34.0,8.0,11.49,4.78,4.0,18.0,21.0,5.0,14.68,0.22,100.0,2,2.3545081967213117,1.266609145815358,1.160220994475138,2
34.0,17.0,7.15,4.75,0.0,14.0,26.0,5.0,10.33,0.54,51.21,1,1.4742268041237114,1.4248275862068966,1.8439716312056738,1
35.0,13.0,10.33,6.42,1.0,9.0,26.0,4.0,12.47,1.35,44.51,1,1.584355828220859,1.1955896452540749,2.857142857142857,1
29.0,19.0,10.89,4.66,2.0,19.0,1.0,1.0,12.7,0.37,69.94,1,2.2878151260504205,1.1555959963603275,0.05235602094240837,2
31.0,3.0,10.58,6.37,1.0,5.0,29.0,4.0,12.7,1.04,49.72,1,1.6352395672333848,1.1891385767790261,5.686274509803922,1
32.0,7.0,10.03,6.31,0.0,4.0,11.0,9.0,12.79,1.02,58.89,1,1.5647425897035883,1.2625863770977295,2.682926829268293,1
23.0,7.0,8.14,8.42,3.0,1.0,25.0,2.0,12.38,1.67,13.53,0,0.955399061032864,1.5024271844660195,22.727272727272727,0
26.0,15.0,7.73,5.48,3.0,19.0,27.0,9.0,12.05,1.22,82.31,2,1.385304659498208,1.5389527458492978,1.413612565445026,1
41.0,9.0,9.65,6.8,2.0,1.0,1.0,1.0,12.02,1.83,19.15,0,1.3985507246376814,1.2328205128205127,0.9090909090909091,1
21.0,16.0,4.64,7.72,0.0,4.0,13.0,3.0,7.85,1.26,6.79,0,0.5933503836317136,1.6561181434599157,3.1707317073170733,0
34.0,0.0,12.76,6.98,5.0,2.0,18.0,9.0,15.42,0.05,82.81,2,1.8022598870056497,1.1990668740279937,8.571428571428571,1
27.0,17.0,12.25,8.77,4.0,5.0,19.0,8.0,15.53,0.76,52.25,1,1.3810597519729426,1.2574898785425102,3.7254901960784315,1
26.0,9.0,7.46,7.01,1.0,10.0,5.0,6.0,11.05,1.4,39.49,1,1.049226441631505,1.4616402116402119,0.49504950495049505,1
34.0,3.0,9.67,8.51,5.0,4.0,21.0,9.0,11.79,0.95,50.94,1,1.1231126596980257,1.2067553735926304,5.121951219512195,1
42.0,0.0,13.32,5.23,6.0,17.0,18.0,8.0,18.0,0.84,100.0,2,2.49906191369606,1.3412816691505216,1.0526315789473684,2
33.0,3.0,6.72,6.8,1.0,13.0,16.0,2.0,11.46,1.34,45.78,1,0.9739130434782609,1.680351906158358,1.2213740458015268,0
27.0,3.0,11.42,6.72,2.0,9.0,2.0,1.0,12.84,0.57,56.65,1,1.6744868035190617,1.1145833333333333,0.21978021978021978,1
31.0,3.0,4.83,8.95,7.0,2.0,19.0,8.0,8.64,1.82,22.68,0,0.5337016574585636,1.7525354969574038,9.047619047619047,0
32.0,16.0,9.23,5.02,2.0,15.0,24.0,5.0,10.36,0.83,63.23,1,1.8027343750000004,1.110396570203644,1.589403973509934,1
30.0,8.0,12.84,4.7,6.0,15.0,9.0,9.0,14.03,1.26,100.0,2,2.6750000000000003,1.0842349304482226,0.5960264900662252,2
36.0,18.0,9.52,7.06,2.0,10.0,23.0,3.0,14.35,1.96,33.34,0,1.329608938547486,1.4916839916839917,2.2772277227722775,1
36.0,12.0,10.16,5.12,7.0,3.0,12.0,3.0,12.02,1.57,53.795,1,1.9463601532567052,1.1715399610136452,3.8709677419354835,1
43.0,3.0,13.08,7.2,6.0,10.0,19.0,9.0,15.38,1.06,97.5,2,1.7917808219178082,1.1669195751138088,1.8811881188118813,1
23.0,4.0,11.15,8.86,5.0,7.0,22.0,9.0,14.83,1.72,57.59,1,1.244419642857143,1.3182222222222222,3.098591549295775,1
40.0,12.0,10.96,8.73,5.0,15.0,28.0,5.0,15.34,1.12,76.93,2,1.2412231030577576,1.3869801084990958,1.8543046357615895,1
27.0,15.0,9.86,5.16,2.0,7.0,28.0,6.0,14.34,0.88,74.58,2,1.8745247148288973,1.4397590361445785,3.943661971830986,1
24.0,4.0,10.33,4.85,5.0,8.0,24.0,9.0,11.41,1.75,73.83,2,2.086868686868687,1.0939597315436242,2.9629629629629632,2
35.0,7.0,12.04,6.8,2.0,13.0,17.0,4.0,16.31,0.05,79.31,2,1.7449275362318841,1.343492586490939,1.297709923664122,1
23.0,15.0,13.79,6.93,7.0,7.0,18.0,7.0,18.2,0.81,81.72,2,1.961593172119488,1.3102951763858892,2.535211267605634,1
41.0,0.0,8.99,7.31,5.0,15.0,14.0,9.0,15.33,0.69,94.8,2,1.2132253711201082,1.6864686468646866,0.9271523178807948,1
34.0,5.0,11.08,7.71,2.0,1.0,7.0,0.0,14.0,1.43,22.13,0,1.418693982074264,1.2522361359570662,6.363636363636363,1
31.0,10.0,5.36,7.0,4.0,19.0,17.0,0.0,6.8,0.03,54.25,1,0.7549295774647888,1.2454212454212454,0.8900523560209423,0
24.0,15.0,12.17,4.56,7.0,18.0,6.0,3.0,14.13,1.32,89.56,2,2.6115879828326185,1.1515892420537899,0.3314917127071823,2
32.0,4.0,11.36,7.95,4.0,19.0,22.0,7.0,14.32,0.69,81.81,2,1.4111801242236024,1.24956369982548,1.1518324607329842,1
35.0,15.0,11.7,4.4,6.0,19.0,10.0,7.0,16.16,0.2,100.0,2,2.5999999999999996,1.369491525423729,0.5235602094240838,2
33.0,6.0,6.31,4.1,1.0,18.0,2.0,5.0,10.52,1.96,64.98,1,1.5023809523809526,1.6411856474258972,0.11049723756906077,1
29.0,18.0,13.03,7.85,6.0,18.0,1.0,4.0,16.01,0.42,83.66,2,1.638993710691824,1.2193450114242195,0.055248618784530384,1
26.0,0.0,4.97,6.74,1.0,17.0,18.0,9.0,9.11,0.7,45.56,1,0.7266081871345029,1.7968441814595661,1.0526315789473684,0
32.0,8.0,6.54,7.49,6.0,12.0,27.0,9.0,10.6,0.41,75.44,2,0.8616600790513834,1.5963855421686748,2.231404958677686,0
39.0,17.0,10.63,5.91,2.0,16.0,23.0,1.0,13.95,1.32,39.68,1,1.7687188019966724,1.3000931966449207,1.4285714285714284,1
24.0,12.0,10.74,4.06,4.0,0.0,27.0,4.0,12.62,1.57,30.59,0,2.5817307692307696,1.1642066420664205,270.0,2
22.0,14.0,7.13,5.66,5.0,4.0,24.0,4.0,9.52,1.72,56.07,1,1.2378472222222223,1.3167358229598893,5.853658536585367,1
34.0,2.0,11.02,7.04,2.0,19.0,10.0,1.0,12.68,1.02,51.32,1,1.5434173669467788,1.1402877697841727,0.5235602094240838,1
23.0,9.0,7.88,5.13,4.0,12.0,7.0,7.0,8.91,1.05,62.25,1,1.5066921606118548,1.1165413533834587,0.578512396694215,1
34.0,8.0,4.0,7.44,3.0,5.0,10.0,9.0,5.32,1.33,20.1,0,0.5305039787798409,1.2975609756097564,1.9607843137254903,0
33.0,12.0,5.63,7.97,4.0,9.0,1.0,4.0,9.67,1.26,5.03,0,0.6976456009913259,1.6876090750436301,0.10989010989010989,0
39.0,15.0,12.83,6.27,0.0,9.0,11.0,4.0,13.96,1.43,49.89,1,2.014128728414443,1.0796597061098223,1.208791208791209,2
38.0,2.0,6.23,8.38,4.0,5.0,28.0,0.0,8.83,1.54,10.58,0,0.7346698113207547,1.3949447077409163,5.490196078431373,0
32.0,14.0,5.13,8.27,0.0,0.0,8.0,0.0,10.07,0.19,0.0,0,0.6129032258064516,1.925430210325048,80.0,0
29.0,16.0,10.82,8.39,1.0,17.0,5.0,0.0,15.0,0.34,65.87,1,1.2744405182567726,1.3736263736263736,0.29239766081871343,1
40.0,13.0,8.41,7.31,4.0,6.0,11.0,7.0,12.41,1.47,42.72,1,1.134952766531714,1.4582843713278497,1.8032786885245902,1
24.0,6.0,11.97,5.52,3.0,9.0,17.0,9.0,14.07,0.95,65.52,1,2.129893238434164,1.1657000828500415,1.8681318681318682,2
42.0,19.0,12.61,6.41,5.0,11.0,24.0,1.0,16.18,0.85,68.68,1,1.9370199692780337,1.2730133752950434,2.1621621621621623,1
39.0,15.0,12.46,7.55,4.0,14.0,4.0,7.0,15.45,0.91,98.29,2,1.6287581699346407,1.2300955414012738,0.28368794326241137,1
39.0,7.0,7.13,5.05,5.0,16.0,21.0,5.0,10.63,0.74,84.01,2,1.3844660194174758,1.4702627939142463,1.3043478260869563,1
44.0,3.0,9.06,7.69,4.0,2.0,16.0,4.0,11.8,1.18,42.46,1,1.1630295250320926,1.2882096069868996,7.619047619047619,1
25.0,19.0,10.5,6.74,4.0,14.0,15.0,5.0,13.62,0.65,59.66,1,1.5350877192982457,1.2849056603773585,1.0638297872340425,1
23.0,14.0,7.22,4.48,7.0,0.0,11.0,3.0,12.17,1.27,32.88,0,1.5764192139737991,1.662568306010929,110.0,1
21.0,4.0,4.41,6.79,5.0,10.0,28.0,2.0,6.73,0.41,31.14,0,0.6400580551523948,1.4922394678492241,2.7722772277227725,0
41.0,12.0,8.96,4.33,5.0,5.0,29.0,3.0,10.83,1.52,52.8,1,2.0225733634311513,1.195364238410596,5.686274509803922,2
35.0,5.0,4.13,4.07,2.0,15.0,1.0,8.0,6.92,1.56,36.78,1,0.9904076738609112,1.6359338061465722,0.06622516556291391,0
37.0,4.0,13.51,8.45,4.0,11.0,15.0,7.0,16.61,1.16,99.51,2,1.5801169590643276,1.2204261572373256,1.3513513513513513,1
24.0,16.0,11.97,6.45,4.0,14.0,0.0,7.0,13.31,0.74,100.0,2,1.8274809160305345,1.1027340513670256,0.0,1
41.0,6.0,5.92,6.72,7.0,17.0,19.0,0.0,10.14,0.03,50.54,1,0.8680351906158359,1.684385382059801,1.111111111111111,0
23.0,5.0,6.88,5.4,3.0,9.0,1.0,4.0,9.57,0.24,48.88,1,1.250909090909091,1.3710601719197708,0.10989010989010989,1
32.0,1.0,13.83,6.71,5.0,11.0,12.0,5.0,16.48,0.16,83.51,2,2.0308370044052864,1.1830581478822686,1.0810810810810811,2
38.0,10.0,7.74,4.84,7.0,19.0,15.0,8.0,11.38,0.02,100.0,2,1.5668016194331986,1.451530612244898,0.7853403141361256,1
42.0,6.0,11.84,7.73,5.0,18.0,0.0,9.0,15.93,1.44,82.51,2,1.51213282247765,1.3341708542713568,0.0,1
21.0,7.0,8.47,8.12,0.0,4.0,18.0,9.0,13.41,1.91,36.46,1,1.0304136253041365,1.5647607934655776,4.390243902439025,1
32.0,4.0,12.64,8.28,0.0,17.0,3.0,5.0,14.33,0.02,70.61,2,1.5083532219570408,1.1248037676609106,0.17543859649122806,1
30.0,17.0,8.99,4.53,5.0,18.0,19.0,0.0,13.42,0.23,81.75,2,1.9416846652267818,1.4763476347634763,1.0497237569060773,1
41.0,15.0,4.23,6.79,3.0,11.0,2.0,0.0,5.9,1.72,25.08,0,0.6139332365747461,1.3625866050808315,0.1801801801801802,0
23.0,13.0,6.94,8.04,7.0,0.0,1.0,6.0,11.46,1.38,21.21,0,0.8525798525798528,1.6278409090909092,10.0,0
41.0,11.0,9.58,4.64,1.0,1.0,11.0,2.0,12.77,0.81,37.1,1,2.0210970464135025,1.3192148760330578,10.0,2
39.0,16.0,13.26,4.5,4.0,2.0,23.0,6.0,17.67,1.99,67.07,1,2.882608695652174,1.3226047904191618,10.952380952380953,2
39.0,4.0,5.02,8.08,1.0,11.0,25.0,4.0,9.96,1.15,15.69,0,0.6136919315403423,1.9453125000000004,2.2522522522522523,0
34.0,13.0,10.01,7.98,3.0,13.0,12.0,0.0,13.21,1.34,37.25,1,1.2388613861386137,1.3066271018793276,0.916030534351145,1
23.0,5.0,7.02,6.24,1.0,9.0,26.0,7.0,8.49,1.31,32.52,0,1.1072555205047319,1.1924157303370788,2.857142857142857,1
28.0,14.0,12.89,4.55,0.0,3.0,17.0,8.0,15.34,0.45,55.95,1,2.7720430107526886,1.180908391070054,5.483870967741935,2
26.0,6.0,11.65,6.58,2.0,11.0,4.0,5.0,12.79,0.98,66.46,1,1.7440119760479043,1.0885106382978722,0.3603603603603604,1
38.0,13.0,7.7,5.97,1.0,7.0,22.0,1.0,12.1,0.43,32.25,0,1.2685337726523889,1.5512820512820513,3.098591549295775,1
38.0,17.0,5.67,6.59,2.0,0.0,24.0,8.0,6.74,1.02,9.73,0,0.8475336322869955,1.1681109185441942,240.0,0
25.0,0.0,4.11,6.2,1.0,4.0,11.0,1.0,7.48,0.06,3.92,0,0.6523809523809524,1.7767220902612828,2.682926829268293,0
25.0,5.0,10.21,6.84,7.0,0.0,18.0,5.0,11.63,0.76,46.63,1,1.4711815561959656,1.1280310378273521,180.0,1
39.0,2.0,8.06,7.64,3.0,14.0,0.0,9.0,9.09,0.74,75.12,2,1.0413436692506461,1.1139705882352942,0.0,1
34.0,4.0,7.15,7.87,2.0,12.0,8.0,3.0,9.17,0.58,55.62,1,0.8971141781681305,1.2648275862068965,0.6611570247933884,0
34.0,11.0,13.86,7.24,1.0,12.0,0.0,5.0,17.07,0.16,84.47,2,1.888283378746594,1.2227793696275073,0.0,1
44.0,10.0,8.66,4.99,3.0,3.0,23.0,3.0,9.96,1.54,22.87,0,1.7013752455795679,1.1369863013698631,7.419354838709677,1
39.0,12.0,11.5,5.99,6.0,14.0,17.0,2.0,14.96,0.84,66.09,1,1.8883415435139574,1.2896551724137932,1.2056737588652482,1
28.0,15.0,5.77,4.36,6.0,11.0,22.0,7.0,9.46,1.63,58.99,1,1.2937219730941703,1.6115843270868828,1.981981981981982,1
23.0,17.0,4.13,6.26,5.0,7.0,14.0,4.0,12.02,1.67,18.74,0,0.64937106918239,2.8416075650118207,1.971830985915493,0
37.0,16.0,8.18,8.85,7.0,15.0,2.0,0.0,12.78,0.43,46.95,1,0.9139664804469274,1.5434782608695652,0.13245033112582782,0
37.0,16.0,10.66,7.21,6.0,11.0,5.0,7.0,13.93,0.84,83.54,2,1.4582763337893299,1.2946096654275092,0.45045045045045046,1
24.0,10.0,9.07,4.77,0.0,5.0,21.0,2.0,13.24,1.44,33.35,0,1.8624229979466123,1.4438386041439477,4.11764705882353,1
39.0,19.0,12.9,5.34,4.0,14.0,3.0,3.0,15.35,1.0,100.0,2,2.371323529411765,1.1807692307692308,0.2127659574468085,2
42.0,9.0,8.34,4.32,3.0,6.0,23.0,8.0,11.68,1.71,42.09,1,1.8868778280542986,1.3838862559241707,3.7704918032786887,1
30.0,15.0,7.11,6.46,3.0,4.0,11.0,2.0,9.72,1.14,35.6,1,1.0838414634146343,1.348127600554785,2.682926829268293,1
24.0,1.0,13.16,6.44,4.0,14.0,11.0,4.0,15.51,1.26,57.06,1,2.0122324159021407,1.169683257918552,0.7801418439716312,2
41.0,16.0,8.07,5.72,2.0,11.0,4.0,7.0,11.98,1.57,48.09,1,1.38659793814433,1.4663402692778458,0.3603603603603604,1
23.0,19.0,6.7,5.02,1.0,10.0,22.0,5.0,8.89,0.24,57.63,1,1.3085937500000002,1.3073529411764706,2.1782178217821784,1
31.0,9.0,4.98,4.73,2.0,3.0,28.0,2.0,7.5,1.17,0.0,0,1.0310559006211182,1.4763779527559056,9.032258064516128,1
21.0,12.0,11.93,6.46,7.0,12.0,20.0,7.0,12.02,0.17,91.65,2,1.8185975609756098,0.999168744804655,1.6528925619834711,1
32.0,11.0,12.25,6.79,3.0,17.0,12.0,4.0,16.73,0.52,71.05,2,1.7779390420899857,1.3546558704453442,0.7017543859649122,1
29.0,14.0,4.33,8.21,5.0,7.0,11.0,5.0,6.01,0.43,24.96,0,0.5210589651022863,1.3566591422121896,1.5492957746478875,0
28.0,6.0,7.59,4.92,6.0,6.0,3.0,2.0,10.12,1.13,36.32,1,1.5119521912350598,1.315994798439532,0.49180327868852464,1
29.0,12.0,11.5,8.24,1.0,15.0,5.0,7.0,16.05,1.69,69.23,1,1.3788968824940049,1.3836206896551726,0.33112582781456956,1
26.0,11.0,13.46,6.89,6.0,2.0,18.0,3.0,14.52,0.27,67.37,1,1.9256080114449217,1.070796460176991,8.571428571428571,1
23.0,11.0,7.78,5.33,6.0,15.0,5.0,8.0,12.57,1.54,86.47,2,1.4327808471454881,1.5951776649746194,0.33112582781456956,1
38.0,1.0,12.72,5.37,4.0,15.0,5.0,4.0,17.32,0.29,92.06,2,2.325411334552103,1.3510140405616224,0.33112582781456956,2
29.0,4.0,7.94,5.95,6.0,6.0,10.0,0.0,10.61,0.38,44.16,1,1.3123966942148761,1.319651741293532,1.639344262295082,1
22.0,1.0,5.79,6.3,7.0,12.0,26.0,8.0,9.4,1.83,55.93,1,0.9046875000000001,1.5959252971137523,2.1487603305785123,0
44.0,19.0,4.03,4.41,7.0,12.0,21.0,7.0,8.99,0.02,47.98,1,0.8935698447893571,2.176755447941889,1.7355371900826446,0
40.0,12.0,7.3,8.21,7.0,18.0,13.0,4.0,10.52,0.39,52.32,1,0.878459687123947,1.4216216216216218,0.718232044198895,0
38.0,2.0,7.78,4.61,4.0,17.0,29.0,2.0,9.17,0.43,81.23,2,1.6518046709129512,1.1637055837563453,1.6959064327485378,1
40.0,10.0,13.45,6.42,1.0,6.0,26.0,8.0,17.86,0.56,64.56,1,2.062883435582822,1.3180811808118083,4.262295081967213,2
21.0,15.0,6.06,5.91,7.0,19.0,2.0,6.0,7.6,0.73,74.92,2,1.0083194675540765,1.2337662337662338,0.10471204188481674,1
39.0,0.0,7.82,6.56,3.0,17.0,28.0,7.0,9.85,0.21,74.55,2,1.1741741741741742,1.2436868686868687,1.6374269005847952,1
29.0,18.0,4.25,8.44,5.0,17.0,7.0,2.0,8.74,0.94,33.97,0,0.4976580796252928,2.0091954022988507,0.4093567251461988,0
21.0,10.0,11.64,6.46,0.0,3.0,3.0,5.0,13.66,0.8,49.63,1,1.7743902439024393,1.1635434412265757,0.9677419354838709,1
21.0,8.0,13.15,4.1,6.0,8.0,26.0,3.0,17.13,1.25,73.65,2,3.1309523809523814,1.2928301886792453,3.2098765432098766,3
43.0,13.0,6.38,5.97,5.0,15.0,15.0,2.0,9.17,1.74,43.2,1,1.0510708401976936,1.4151234567901236,0.9933774834437087,1
36.0,8.0,8.29,6.46,6.0,3.0,17.0,3.0,12.33,0.6,29.68,0,1.263719512195122,1.4696066746126344,5.483870967741935,1
35.0,6.0,5.22,6.46,6.0,7.0,6.0,1.0,7.15,1.09,4.47,0,0.7957317073170732,1.3439849624060152,0.8450704225352114,0
35.0,15.0,8.57,7.25,4.0,2.0,10.0,4.0,11.25,0.74,22.54,0,1.1659863945578233,1.2975778546712804,4.761904761904762,1
33.0,2.0,5.33,8.96,5.0,8.0,7.0,7.0,7.6,0.08,48.07,1,0.5883002207505519,1.3996316758747698,0.8641975308641976,0
26.0,18.0,8.99,7.23,5.0,7.0,26.0,4.0,11.23,1.64,65.27,1,1.2264665757162347,1.2354235423542355,3.6619718309859155,1
40.0,3.0,11.35,4.56,2.0,11.0,19.0,5.0,13.61,1.27,70.66,1,2.4356223175965668,1.188646288209607,1.7117117117117118,2
30.0,6.0,9.53,8.21,0.0,13.0,5.0,6.0,11.82,0.0,62.7,1,1.1468110709987964,1.2274143302180687,0.3816793893129771,1
43.0,11.0,6.45,8.83,0.0,9.0,23.0,7.0,11.27,0.5,19.68,0,0.7222844344904815,1.7206106870229008,2.5274725274725274,0
20.0,17.0,7.54,7.56,4.0,16.0,15.0,5.0,10.67,0.62,55.21,1,0.9843342036553526,1.3965968586387436,0.9316770186335402,0
30.0,4.0,10.39,6.1,7.0,10.0,4.0,2.0,13.24,1.62,60.44,1,1.6758064516129034,1.2621544327931362,0.39603960396039606,1
42.0,9.0,9.9,8.74,6.0,9.0,24.0,7.0,12.91,1.52,81.35,2,1.1199095022624435,1.291,2.6373626373626373,1
40.0,11.0,5.37,8.84,7.0,12.0,5.0,9.0,10.35,0.79,35.07,1,0.6006711409395974,1.8921389396709323,0.4132231404958678,0
23.0,7.0,12.45,8.68,0.0,1.0,5.0,1.0,16.06,0.31,18.47,0,1.417995444191344,1.2796812749003985,4.545454545454545,1
26.0,18.0,8.75,6.06,1.0,0.0,27.0,6.0,12.56,0.77,47.78,1,1.4204545454545456,1.4192090395480228,270.0,1
34.0,14.0,5.62,7.95,4.0,0.0,28.0,9.0,7.87,1.62,53.795,1,0.6981366459627328,1.375874125874126,280.0,0
32.0,0.0,5.23,7.27,7.0,15.0,1.0,7.0,8.12,0.9,60.88,1,0.7096336499321575,1.523452157598499,0.06622516556291391,0
31.0,2.0,13.66,4.9,3.0,9.0,6.0,4.0,15.4,0.23,79.9,2,2.732,1.119186046511628,0.6593406593406593,2
36.0,17.0,6.82,6.68,4.0,9.0,8.0,6.0,10.56,0.08,56.71,1,1.0058997050147493,1.5260115606936417,0.8791208791208791,1
20.0,17.0,13.09,7.74,6.0,6.0,14.0,8.0,15.47,0.67,100.0,2,1.6696428571428572,1.172858225928734,2.295081967213115,1
30.0,1.0,8.11,8.48,5.0,6.0,20.0,7.0,12.1,0.3,41.65,1,0.9452214452214451,1.4738124238733252,3.278688524590164,0
20.0,4.0,7.86,8.31,5.0,0.0,13.0,4.0,9.71,1.49,25.26,0,0.9346016646848989,1.2198492462311559,130.0,0
34.0,0.0,11.01,4.77,4.0,12.0,20.0,3.0,13.62,0.56,72.15,2,2.260780287474333,1.2259225922592258,1.6528925619834711,2
40.0,9.0,8.99,6.44,2.0,4.0,27.0,2.0,6.98,1.75,7.68,0,1.3746177370030581,0.7678767876787679,6.585365853658537,1
29.0,19.0,7.38,6.39,6.0,9.0,12.0,5.0,9.05,1.23,43.98,1,1.1371340523882898,1.2098930481283423,1.3186813186813187,1
26.0,9.0,7.03,8.49,0.0,12.0,26.0,3.0,8.31,0.79,24.37,0,0.8183934807916182,1.165497896213184,2.1487603305785123,0
32.0,4.0,12.68,4.01,5.0,11.0,4.0,3.0,14.95,1.22,92.07,2,3.0851581508515817,1.1697965571205007,0.3603603603603604,3
29.0,17.0,9.29,7.69,5.0,17.0,16.0,5.0,12.47,0.59,69.82,1,1.1925545571245184,1.3280085197018108,0.935672514619883,1
43.0,14.0,7.65,7.09,1.0,4.0,14.0,9.0,11.26,0.28,51.22,1,1.0639777468706537,1.4529032258064516,3.414634146341464,1
23.0,19.0,6.66,8.61,6.0,4.0,25.0,4.0,9.36,1.93,1.78,0,0.7646383467278991,1.3846153846153846,6.097560975609756,0
31.0,7.0,9.91,6.28,0.0,1.0,23.0,0.0,12.91,1.13,28.41,0,1.5532915360501567,1.2897102897102897,20.909090909090907,1
38.0,16.0,5.52,7.29,6.0,5.0,2.0,4.0,8.69,0.01,23.52,0,0.7469553450608931,1.5462633451957297,0.3921568627450981,0
30.0,11.0,6.46,8.86,5.0,6.0,8.0,5.0,9.51,0.62,25.76,0,0.7209821428571429,1.4496951219512195,1.3114754098360657,0
27.0,11.0,6.94,7.72,2.0,0.0,8.0,0.0,8.3,0.32,0.0,0,0.8874680306905373,1.178977272727273,80.0,0
37.0,0.0,10.08,4.34,5.0,2.0,21.0,2.0,12.7,0.52,48.19,1,2.2702702702702706,1.2475442043222003,10.0,2
30.0,3.0,7.73,4.84,0.0,19.0,3.0,5.0,9.55,0.11,85.02,2,1.5647773279352228,1.2196679438058748,0.15706806282722513,1
30.0,7.0,9.06,8.11,1.0,1.0,19.0,6.0,12.19,0.49,16.75,0,1.1035322777101098,1.3307860262008733,17.27272727272727,1
32.0,0.0,10.5,5.67,7.0,9.0,10.0,6.0,14.53,1.37,74.92,2,1.8197573656845756,1.370754716981132,1.098901098901099,1
22.0,14.0,13.56,7.53,7.0,10.0,16.0,6.0,16.88,1.64,61.08,1,1.777195281782438,1.2357247437774523,1.5841584158415842,1
31.0,17.0,11.65,7.5,0.0,12.0,13.0,8.0,13.54,0.69,71.3,2,1.5328947368421053,1.1523404255319147,1.0743801652892562,1
22.0,0.0,8.05,8.97,6.0,15.0,9.0,1.0,9.88,1.04,53.795,1,0.8875413450937156,1.2122699386503069,0.5960264900662252,0
29.0,10.0,11.48,6.35,6.0,19.0,4.0,2.0,12.63,0.08,86.51,2,1.7798449612403104,1.0906735751295338,0.20942408376963348,1
36.0,1.0,13.5,7.69,2.0,10.0,20.0,6.0,16.21,0.18,85.65,2,1.7329910141206675,1.1919117647058823,1.9801980198019802,1
41.0,0.0,8.99,4.24,1.0,17.0,20.0,5.0,11.72,1.1,68.47,1,2.0714285714285716,1.2893289328932893,1.1695906432748537,2
21.0,11.0,8.1,6.31,7.0,10.0,27.0,0.0,10.05,1.68,66.7,1,1.263650546021841,1.2256097560975612,2.6732673267326734,1
36.0,15.0,4.78,4.93,0.0,0.0,16.0,9.0,8.84,0.18,41.29,1,0.9502982107355866,1.8114754098360655,160.0,0
35.0,9.0,12.92,8.2,2.0,17.0,15.0,6.0,15.47,0.84,85.69,2,1.5566265060240965,1.1881720430107527,0.8771929824561403,1
21.0,17.0,6.46,8.2,2.0,19.0,0.0,1.0,10.14,1.94,51.92,1,0.7783132530120482,1.5457317073170733,0.0,0
41.0,14.0,4.64,5.18,4.0,4.0,9.0,3.0,8.2,1.48,34.03,0,0.8787878787878788,1.7299578059071732,2.1951219512195124,0
39.0,16.0,9.37,5.59,5.0,1.0,11.0,6.0,12.79,0.4,47.12,1,1.6467486818980668,1.3505807814149948,10.0,1
25.0,9.0,12.46,7.51,6.0,17.0,17.0,3.0,17.09,0.57,89.42,2,1.637319316688568,1.3606687898089171,0.9941520467836257,1
44.0,2.0,8.07,7.69,1.0,6.0,0.0,5.0,9.13,1.9,26.13,0,1.03594351732991,1.1175030599755202,0.0,1
29.0,15.0,11.83,7.29,1.0,10.0,28.0,8.0,13.1,0.44,82.98,2,1.600811907983762,1.0980720871751886,2.7722772277227725,1
29.0,5.0,12.36,8.98,5.0,10.0,14.0,4.0,16.25,0.88,79.2,2,1.3612334801762114,1.3041733547351526,1.3861386138613863,1
27.0,2.0,8.54,8.34,6.0,12.0,27.0,2.0,10.95,0.71,32.99,0,1.0118483412322274,1.2673611111111112,2.231404958677686,1
20.0,8.0,9.91,6.09,6.0,3.0,11.0,5.0,14.86,0.98,54.48,1,1.6009693053311795,1.4845154845154844,3.5483870967741935,1
32.0,10.0,9.34,5.63,0.0,0.0,19.0,3.0,11.21,0.47,45.45,1,1.630017452006981,1.1875000000000002,190.0,1
43.0,12.0,13.39,6.98,4.0,17.0,5.0,8.0,15.12,1.34,100.0,2,1.8912429378531075,1.1208302446256486,0.29239766081871343,1
28.0,17.0,11.26,8.09,1.0,9.0,7.0,1.0,14.61,0.47,52.87,1,1.3748473748473748,1.2860915492957747,0.7692307692307693,1
41.0,3.0,13.25,6.38,2.0,9.0,13.0,9.0,15.37,1.2,94.48,2,2.044753086419753,1.151310861423221,1.4285714285714286,2
29.0,7.0,6.2,7.69,1.0,7.0,4.0,4.0,8.56,0.72,11.26,0,0.7958921694480103,1.3587301587301588,0.5633802816901409,0
34.0,12.0,7.1,6.46,4.0,2.0,21.0,8.0,11.78,0.5,58.28,1,1.0823170731707317,1.6361111111111113,10.0,1
24.0,9.0,4.71,8.63,5.0,6.0,3.0,9.0,5.81,1.39,43.42,1,0.5395189003436426,1.207900207900208,0.49180327868852464,0
41.0,1.0,9.0,7.87,3.0,9.0,21.0,6.0,12.13,1.93,71.56,2,1.1292346298619824,1.3329670329670331,2.307692307692308,1
35.0,7.0,12.74,5.97,5.0,10.0,15.0,4.0,15.08,1.74,60.93,1,2.098846787479407,1.1744548286604362,1.4851485148514851,2
32.0,5.0,7.27,5.92,2.0,6.0,5.0,7.0,9.65,0.17,45.05,1,1.2076411960132891,1.3093622795115334,0.819672131147541,1
41.0,15.0,5.28,4.51,1.0,6.0,2.0,1.0,7.27,0.91,20.92,0,1.1453362255965296,1.3513011152416357,0.3278688524590164,1
44.0,17.0,4.68,8.08,5.0,8.0,3.0,3.0,6.22,1.39,10.94,0,0.5721271393643031,1.3012552301255231,0.3703703703703704,0
39.0,16.0,8.48,7.84,2.0,2.0,21.0,5.0,9.62,1.13,19.38,0,1.0680100755667508,1.121212121212121,10.0,1
37.0,5.0,5.64,7.15,7.0,10.0,7.0,6.0,10.59,1.45,49.26,1,0.7779310344827586,1.844947735191638,0.6930693069306931,0
30.0,12.0,7.46,4.51,6.0,16.0,28.0,7.0,11.1,1.95,90.98,2,1.6182212581344904,1.4682539682539684,1.7391304347826086,1
28.0,13.0,12.2,5.31,0.0,7.0,29.0,3.0,16.31,0.68,40.51,1,2.255083179297597,1.3260162601626015,4.084507042253521,2
35.0,9.0,7.84,6.29,7.0,19.0,13.0,8.0,9.1,1.54,77.51,2,1.2269170579029733,1.1460957178841311,0.6806282722513088,1
21.0,10.0,10.1,5.33,4.0,1.0,6.0,6.0,11.16,0.19,55.01,1,1.8600368324125232,1.0941176470588236,5.454545454545454,1
44.0,12.0,9.02,6.17,2.0,19.0,3.0,1.0,12.42,1.74,71.73,2,1.4385964912280702,1.361842105263158,0.15706806282722513,1
21.0,11.0,11.19,5.13,1.0,0.0,29.0,8.0,15.09,1.56,60.86,1,2.139579349904398,1.3365810451727194,290.0,2
31.0,8.0,5.56,5.75,0.0,15.0,18.0,6.0,8.14,1.04,61.52,1,0.9504273504273504,1.4381625441696115,1.1920529801324504,0
27.0,3.0,13.2,7.26,0.0,3.0,10.0,4.0,15.75,1.64,55.62,1,1.7934782608695652,1.1842105263157896,3.225806451612903,1
28.0,6.0,10.44,8.46,7.0,8.0,14.0,2.0,12.98,1.33,59.52,1,1.219626168224299,1.2314990512333968,1.7283950617283952,1
31.0,1.0,6.71,5.93,0.0,7.0,23.0,8.0,8.32,1.1,45.2,1,1.1127694859038144,1.221732745961821,3.23943661971831,1
28.0,6.0,5.23,7.46,3.0,0.0,15.0,6.0,9.25,1.89,15.62,0,0.6917989417989419,1.7354596622889304,150.0,0
29.0,8.0,5.5,4.67,3.0,7.0,5.0,2.0,7.36,0.26,38.77,1,1.1530398322851154,1.3142857142857145,0.7042253521126761,1
44.0,4.0,11.83,6.7,0.0,4.0,11.0,4.0,14.13,1.99,42.73,1,1.7397058823529412,1.184409052808047,2.682926829268293,1
21.0,14.0,9.88,8.61,7.0,0.0,7.0,2.0,13.57,0.31,33.46,0,1.1343283582089554,1.3597194388777554,70.0,1
35.0,17.0,7.81,4.14,5.0,6.0,14.0,2.0,8.81,0.96,50.44,1,1.841981132075472,1.1137800252844503,2.295081967213115,1
39.0,3.0,7.33,5.34,7.0,14.0,24.0,6.0,11.4,0.46,77.49,2,1.3474264705882355,1.534320323014805,1.702127659574468,1
26.0,18.0,12.56,4.66,5.0,6.0,9.0,8.0,17.16,0.54,89.57,2,2.6386554621848743,1.3554502369668247,1.4754098360655739,2
21.0,19.0,12.75,6.67,5.0,0.0,10.0,4.0,13.96,1.26,54.58,1,1.8833087149187593,1.0863813229571986,100.0,1
20.0,6.0,9.81,7.4,1.0,8.0,8.0,3.0,13.18,0.07,53.22,1,1.308,1.3299697275479314,0.9876543209876544,1
38.0,7.0,9.25,4.29,0.0,9.0,25.0,3.0,11.88,1.88,27.41,0,2.1070615034168565,1.2705882352941178,2.7472527472527473,2
23.0,16.0,12.16,4.35,5.0,11.0,16.0,2.0,13.47,0.56,66.39,1,2.732584269662922,1.098694942903752,1.4414414414414416,2
43.0,12.0,11.49,8.35,0.0,6.0,27.0,7.0,15.22,0.55,56.36,1,1.3597633136094676,1.3132010353753236,4.426229508196721,1
41.0,10.0,8.0,6.28,2.0,8.0,13.0,9.0,11.45,1.73,44.25,1,1.2539184952978057,1.4135802469135803,1.6049382716049383,1
21.0,0.0,4.83,6.31,5.0,4.0,2.0,0.0,8.4,1.53,19.65,0,0.7535101404056164,1.7038539553752536,0.48780487804878053,0
32.0,1.0,11.69,8.72,4.0,11.0,8.0,2.0,15.94,1.34,53.0,1,1.3253968253968254,1.3519932145886344,0.7207207207207208,1
33.0,16.0,5.69,5.6,2.0,1.0,19.0,1.0,7.84,0.29,8.6,0,0.9982456140350879,1.3540587219343696,17.27272727272727,0
21.0,4.0,4.16,8.49,2.0,17.0,25.0,6.0,7.87,1.54,39.29,1,0.4842840512223516,1.847417840375587,1.461988304093567,0
34.0,5.0,12.43,8.87,5.0,8.0,27.0,5.0,16.4,0.72,63.95,1,1.3857302118171684,1.3088587390263366,3.3333333333333335,1
31.0,6.0,9.78,5.21,4.0,0.0,17.0,0.0,11.46,1.99,53.795,1,1.84180790960452,1.159919028340081,170.0,1
24.0,14.0,12.92,6.57,2.0,9.0,16.0,2.0,17.75,1.34,57.53,1,1.937031484257871,1.3632872503840245,1.7582417582417582,1
39.0,18.0,8.85,6.67,5.0,13.0,29.0,3.0,11.21,1.67,51.28,1,1.3072378138847858,1.2525139664804472,2.213740458015267,1
26.0,15.0,13.26,8.33,6.0,13.0,4.0,9.0,17.11,1.47,83.0,2,1.5729537366548043,1.2806886227544911,0.3053435114503817,1
43.0,12.0,7.54,5.52,2.0,6.0,29.0,6.0,11.56,1.19,31.82,0,1.3416370106761568,1.5130890052356023,4.754098360655738,1
40.0,4.0,11.25,7.99,1.0,11.0,19.0,2.0,14.27,1.43,41.88,1,1.3906056860321385,1.2572687224669603,1.7117117117117118,1
29.0,2.0,7.01,8.86,3.0,5.0,20.0,3.0,8.52,1.19,22.77,0,0.7823660714285715,1.1983122362869199,3.9215686274509807,0
33.0,2.0,4.01,8.2,3.0,12.0,26.0,6.0,6.11,0.1,47.59,1,0.48313253012048196,1.4866180048661803,2.1487603305785123,0
33.0,18.0,7.8,8.55,3.0,7.0,20.0,3.0,9.74,0.69,38.86,1,0.9017341040462428,1.2329113924050634,2.8169014084507045,0
24.0,13.0,11.38,7.54,6.0,1.0,23.0,8.0,14.45,0.63,55.89,1,1.4895287958115184,1.258710801393728,20.909090909090907,1
37.0,15.0,5.5,8.52,4.0,9.0,5.0,5.0,7.55,1.43,28.89,0,0.6380510440835268,1.3482142857142858,0.5494505494505495,0
43.0,16.0,9.05,4.82,0.0,5.0,2.0,1.0,12.24,1.15,33.5,0,1.8394308943089432,1.337704918032787,0.3921568627450981,1
33.0,3.0,6.12,7.56,2.0,9.0,15.0,0.0,8.27,1.22,53.795,1,0.7989556135770236,1.3295819935691318,1.6483516483516485,0
21.0,12.0,4.75,7.66,6.0,9.0,14.0,7.0,5.75,1.69,48.81,1,0.6121134020618557,1.1855670103092784,1.5384615384615385,0
31.0,7.0,10.17,6.2,1.0,14.0,24.0,2.0,12.62,1.05,37.33,1,1.6142857142857143,1.228821811100292,1.702127659574468,1
41.0,18.0,13.52,4.4,4.0,19.0,7.0,6.0,16.95,0.44,100.0,2,3.0044444444444443,1.2444933920704846,0.36649214659685864,3
43.0,4.0,7.11,7.11,6.0,9.0,8.0,3.0,11.2,0.02,30.31,0,0.986130374479889,1.5533980582524272,0.8791208791208791,0
25.0,10.0,9.81,4.26,3.0,10.0,3.0,2.0,10.92,0.32,65.14,1,2.2500000000000004,1.101917255297679,0.297029702970297,2
23.0,14.0,13.54,5.91,4.0,1.0,12.0,8.0,15.57,0.06,56.86,1,2.2529118136439266,1.1414956011730206,10.909090909090908,2
32.0,1.0,10.5,5.97,6.0,9.0,23.0,5.0,15.44,0.47,81.43,2,1.7298187808896213,1.4566037735849056,2.5274725274725274,1
23.0,10.0,10.73,8.99,1.0,11.0,26.0,5.0,12.78,1.27,46.95,1,1.1804180418041805,1.1800554016620497,2.3423423423423424,1
41.0,12.0,5.79,5.5,5.0,10.0,2.0,5.0,12.02,0.3,57.22,1,1.0339285714285715,2.0407470288624787,0.19801980198019803,1
33.0,9.0,8.93,8.1,4.0,14.0,20.0,2.0,11.97,0.16,50.57,1,1.0890243902439025,1.3255813953488373,1.4184397163120568,1
35.0,2.0,7.67,4.27,3.0,3.0,29.0,5.0,9.16,1.94,48.28,1,1.7551487414187645,1.178893178893179,9.35483870967742,1
23.0,4.0,8.71,6.65,0.0,4.0,6.0,3.0,12.28,1.99,7.33,0,1.2903703703703704,1.3938706015891031,1.4634146341463417,1
43.0,2.0,12.01,6.68,6.0,0.0,15.0,1.0,16.88,1.27,48.08,1,1.7713864306784661,1.393889347646573,150.0,1
44.0,5.0,8.61,7.14,3.0,0.0,16.0,2.0,13.16,0.22,29.56,0,1.1892265193370166,1.510907003444317,160.0,1
20.0,12.0,4.63,8.05,6.0,9.0,29.0,3.0,8.39,1.64,25.5,0,0.5680981595092024,1.7737843551797043,3.186813186813187,0
32.0,9.0,13.06,7.81,3.0,3.0,16.0,0.0,16.11,1.08,45.8,1,1.6510745891276868,1.2241641337386018,5.161290322580645,1
23.0,18.0,9.45,7.81,3.0,12.0,18.0,6.0,11.73,0.36,73.56,2,1.1946902654867257,1.2282722513089006,1.4876033057851241,1
39.0,7.0,13.24,6.16,6.0,13.0,19.0,4.0,15.67,1.15,95.68,2,2.1150159744408947,1.1746626686656672,1.450381679389313,2
37.0,17.0,9.72,6.46,4.0,18.0,16.0,8.0,12.1,0.08,71.53,2,1.481707317073171,1.2321792260692463,0.8839779005524862,1
25.0,2.0,4.7,6.46,1.0,4.0,23.0,5.0,9.39,1.94,14.11,0,0.7164634146341464,1.9562500000000003,5.609756097560976,0
22.0,16.0,9.53,4.33,3.0,10.0,1.0,7.0,11.38,1.65,72.63,2,2.1512415349887135,1.1817237798546212,0.09900990099009901,2
42.0,7.0,9.76,8.45,7.0,7.0,26.0,8.0,12.27,0.52,63.74,1,1.1415204678362574,1.2444219066937119,3.6619718309859155,1
32.0,9.0,6.14,8.45,5.0,0.0,4.0,5.0,8.87,0.84,19.25,0,0.7181286549707603,1.421474358974359,40.0,0
35.0,1.0,8.71,5.61,4.0,4.0,15.0,6.0,11.35,0.79,55.94,1,1.5253940455341508,1.2883087400681044,3.658536585365854,1
24.0,11.0,8.59,8.57,1.0,17.0,28.0,5.0,9.61,1.72,58.64,1,0.9907727797001153,1.1058688147295743,1.6374269005847952,0
23.0,5.0,10.23,7.79,0.0,12.0,29.0,5.0,12.31,0.71,61.14,1,1.296577946768061,1.191674733785092,2.396694214876033,1
40.0,1.0,6.6,6.0,7.0,4.0,21.0,1.0,9.59,0.1,42.14,1,1.0819672131147542,1.4313432835820896,5.121951219512195,1
27.0,2.0,9.82,5.66,3.0,6.0,10.0,4.0,13.86,0.43,74.0,2,1.7048611111111112,1.3971774193548387,1.639344262295082,1
38.0,16.0,6.41,8.88,2.0,11.0,21.0,5.0,9.69,0.43,33.31,0,0.7138084632516704,1.488479262672811,1.8918918918918919,0
33.0,6.0,8.46,7.56,4.0,1.0,5.0,9.0,11.0,1.9,38.22,1,1.1044386422976504,1.2850467289719625,4.545454545454545,1
26.0,4.0,5.23,5.89,5.0,12.0,10.0,4.0,8.89,1.85,46.37,1,0.8731218697829718,1.6679174484052535,0.8264462809917356,0
33.0,0.0,4.37,7.21,0.0,13.0,0.0,3.0,8.03,0.6,24.97,0,0.59781121751026,1.796420581655481,0.0,0
25.0,7.0,7.21,6.46,0.0,5.0,18.0,5.0,9.2,0.01,30.17,0,1.0990853658536586,1.258549931600547,3.5294117647058827,1
31.0,11.0,6.75,6.62,0.0,15.0,14.0,5.0,8.17,1.03,42.57,1,1.0044642857142858,1.1927007299270074,0.9271523178807948,1
35.0,13.0,8.07,7.22,4.0,9.0,7.0,7.0,12.28,1.59,56.8,1,1.1024590163934427,1.5030599755201959,0.7692307692307693,1
36.0,15.0,13.62,6.69,1.0,10.0,21.0,5.0,16.74,0.54,86.16,2,2.0058910162002945,1.2201166180758016,2.0792079207920793,2
32.0,9.0,9.22,7.27,2.0,9.0,17.0,9.0,10.93,0.88,62.27,1,1.2510176390773409,1.1727467811158798,1.8681318681318682,1
42.0,14.0,9.53,8.54,7.0,14.0,12.0,0.0,11.58,0.35,43.49,1,1.1030092592592593,1.2024922118380064,0.851063829787234,1
33.0,14.0,13.42,8.97,5.0,15.0,29.0,1.0,17.49,0.65,60.96,1,1.4796030871003307,1.2936390532544377,1.9205298013245033,1
26.0,9.0,13.21,7.55,1.0,9.0,0.0,0.0,16.82,1.52,48.92,1,1.7267973856209153,1.2637114951164539,0.0,1
33.0,6.0,12.84,8.64,3.0,9.0,19.0,9.0,17.62,0.86,68.5,1,1.4691075514874141,1.3616692426584236,2.087912087912088,1
34.0,2.0,4.98,8.29,4.0,2.0,16.0,6.0,7.84,0.89,0.0,0,0.5935637663885579,1.5433070866141732,7.619047619047619,0
31.0,1.0,10.34,5.48,1.0,10.0,4.0,7.0,11.55,1.58,60.66,1,1.853046594982079,1.10632183908046,0.39603960396039606,1
36.0,5.0,12.08,8.66,3.0,10.0,11.0,2.0,15.88,1.53,71.74,2,1.3789954337899544,1.303776683087028,1.0891089108910892,1
28.0,10.0,12.36,4.35,6.0,15.0,10.0,2.0,14.38,0.37,100.0,1,2.7775280898876407,1.1540930979133228,0.6622516556291391,2
41.0,9.0,9.78,5.65,2.0,5.0,23.0,6.0,12.08,0.83,59.57,1,1.7008695652173913,1.2226720647773281,4.509803921568627,1
34.0,3.0,4.17,7.2,4.0,8.0,25.0,7.0,5.96,1.7,17.41,0,0.5712328767123288,1.3957845433255271,3.0864197530864197,0
31.0,2.0,13.74,6.63,5.0,0.0,17.0,5.0,15.98,0.91,54.81,1,2.0416047548291236,1.1546242774566475,170.0,2
21.0,8.0,8.72,6.71,6.0,5.0,7.0,7.0,13.04,1.32,54.09,1,1.2804698972099855,1.478458049886621,1.3725490196078431,1
24.0,16.0,7.94,7.97,5.0,17.0,28.0,1.0,11.25,0.61,46.73,1,0.9838909541511772,1.3992537313432833,1.6374269005847952,0
32.0,13.0,7.95,4.97,3.0,12.0,23.0,6.0,9.39,0.12,68.9,1,1.5680473372781067,1.1664596273291925,1.9008264462809918,1
39.0,9.0,8.24,8.91,1.0,1.0,21.0,4.0,11.59,0.33,20.34,1,0.9145394006659268,1.3896882494004796,19.09090909090909,0
42.0,12.0,6.42,6.19,2.0,18.0,23.0,5.0,9.95,0.8,46.1,1,1.0206677265500794,1.5260736196319018,1.2707182320441988,1
27.0,11.0,7.27,8.75,3.0,1.0,12.0,6.0,11.81,0.71,23.31,0,0.8214689265536723,1.6024423337856175,10.909090909090908,0
33.0,0.0,13.85,5.92,3.0,3.0,1.0,8.0,18.29,1.79,77.25,2,2.3006644518272426,1.3111111111111111,0.3225806451612903,2
34.0,18.0,7.68,7.01,4.0,3.0,22.0,6.0,8.93,1.09,33.17,0,1.0801687763713081,1.147814910025707,7.096774193548387,1
30.0,18.0,9.27,6.25,3.0,9.0,15.0,0.0,13.74,1.02,48.57,1,1.4598425196850393,1.4663820704375667,1.6483516483516485,1
20.0,5.0,12.48,7.38,2.0,16.0,11.0,4.0,13.68,1.38,74.54,2,1.6684491978609628,1.0874403815580287,0.6832298136645962,1
40.0,12.0,9.27,4.92,0.0,15.0,7.0,3.0,10.89,1.06,59.07,1,1.8466135458167332,1.1622198505869799,0.4635761589403974,1
22.0,18.0,7.24,6.0,4.0,7.0,3.0,7.0,8.69,1.54,44.12,1,1.1868852459016395,1.1839237057220708,0.4225352112676057,1
36.0,12.0,9.24,4.34,2.0,5.0,14.0,6.0,10.97,1.57,47.58,1,2.081081081081081,1.1745182012847966,2.7450980392156863,2
38.0,3.0,5.14,6.99,4.0,1.0,8.0,3.0,9.35,0.7,17.3,0,0.7249647390691114,1.7843511450381682,7.2727272727272725,0
33.0,1.0,5.3,8.81,4.0,14.0,10.0,2.0,9.04,0.17,23.84,0,0.5948372615039281,1.674074074074074,0.7092198581560284,0
41.0,14.0,10.94,4.23,5.0,10.0,15.0,5.0,14.69,1.97,96.82,2,2.526558891454965,1.3306159420289856,1.4851485148514851,2
42.0,11.0,13.17,7.3,6.0,15.0,5.0,7.0,17.86,1.29,100.0,2,1.7797297297297299,1.3458929917106255,0.33112582781456956,1
27.0,6.0,11.26,6.46,5.0,3.0,11.0,2.0,13.83,1.42,38.91,1,1.7164634146341464,1.2174295774647887,3.5483870967741935,1
32.0,19.0,4.75,6.46,3.0,10.0,18.0,4.0,5.76,1.51,39.62,1,0.7240853658536586,1.1876288659793814,1.7821782178217822,0
39.0,17.0,8.03,5.37,7.0,13.0,15.0,9.0,11.59,1.23,85.54,2,1.4680073126142597,1.4255842558425587,1.1450381679389314,1
22.0,12.0,4.03,5.01,5.0,7.0,12.0,0.0,8.5,0.94,25.36,0,0.7886497064579258,2.0581113801452786,1.6901408450704227,0
24.0,16.0,9.11,5.49,4.0,5.0,3.0,9.0,14.02,1.97,65.59,1,1.629695885509839,1.522258414766558,0.5882352941176471,1
28.0,3.0,5.93,4.55,3.0,18.0,11.0,9.0,8.39,1.46,80.71,2,1.2752688172043012,1.3913764510779438,0.6077348066298343,1
25.0,13.0,12.68,5.85,4.0,3.0,3.0,7.0,16.97,1.69,65.48,1,2.1310924369747903,1.3278560250391236,0.9677419354838709,2
44.0,19.0,5.04,5.84,1.0,3.0,16.0,6.0,9.44,0.88,15.58,0,0.8484848484848485,1.8365758754863812,5.161290322580645,0
41.0,12.0,4.01,8.04,4.0,5.0,13.0,7.0,5.59,1.81,22.29,0,0.4926289926289927,1.3600973236009735,2.5490196078431375,0
21.0,2.0,8.51,8.0,6.0,10.0,28.0,1.0,12.04,1.46,30.8,0,1.0506172839506174,1.3983739837398375,2.7722772277227725,1
32.0,17.0,5.55,7.98,7.0,0.0,25.0,6.0,7.24,1.49,25.61,0,0.6868811881188118,1.28141592920354,250.0,0
24.0,13.0,11.38,6.84,4.0,1.0,16.0,3.0,14.17,0.17,57.05,1,1.6397694524495678,1.2343205574912892,14.545454545454545,1
44.0,14.0,13.2,5.63,0.0,9.0,0.0,1.0,17.72,1.23,60.08,1,2.303664921465969,1.3323308270676693,0.0,2
27.0,2.0,4.42,6.05,6.0,15.0,19.0,8.0,8.58,0.67,68.03,1,0.71869918699187,1.8982300884955754,1.2582781456953642,0
42.0,0.0,7.96,5.59,4.0,5.0,0.0,4.0,11.24,1.34,42.94,1,1.3989455184534272,1.3945409429280395,0.0,1
20.0,16.0,13.97,6.91,5.0,8.0,29.0,6.0,18.2,1.14,99.0,2,1.9928673323823112,1.2935323383084576,3.5802469135802473,1
39.0,2.0,11.33,8.69,5.0,18.0,21.0,3.0,12.94,0.22,79.9,2,1.2889647326507396,1.132108486439195,1.160220994475138,1
31.0,13.0,13.53,5.42,5.0,4.0,29.0,9.0,15.31,1.06,76.48,2,2.4510869565217392,1.1232575201760824,7.073170731707318,2
42.0,2.0,5.64,6.29,7.0,9.0,1.0,3.0,7.48,0.9,34.68,0,0.8826291079812206,1.3031358885017423,0.10989010989010989,0
30.0,12.0,6.21,7.28,0.0,6.0,16.0,2.0,10.31,1.55,16.52,0,0.8414634146341463,1.6339144215530905,2.6229508196721314,0
26.0,14.0,5.55,8.22,3.0,1.0,22.0,0.0,10.11,1.01,10.95,0,0.6670673076923076,1.7893805309734514,20.0,0
34.0,17.0,7.02,5.27,7.0,19.0,21.0,1.0,10.27,0.96,68.24,1,1.3072625698324023,1.4424157303370788,1.0994764397905759,1
41.0,13.0,11.24,5.4,4.0,3.0,14.0,8.0,16.07,1.44,67.66,1,2.0436363636363635,1.4171075837742504,4.516129032258064,2
43.0,2.0,5.65,8.43,4.0,7.0,11.0,0.0,9.56,1.34,0.0,0,0.6623681125439626,1.662608695652174,1.5492957746478875,0
30.0,18.0,9.24,4.4,5.0,2.0,12.0,4.0,12.49,1.98,63.66,1,2.0533333333333332,1.3372591006423984,5.714285714285714,2
41.0,7.0,6.69,7.03,3.0,1.0,13.0,1.0,10.14,0.7,0.0,0,0.9382889200561011,1.4933726067746687,11.818181818181817,0
35.0,3.0,12.29,8.3,7.0,8.0,9.0,3.0,12.02,1.02,44.89,1,1.463095238095238,0.970137207425343,1.1111111111111112,1
22.0,3.0,4.07,8.61,4.0,10.0,11.0,6.0,5.43,0.33,25.56,0,0.46727898966704945,1.3021582733812949,1.0891089108910892,0
39.0,18.0,6.23,4.06,7.0,3.0,24.0,4.0,7.9,1.61,44.79,1,1.4975961538461542,1.2480252764612954,7.741935483870967,1
33.0,10.0,10.05,5.85,2.0,8.0,21.0,0.0,12.12,1.57,35.0,0,1.689075630252101,1.1940886699507387,2.5925925925925926,1
22.0,0.0,4.97,6.46,0.0,5.0,14.0,2.0,9.55,1.02,6.28,0,0.7576219512195123,1.8836291913214993,2.7450980392156863,0
20.0,7.0,8.66,6.46,1.0,0.0,6.0,9.0,13.44,0.24,35.52,1,1.3201219512195124,1.5342465753424657,60.0,1
40.0,14.0,8.36,7.16,2.0,2.0,18.0,8.0,10.78,1.98,52.94,1,1.1515151515151514,1.2742316784869978,8.571428571428571,1
34.0,0.0,12.53,9.0,6.0,6.0,29.0,0.0,17.23,1.89,44.55,1,1.376923076923077,1.3642121931908158,4.754098360655738,1
20.0,6.0,10.25,6.56,1.0,9.0,14.0,9.0,13.44,0.74,75.27,2,1.5390390390390392,1.298550724637681,1.5384615384615385,1
36.0,19.0,10.4,6.76,2.0,7.0,6.0,3.0,13.29,1.15,66.78,1,1.5160349854227406,1.2657142857142856,0.8450704225352114,1
21.0,19.0,13.52,6.07,2.0,12.0,13.0,4.0,17.85,1.78,94.67,2,2.1912479740680713,1.3105726872246697,1.0743801652892562,2
39.0,10.0,13.82,4.74,6.0,17.0,8.0,9.0,17.0,0.99,100.0,2,2.855371900826446,1.221264367816092,0.4678362573099415,2
25.0,13.0,10.53,5.52,7.0,18.0,4.0,2.0,13.35,1.2,83.07,2,1.8736654804270465,1.2558795860771403,0.22099447513812154,1
27.0,15.0,9.22,5.23,6.0,8.0,0.0,2.0,10.28,1.21,61.0,1,1.729831144465291,1.1030042918454934,0.0,1
35.0,10.0,10.08,8.01,2.0,19.0,15.0,0.0,11.13,1.3,54.94,1,1.242909987669544,1.0933202357563852,0.7853403141361256,1
38.0,11.0,7.82,6.73,0.0,5.0,4.0,5.0,11.33,1.15,24.67,0,1.1449487554904831,1.4305555555555556,0.7843137254901962,1
20.0,16.0,13.87,5.48,1.0,11.0,23.0,3.0,15.16,0.81,49.71,1,2.485663082437276,1.0851825340014318,2.0720720720720722,2
22.0,13.0,11.05,6.45,3.0,3.0,7.0,7.0,15.0,1.08,70.51,2,1.687022900763359,1.3452914798206277,2.258064516129032,1
22.0,10.0,6.91,5.09,3.0,8.0,18.0,5.0,10.4,1.74,60.97,1,1.3314065510597304,1.4835948644793153,2.2222222222222223,1
24.0,13.0,4.58,4.93,5.0,9.0,19.0,2.0,7.41,1.73,35.9,1,0.9105367793240557,1.5833333333333335,2.087912087912088,0
31.0,17.0,4.45,8.3,7.0,2.0,11.0,6.0,8.29,1.55,17.06,0,0.5297619047619048,1.821978021978022,5.238095238095238,0
31.0,8.0,6.05,8.72,7.0,16.0,7.0,2.0,11.02,0.83,37.69,1,0.6859410430839001,1.791869918699187,0.43478260869565216,0
39.0,16.0,6.33,4.4,7.0,6.0,7.0,5.0,8.32,1.57,57.5,1,1.4066666666666667,1.2939346811819596,1.1475409836065575,1
32.0,5.0,8.15,7.82,4.0,7.0,22.0,7.0,11.38,1.02,61.93,1,1.0290404040404042,1.3793939393939394,3.098591549295775,1
39.0,7.0,6.15,6.27,0.0,10.0,5.0,2.0,10.52,1.33,30.54,0,0.9654631083202514,1.6832,0.49504950495049505,0
28.0,10.0,10.31,5.94,7.0,12.0,19.0,1.0,11.38,1.13,41.37,1,1.706953642384106,1.0931796349663785,1.5702479338842976,1
26.0,17.0,6.11,7.45,5.0,2.0,25.0,2.0,12.02,0.6,33.79,0,0.809271523178808,1.9355877616747181,11.904761904761905,0
23.0,4.0,5.88,5.33,5.0,18.0,28.0,3.0,8.96,0.91,65.32,1,1.0828729281767957,1.4983277591973247,1.5469613259668507,1
38.0,5.0,8.71,4.1,0.0,13.0,8.0,2.0,11.92,1.66,40.13,1,2.0738095238095244,1.3530079455164585,0.6106870229007634,2
41.0,18.0,12.89,5.07,0.0,15.0,1.0,8.0,14.24,1.83,94.94,2,2.493230174081238,1.0962278675904542,0.06622516556291391,2
38.0,3.0,8.68,4.92,2.0,14.0,17.0,5.0,11.31,0.41,82.75,2,1.7290836653386454,1.2881548974943053,1.2056737588652482,1
25.0,6.0,8.14,4.17,0.0,1.0,0.0,1.0,11.22,0.91,26.51,0,1.90632318501171,1.3616504854368932,0.0,1
32.0,3.0,9.78,5.61,3.0,5.0,10.0,7.0,12.47,0.87,49.03,1,1.7127845884413309,1.2621457489878545,1.9607843137254903,1
30.0,10.0,6.57,6.37,0.0,6.0,14.0,6.0,10.37,0.98,29.86,0,1.0154559505409584,1.5547226386806596,2.295081967213115,1
32.0,11.0,7.53,7.68,6.0,8.0,11.0,0.0,11.62,1.95,9.06,0,0.9678663239074551,1.5229357798165137,1.3580246913580247,0
32.0,13.0,6.14,5.63,2.0,8.0,2.0,5.0,8.98,1.02,50.24,1,1.0715532286212914,1.4391025641025643,0.2469135802469136,1
44.0,12.0,9.72,4.97,1.0,16.0,18.0,5.0,12.42,1.66,60.85,1,1.91715976331361,1.264765784114053,1.1180124223602483,1
41.0,9.0,10.97,5.15,5.0,2.0,19.0,8.0,14.79,1.33,76.82,2,2.0895238095238096,1.3360433604336042,9.047619047619047,2
39.0,17.0,10.74,8.46,7.0,9.0,14.0,5.0,13.96,0.21,71.95,2,1.2546728971962617,1.2878228782287824,1.5384615384615385,1
34.0,15.0,6.55,5.02,0.0,1.0,9.0,7.0,12.02,1.39,24.76,0,1.2792968750000002,1.8075187969924813,8.181818181818182,1
40.0,4.0,11.8,8.4,6.0,0.0,15.0,6.0,14.72,1.29,41.46,1,1.3882352941176472,1.2369747899159664,150.0,1
32.0,7.0,6.56,6.24,6.0,9.0,5.0,6.0,9.86,1.52,50.33,1,1.0347003154574133,1.4804804804804805,0.5494505494505495,1
41.0,13.0,5.5,8.67,5.0,2.0,8.0,4.0,7.02,0.15,28.92,0,0.6271379703534778,1.2535714285714286,3.8095238095238093,0
30.0,4.0,7.5,6.04,1.0,9.0,7.0,1.0,11.84,0.48,42.07,1,1.221498371335505,1.5578947368421052,0.7692307692307693,1
38.0,7.0,9.98,4.89,4.0,8.0,21.0,9.0,12.67,1.54,79.29,2,2.0000000000000004,1.2569444444444444,2.5925925925925926,2
27.0,5.0,5.42,6.75,2.0,16.0,15.0,4.0,9.3,0.74,42.77,1,0.7912408759124088,1.6847826086956523,0.9316770186335402,0
39.0,15.0,10.48,6.94,5.0,14.0,7.0,0.0,13.2,1.82,61.7,1,1.4886363636363638,1.2476370510396975,0.49645390070921985,1
27.0,3.0,12.63,7.18,0.0,2.0,23.0,9.0,13.63,1.04,44.8,1,1.7348901098901102,1.0706991358994502,10.952380952380953,1
29.0,11.0,6.93,6.06,4.0,2.0,25.0,5.0,9.53,0.0,39.87,1,1.125,1.3556187766714083,11.904761904761905,1
35.0,10.0,8.5,4.24,4.0,3.0,21.0,1.0,10.09,1.4,35.63,1,1.9585253456221199,1.1732558139534883,6.774193548387097,1
38.0,2.0,6.28,7.13,1.0,3.0,17.0,0.0,8.87,1.03,0.0,0,0.8686030428769019,1.390282131661442,5.483870967741935,0
42.0,11.0,7.61,8.67,5.0,16.0,4.0,0.0,9.9,0.63,38.72,1,0.8677309007981757,1.284046692607004,0.24844720496894407,0
30.0,4.0,4.22,8.79,5.0,5.0,19.0,0.0,6.03,0.04,22.66,0,0.47469066366704166,1.3958333333333335,3.7254901960784315,0
32.0,5.0,13.54,6.98,3.0,10.0,11.0,3.0,15.04,0.4,78.49,2,1.9124293785310733,1.1026392961876834,1.0891089108910892,1
28.0,18.0,8.16,4.1,3.0,11.0,5.0,4.0,12.07,0.32,72.19,2,1.9428571428571433,1.4612590799031477,0.45045045045045046,1
39.0,17.0,11.89,4.53,3.0,6.0,1.0,4.0,15.91,1.17,61.02,1,2.5680345572354213,1.3269391159299415,0.1639344262295082,2
43.0,15.0,5.43,8.17,5.0,12.0,3.0,0.0,7.49,1.54,3.97,0,0.6565900846432889,1.3544303797468356,0.24793388429752067,0
32.0,10.0,12.12,8.15,5.0,5.0,15.0,5.0,15.1,0.47,75.66,2,1.469090909090909,1.2356792144026187,2.9411764705882355,1
35.0,4.0,12.6,8.73,3.0,9.0,28.0,2.0,15.46,1.4,29.75,0,1.4269535673839184,1.2173228346456695,3.076923076923077,1
26.0,8.0,11.15,6.82,2.0,13.0,23.0,3.0,13.57,1.8,55.17,1,1.611271676300578,1.2062222222222223,1.7557251908396947,1
38.0,2.0,13.03,8.32,6.0,13.0,13.0,4.0,15.14,1.24,62.18,1,1.5475059382422802,1.1530845392231532,0.9923664122137404,1
31.0,7.0,5.67,8.12,6.0,9.0,16.0,3.0,7.41,1.55,41.04,1,0.6897810218978103,1.2842287694974004,1.7582417582417582,0
34.0,5.0,8.76,6.95,6.0,4.0,18.0,3.0,13.25,0.41,46.26,1,1.2425531914893617,1.4954853273137698,4.390243902439025,1
42.0,3.0,8.99,7.92,7.0,1.0,3.0,9.0,14.53,0.15,60.25,1,1.1209476309226933,1.5984598459845984,2.727272727272727,1
33.0,11.0,9.96,4.63,0.0,5.0,17.0,0.0,12.63,0.73,43.76,1,2.1057082452431293,1.2554671968190856,3.3333333333333335,2
30.0,11.0,12.61,7.2,0.0,10.0,11.0,1.0,16.49,1.42,46.45,1,1.7273972602739727,1.2974036191974823,1.0891089108910892,1
29.0,15.0,6.16,8.77,2.0,17.0,1.0,1.0,9.15,1.37,23.82,0,0.6944757609921083,1.4616613418530353,0.05847953216374269,0
30.0,9.0,5.76,4.81,1.0,10.0,5.0,1.0,7.1,1.91,13.2,0,1.1731160896130348,1.21160409556314,0.49504950495049505,1
25.0,13.0,6.53,7.72,6.0,14.0,5.0,9.0,10.82,1.26,49.38,1,0.8350383631713556,1.631975867269985,0.3546099290780142,0
21.0,12.0,12.92,5.6,6.0,2.0,2.0,0.0,14.8,0.82,64.81,1,2.266666666666667,1.1367127496159755,0.9523809523809523,2
30.0,8.0,13.41,8.09,4.0,1.0,7.0,9.0,17.24,1.59,68.42,1,1.6373626373626375,1.2760917838638044,6.363636363636363,1
38.0,6.0,9.7,7.49,5.0,6.0,11.0,7.0,12.81,0.31,43.03,1,1.2779973649538867,1.3071428571428574,1.8032786885245902,1
25.0,11.0,9.01,8.63,4.0,4.0,2.0,0.0,12.77,1.63,17.87,0,1.0320733104238258,1.4017563117453349,0.48780487804878053,1
33.0,4.0,10.05,7.56,5.0,12.0,1.0,7.0,12.93,0.73,72.42,2,1.31201044386423,1.2738916256157635,0.08264462809917356,1
39.0,17.0,10.16,6.05,7.0,7.0,20.0,5.0,13.97,0.31,46.55,1,1.6520325203252033,1.361598440545809,2.8169014084507045,1
25.0,3.0,5.7,4.05,0.0,8.0,28.0,9.0,6.83,0.32,45.55,1,1.3734939759036147,1.1775862068965517,3.4567901234567904,1
36.0,1.0,10.86,7.96,7.0,7.0,22.0,2.0,12.02,1.97,47.62,1,1.347394540942928,1.0967153284671534,3.098591549295775,1
29.0,2.0,8.52,6.04,7.0,9.0,0.0,8.0,13.11,1.25,61.22,1,1.3876221498371335,1.5208816705336428,0.0,1
20.0,11.0,9.17,6.46,2.0,1.0,17.0,7.0,13.17,0.35,42.02,1,1.3978658536585367,1.4207119741100325,15.454545454545453,1
22.0,2.0,4.3,4.53,1.0,9.0,17.0,1.0,8.61,0.54,12.88,0,0.9287257019438445,1.956818181818182,1.8681318681318682,0
27.0,3.0,11.65,8.45,0.0,10.0,7.0,3.0,14.48,0.74,43.91,1,1.362573099415205,1.232340425531915,0.6930693069306931,1
27.0,5.0,12.35,6.18,2.0,10.0,25.0,7.0,15.19,0.11,78.71,2,1.9665605095541403,1.2200803212851405,2.4752475247524752,1
39.0,11.0,10.19,8.6,4.0,4.0,21.0,8.0,13.33,0.22,53.795,1,1.171264367816092,1.295432458697765,5.121951219512195,1
41.0,18.0,11.49,7.54,3.0,13.0,14.0,6.0,13.46,1.52,81.15,2,1.5039267015706808,1.1613459879206214,1.0687022900763359,1
34.0,9.0,9.23,4.61,4.0,2.0,28.0,0.0,13.16,1.57,26.34,0,1.959660297239915,1.4105037513397642,13.333333333333332,1
43.0,0.0,10.18,6.9,4.0,19.0,12.0,7.0,14.5,1.98,89.83,2,1.4542857142857142,1.4105058365758756,0.6282722513089005,1
26.0,16.0,7.95,8.55,6.0,9.0,14.0,0.0,12.58,0.14,0.0,0,0.9190751445086704,1.5627329192546582,1.5384615384615385,0
30.0,15.0,11.92,8.0,1.0,17.0,14.0,8.0,14.99,1.78,78.72,2,1.471604938271605,1.2470881863560732,0.8187134502923976,1
26.0,8.0,8.68,6.09,0.0,0.0,12.0,5.0,11.34,0.63,15.94,0,1.4022617124394186,1.2915717539863327,120.0,1
23.0,8.0,10.8,8.78,7.0,0.0,3.0,3.0,15.12,0.66,50.91,1,1.2162162162162165,1.3871559633027521,30.0,1
44.0,8.0,10.21,5.34,3.0,16.0,3.0,9.0,14.22,0.25,100.0,2,1.876838235294118,1.3792434529582929,0.18633540372670807,1
31.0,11.0,11.02,5.88,2.0,5.0,4.0,3.0,15.49,1.97,44.37,1,1.842809364548495,1.3929856115107915,0.7843137254901962,1
25.0,8.0,11.85,7.75,3.0,12.0,2.0,3.0,15.47,1.96,74.67,2,1.5095541401273886,1.2945606694560672,0.1652892561983471,1
33.0,14.0,9.13,5.16,0.0,0.0,14.0,5.0,13.66,1.73,23.39,0,1.7357414448669204,1.4799566630552545,140.0,1
31.0,1.0,12.13,6.58,1.0,5.0,29.0,1.0,13.49,0.18,58.25,1,1.815868263473054,1.1030253475061325,5.686274509803922,1
30.0,10.0,8.97,7.64,0.0,7.0,19.0,5.0,12.69,1.68,37.35,1,1.1589147286821708,1.3991179713340682,2.676056338028169,1
38.0,10.0,13.57,7.22,2.0,12.0,11.0,3.0,14.93,1.27,68.09,1,1.853825136612022,1.0921726408193124,0.9090909090909092,1
40.0,7.0,11.53,4.78,3.0,1.0,19.0,7.0,15.53,0.26,66.14,1,2.3627049180327866,1.3353396388650043,17.27272727272727,2
24.0,5.0,5.71,7.15,4.0,7.0,6.0,1.0,9.22,0.52,25.67,0,0.7875862068965517,1.5869191049913944,0.8450704225352114,0
33.0,19.0,12.3,6.86,0.0,0.0,6.0,5.0,13.36,1.38,50.22,1,1.767241379310345,1.0774193548387097,60.0,1
40.0,6.0,9.52,6.79,7.0,12.0,0.0,9.0,12.92,1.61,80.83,2,1.381712626995646,1.3430353430353432,0.0,1
43.0,2.0,13.84,8.13,5.0,0.0,11.0,1.0,15.43,1.7,62.57,1,1.6816524908869988,1.1068866571018652,110.0,1
35.0,7.0,11.19,4.92,1.0,9.0,2.0,8.0,12.76,1.09,94.87,2,2.2290836653386457,1.130203720106289,0.21978021978021978,2
44.0,17.0,4.84,7.76,1.0,4.0,14.0,8.0,6.44,1.07,30.29,0,0.6157760814249365,1.3036437246963566,3.414634146341464,0
32.0,16.0,7.95,7.8,3.0,19.0,8.0,5.0,10.89,1.37,81.38,2,1.0063291139240507,1.3527950310559005,0.41884816753926696,1
44.0,10.0,9.17,7.61,4.0,12.0,21.0,9.0,10.63,1.56,55.65,1,1.1893644617380026,1.1467098166127294,1.7355371900826446,1
41.0,1.0,12.39,6.53,2.0,4.0,21.0,4.0,13.89,0.34,66.36,1,1.8687782805429864,1.11208967173739,5.121951219512195,1
41.0,18.0,11.29,5.98,4.0,9.0,19.0,6.0,13.31,1.48,77.75,2,1.856907894736842,1.1685689201053557,2.087912087912088,1
44.0,10.0,7.69,5.97,7.0,2.0,25.0,7.0,8.69,0.68,46.05,1,1.2668863261943988,1.115532734274711,11.904761904761905,1
39.0,17.0,10.53,7.67,3.0,1.0,8.0,7.0,12.63,0.77,68.68,1,1.3552123552123552,1.1881467544684856,7.2727272727272725,1
41.0,7.0,9.77,6.49,4.0,1.0,13.0,2.0,13.24,0.16,54.27,1,1.4825493171471926,1.341438703140831,11.818181818181817,1
23.0,13.0,5.26,5.69,3.0,4.0,27.0,2.0,8.67,1.18,23.0,0,0.9084628670120898,1.617537313432836,6.585365853658537,0
30.0,6.0,8.99,7.13,4.0,3.0,2.0,5.0,11.23,0.19,21.2,0,1.2434301521438451,1.2354235423542355,0.6451612903225806,1
36.0,3.0,7.41,8.19,0.0,1.0,7.0,4.0,8.89,1.02,0.0,0,0.8938480096501811,1.1837549933422105,6.363636363636363,0
26.0,16.0,5.95,4.31,1.0,8.0,28.0,1.0,10.41,1.24,16.98,0,1.3492063492063495,1.7206611570247934,3.4567901234567904,1
33.0,4.0,5.5,8.86,3.0,8.0,5.0,4.0,8.06,1.98,32.55,0,0.6138392857142858,1.4392857142857145,0.617283950617284,0
30.0,11.0,4.58,4.48,3.0,8.0,11.0,0.0,7.13,0.49,21.8,0,1.0,1.5235042735042736,1.3580246913580247,0
41.0,8.0,12.73,6.56,1.0,3.0,1.0,6.0,15.13,1.36,68.14,1,1.9114114114114118,1.1792673421667965,0.3225806451612903,1
28.0,19.0,6.89,6.8,5.0,7.0,2.0,6.0,8.39,1.93,43.25,1,0.9985507246376812,1.2002861230329043,0.28169014084507044,0
42.0,12.0,6.9,4.69,5.0,17.0,13.0,0.0,9.81,0.6,36.49,1,1.4405010438413361,1.4014285714285715,0.7602339181286549,1
32.0,17.0,6.06,8.58,2.0,8.0,16.0,2.0,10.21,0.19,53.795,0,0.6981566820276498,1.6574675324675328,1.9753086419753088,0
42.0,19.0,8.75,6.36,3.0,2.0,2.0,7.0,13.25,1.27,33.38,0,1.3544891640866874,1.497175141242938,0.9523809523809523,1
37.0,8.0,9.14,4.72,0.0,5.0,3.0,8.0,13.99,0.73,65.5,1,1.8962655601659755,1.5140692640692641,0.5882352941176471,1
30.0,3.0,6.08,7.56,4.0,18.0,14.0,2.0,10.22,0.55,56.29,1,0.7937336814621411,1.6537216828478967,0.7734806629834253,0
34.0,7.0,10.09,7.32,0.0,4.0,29.0,5.0,13.58,1.99,32.37,0,1.3598382749326146,1.3326790971540727,7.073170731707318,1
44.0,0.0,11.23,8.81,3.0,16.0,21.0,5.0,14.22,1.51,81.77,2,1.260381593714927,1.2550750220653133,1.3043478260869563,1
44.0,16.0,7.74,6.21,2.0,18.0,25.0,5.0,12.24,0.97,74.83,2,1.22662440570523,1.5612244897959184,1.3812154696132595,1
41.0,8.0,9.85,5.34,7.0,2.0,29.0,4.0,13.81,1.02,53.11,1,1.8106617647058825,1.3879396984924626,13.809523809523808,1
38.0,19.0,9.02,4.3,7.0,7.0,6.0,5.0,10.67,0.38,74.46,2,2.0500000000000003,1.1699561403508774,0.8450704225352114,2
20.0,12.0,5.96,7.67,7.0,8.0,18.0,5.0,9.69,0.6,33.2,0,0.767052767052767,1.599009900990099,2.2222222222222223,0
23.0,1.0,11.3,6.46,3.0,7.0,13.0,9.0,14.02,0.97,66.93,1,1.7225609756097564,1.2298245614035086,1.8309859154929577,1
33.0,12.0,12.01,8.86,7.0,13.0,15.0,5.0,15.39,0.99,80.75,2,1.3404017857142858,1.2708505367464906,1.1450381679389314,1
33.0,8.0,10.49,7.56,2.0,9.0,26.0,7.0,15.08,0.05,65.55,1,1.3694516971279376,1.4239848914069877,2.857142857142857,1
22.0,19.0,7.24,8.67,1.0,16.0,14.0,5.0,10.85,1.89,53.795,0,0.8255416191562144,1.478201634877384,0.8695652173913043,0
36.0,5.0,13.27,8.96,4.0,2.0,22.0,2.0,18.02,1.09,47.22,1,1.464679911699779,1.3477935676888557,10.476190476190476,1
22.0,10.0,8.55,6.14,7.0,2.0,28.0,6.0,13.02,0.04,50.8,1,1.370192307692308,1.5052023121387281,13.333333333333332,1
35.0,4.0,6.66,4.75,7.0,2.0,19.0,5.0,8.18,1.4,32.33,0,1.37319587628866,1.2100591715976332,9.047619047619047,1
33.0,2.0,8.08,4.98,7.0,3.0,16.0,8.0,9.13,0.14,52.83,1,1.5905511811023623,1.1161369193154036,5.161290322580645,1
39.0,3.0,10.92,5.59,0.0,16.0,16.0,3.0,13.46,1.44,64.11,1,1.9191564147627418,1.221415607985481,0.9937888198757763,1
32.0,0.0,12.46,6.54,2.0,13.0,23.0,0.0,16.92,1.4,61.69,1,1.8765060240963858,1.3471337579617835,1.7557251908396947,1
32.0,13.0,7.57,4.61,0.0,1.0,9.0,5.0,9.49,1.97,24.25,0,1.6072186836518048,1.2372881355932204,8.181818181818182,1
33.0,8.0,6.33,5.51,6.0,11.0,6.0,8.0,10.1,1.02,67.27,1,1.1283422459893049,1.5707620528771384,0.5405405405405406,1
43.0,3.0,10.26,5.54,1.0,4.0,19.0,7.0,13.16,0.29,56.07,1,1.819148936170213,1.2702702702702704,4.634146341463415,1
44.0,17.0,8.99,4.02,3.0,1.0,16.0,1.0,17.19,0.18,65.98,1,2.182038834951457,1.8910891089108912,14.545454545454545,2
38.0,13.0,5.83,5.77,2.0,11.0,21.0,2.0,7.49,0.14,35.9,1,0.9931856899488928,1.2630691399662732,1.8918918918918919,0
25.0,3.0,12.03,4.58,4.0,8.0,26.0,7.0,13.99,1.62,62.37,1,2.5705128205128207,1.1533388293487223,3.2098765432098766,2
29.0,9.0,8.77,6.15,6.0,8.0,11.0,8.0,10.74,1.44,52.06,1,1.4032,1.2108229988726045,1.3580246913580247,1
34.0,2.0,12.0,4.98,2.0,19.0,10.0,7.0,15.19,1.95,88.07,1,2.3622047244094486,1.2553719008264463,0.5235602094240838,2
40.0,6.0,8.99,8.11,5.0,0.0,9.0,9.0,11.22,0.62,59.36,1,1.095006090133983,1.2343234323432344,90.0,1
41.0,9.0,7.77,4.4,3.0,6.0,14.0,0.0,12.02,1.61,21.65,0,1.7266666666666666,1.5273189326556544,2.295081967213115,1
39.0,12.0,10.97,8.33,3.0,17.0,21.0,2.0,13.36,0.19,70.51,2,1.3013048635824438,1.206865401987353,1.2280701754385963,1
25.0,3.0,13.01,6.9,4.0,9.0,27.0,7.0,16.65,1.81,79.47,2,1.8585714285714285,1.2700228832951945,2.967032967032967,1
42.0,17.0,7.2,6.29,4.0,14.0,21.0,0.0,11.99,0.1,34.17,0,1.1267605633802817,1.6424657534246576,1.4893617021276595,1
44.0,10.0,8.61,6.75,1.0,8.0,7.0,6.0,12.04,1.58,41.45,1,1.256934306569343,1.3823191733639495,0.8641975308641976,1
29.0,3.0,6.29,5.88,6.0,10.0,29.0,3.0,8.26,0.61,47.43,1,1.0518394648829432,1.2926447574334898,2.871287128712871,1
26.0,13.0,5.83,4.64,6.0,0.0,14.0,6.0,10.15,0.36,35.99,1,1.2299578059071732,1.7116357504215853,140.0,1
41.0,17.0,11.78,7.83,0.0,10.0,21.0,3.0,12.83,1.41,55.2,1,1.485498108448928,1.07996632996633,2.0792079207920793,1
36.0,7.0,6.01,8.64,7.0,0.0,17.0,7.0,8.04,1.79,26.83,0,0.6876430205949656,1.3158756137479541,170.0,0
37.0,9.0,11.93,8.75,2.0,4.0,22.0,5.0,14.48,1.53,46.12,1,1.3480225988700565,1.2036575228595179,5.365853658536586,1
36.0,4.0,8.29,7.35,1.0,17.0,12.0,9.0,10.07,0.63,81.08,2,1.112751677852349,1.2002383790226463,0.7017543859649122,1
28.0,6.0,13.95,6.05,0.0,0.0,25.0,9.0,17.37,0.71,68.96,1,2.2682926829268295,1.2362989323843419,250.0,2
29.0,11.0,5.97,6.39,6.0,9.0,15.0,7.0,9.2,0.38,54.52,1,0.9198767334360556,1.5156507413509062,1.6483516483516485,0
29.0,2.0,4.93,7.28,7.0,12.0,29.0,0.0,7.56,1.65,28.11,0,0.6680216802168022,1.502982107355865,2.396694214876033,0
44.0,3.0,4.75,8.12,7.0,7.0,12.0,8.0,6.93,0.21,31.24,0,0.5778588807785889,1.4288659793814433,1.6901408450704227,0
32.0,9.0,12.35,5.87,1.0,12.0,3.0,8.0,15.09,1.81,85.02,2,2.0686767169179228,1.2120481927710844,0.24793388429752067,2
35.0,3.0,8.38,8.58,5.0,19.0,10.0,5.0,10.54,1.2,58.45,1,0.9654377880184333,1.2429245283018866,0.5235602094240838,0
37.0,14.0,4.03,5.62,4.0,1.0,26.0,8.0,5.92,1.18,23.64,0,0.7045454545454546,1.4334140435835352,23.636363636363633,0
25.0,9.0,12.75,6.65,4.0,11.0,18.0,5.0,15.16,1.68,79.22,2,1.8888888888888888,1.1797665369649806,1.6216216216216217,1
39.0,15.0,12.77,8.81,3.0,12.0,7.0,5.0,16.18,1.34,71.38,2,1.4332210998877666,1.2571872571872573,0.578512396694215,1
20.0,14.0,12.06,8.69,7.0,7.0,9.0,3.0,15.65,0.61,45.28,1,1.3720136518771333,1.2870065789473684,1.267605633802817,1
20.0,18.0,6.48,7.48,2.0,14.0,11.0,2.0,8.67,0.7,22.86,0,0.8548812664907652,1.317629179331307,0.7801418439716312,0
31.0,19.0,7.73,5.62,2.0,6.0,27.0,2.0,12.52,0.35,26.46,0,1.3513986013986015,1.598978288633461,4.426229508196721,1
40.0,18.0,11.45,5.1,2.0,6.0,20.0,1.0,13.5,0.93,53.21,1,2.201923076923077,1.168831168831169,3.278688524590164,2
21.0,17.0,8.89,4.4,1.0,16.0,19.0,3.0,12.74,0.22,81.82,2,1.9755555555555557,1.4171301446051168,1.1801242236024843,1
23.0,11.0,5.54,7.54,1.0,18.0,10.0,8.0,6.87,1.31,48.17,1,0.7251308900523561,1.2180851063829787,0.5524861878453038,0
36.0,15.0,6.43,6.52,2.0,2.0,19.0,6.0,12.02,0.34,20.95,0,0.9712990936555892,1.8407350689127107,9.047619047619047,0
23.0,0.0,13.73,6.86,3.0,6.0,20.0,2.0,16.57,1.73,47.19,1,1.9727011494252875,1.198120028922632,3.278688524590164,1
30.0,15.0,5.51,6.36,0.0,11.0,27.0,5.0,8.79,1.4,42.48,1,0.8529411764705882,1.5668449197860963,2.4324324324324325,0
41.0,1.0,11.26,6.46,5.0,13.0,3.0,8.0,13.0,1.78,92.51,2,1.7164634146341464,1.1443661971830987,0.22900763358778625,1
23.0,14.0,8.99,6.86,1.0,1.0,18.0,0.0,11.51,0.17,29.79,0,1.2916666666666667,1.2662266226622663,16.363636363636363,1
20.0,6.0,11.49,8.57,2.0,6.0,19.0,0.0,15.56,1.6,24.42,0,1.3252595155709344,1.3425366695427092,3.114754098360656,1
26.0,0.0,10.61,4.15,4.0,15.0,9.0,8.0,14.68,1.76,74.48,2,2.4964705882352938,1.3706816059757236,0.5960264900662252,2
37.0,4.0,8.39,8.01,1.0,8.0,14.0,8.0,10.34,0.09,52.3,1,1.0345252774352653,1.2179034157832744,1.7283950617283952,1
28.0,9.0,7.54,5.95,0.0,0.0,12.0,6.0,9.95,2.0,36.72,1,1.2462809917355373,1.3023560209424083,120.0,1
22.0,3.0,11.54,7.72,1.0,11.0,12.0,2.0,12.56,0.6,58.14,1,1.4757033248081841,1.0790378006872854,1.0810810810810811,1
27.0,13.0,7.23,8.74,0.0,1.0,20.0,3.0,8.59,0.42,0.0,0,0.8178733031674209,1.1718963165075034,18.18181818181818,0
43.0,12.0,11.88,5.53,0.0,17.0,27.0,6.0,13.39,0.83,84.46,2,2.1101243339253997,1.1176961602671118,1.5789473684210524,2
38.0,0.0,10.8,4.45,1.0,13.0,17.0,8.0,12.97,0.02,78.0,2,2.373626373626374,1.189908256880734,1.297709923664122,2
23.0,15.0,9.78,5.16,0.0,11.0,6.0,7.0,13.82,1.77,65.71,1,1.8593155893536122,1.3987854251012148,0.5405405405405406,1
37.0,8.0,7.69,5.11,7.0,17.0,29.0,7.0,10.73,0.54,83.88,2,1.4760076775431863,1.3774069319640565,1.6959064327485378,1
39.0,15.0,6.05,7.71,4.0,4.0,13.0,0.0,10.22,1.04,1.48,0,0.7746478873239436,1.6617886178861792,3.1707317073170733,0
30.0,18.0,8.99,4.31,1.0,6.0,4.0,5.0,15.12,1.25,54.7,1,2.0385487528344677,1.6633663366336633,0.6557377049180328,2
33.0,14.0,4.91,4.25,3.0,3.0,8.0,5.0,8.26,1.58,30.91,0,1.1287356321839082,1.6487025948103793,2.5806451612903225,1
44.0,13.0,13.71,7.47,4.0,12.0,29.0,4.0,16.71,0.5,92.11,2,1.8110964332893,1.2099927588703838,2.396694214876033,1
37.0,19.0,13.79,6.78,7.0,15.0,21.0,0.0,18.52,1.43,94.86,2,2.004360465116279,1.3333333333333335,1.390728476821192,2
35.0,9.0,5.3,6.09,5.0,9.0,26.0,2.0,8.58,0.24,51.07,1,0.8562197092084007,1.588888888888889,2.857142857142857,0
22.0,11.0,5.04,6.88,7.0,18.0,16.0,3.0,7.97,1.41,62.34,1,0.7220630372492837,1.5505836575875487,0.8839779005524862,0
34.0,0.0,8.13,7.68,0.0,3.0,24.0,9.0,12.61,1.84,23.62,0,1.0449871465295633,1.5321992709599026,7.741935483870967,1
23.0,16.0,13.64,4.52,7.0,19.0,4.0,6.0,14.93,0.17,100.0,2,2.952380952380953,1.086608442503639,0.20942408376963348,2
24.0,8.0,8.0,6.77,1.0,19.0,15.0,4.0,11.62,0.23,54.19,1,1.1644832605531297,1.4345679012345678,0.7853403141361256,1
36.0,18.0,7.64,8.12,0.0,0.0,8.0,1.0,9.09,1.11,0.0,0,0.929440389294404,1.1744186046511629,80.0,0
26.0,17.0,11.04,5.81,1.0,12.0,16.0,2.0,15.32,0.09,53.25,1,1.868020304568528,1.3752244165170557,1.322314049586777,1
35.0,6.0,5.79,7.82,5.0,19.0,29.0,0.0,9.96,0.37,60.11,1,0.7310606060606061,1.6910016977928695,1.5183246073298429,0
33.0,8.0,7.63,8.23,6.0,19.0,17.0,5.0,10.64,0.38,64.6,1,0.9159663865546218,1.3764553686934025,0.8900523560209423,0
35.0,11.0,6.91,8.1,1.0,8.0,2.0,7.0,10.55,0.96,34.94,0,0.8426829268292684,1.5049928673323825,0.2469135802469136,0
26.0,6.0,10.02,7.25,1.0,9.0,27.0,3.0,14.11,0.5,32.14,0,1.363265306122449,1.3942687747035574,2.967032967032967,1
28.0,13.0,5.63,7.59,4.0,5.0,4.0,1.0,8.56,0.95,0.0,0,0.7321196358907672,1.4938917975567192,0.7843137254901962,0
23.0,14.0,9.49,7.94,0.0,6.0,29.0,3.0,14.11,1.04,48.49,1,1.1803482587064675,1.4713242961418143,4.754098360655738,1
41.0,14.0,12.58,7.67,4.0,15.0,21.0,9.0,15.33,1.46,87.53,2,1.619047619047619,1.2089905362776026,1.390728476821192,1
30.0,5.0,9.14,6.26,7.0,16.0,20.0,3.0,13.71,1.89,89.15,2,1.437106918238994,1.4837662337662338,1.2422360248447204,1
21.0,13.0,10.83,4.8,7.0,0.0,14.0,4.0,14.16,1.01,54.4,1,2.210204081632653,1.2955169258920403,140.0,2
31.0,1.0,4.75,5.55,4.0,8.0,19.0,5.0,7.45,0.71,15.56,0,0.84070796460177,1.5360824742268042,2.345679012345679,0
31.0,7.0,8.49,5.04,7.0,13.0,14.0,8.0,9.51,0.52,83.91,2,1.651750972762646,1.1071012805587892,1.0687022900763359,1
23.0,12.0,4.95,5.81,6.0,14.0,3.0,6.0,7.13,1.27,53.9,1,0.8375634517766499,1.4118811881188118,0.2127659574468085,0
37.0,5.0,9.99,6.45,7.0,3.0,3.0,8.0,14.46,1.89,60.14,1,1.5251908396946565,1.4331020812685829,0.9677419354838709,1
40.0,4.0,6.81,8.8,6.0,7.0,20.0,6.0,9.52,1.53,34.5,0,0.7651685393258426,1.377713458755427,2.8169014084507045,0
26.0,4.0,6.87,8.8,4.0,14.0,23.0,9.0,9.56,0.41,44.96,1,0.7719101123595505,1.3715925394548065,1.6312056737588654,0
20.0,0.0,4.77,7.85,4.0,3.0,20.0,3.0,7.73,1.79,53.795,0,0.6,1.587268993839836,6.451612903225806,0
42.0,8.0,7.1,8.9,3.0,18.0,6.0,4.0,9.25,1.47,58.19,1,0.7888888888888889,1.2847222222222223,0.3314917127071823,0
32.0,5.0,9.07,8.99,0.0,2.0,7.0,6.0,12.04,0.26,49.76,1,0.9977997799779978,1.3129770992366412,3.333333333333333,0
25.0,19.0,9.85,8.43,0.0,7.0,21.0,5.0,12.35,1.43,34.51,0,1.1547479484173506,1.241206030150754,2.9577464788732395,1
25.0,6.0,4.67,4.4,1.0,1.0,21.0,8.0,9.31,0.58,12.56,0,1.0377777777777777,1.9517819706498956,19.09090909090909,1
31.0,8.0,10.51,6.13,0.0,7.0,29.0,2.0,13.77,0.98,55.17,1,1.6869983948635634,1.2978322337417532,4.084507042253521,1
27.0,4.0,8.89,6.67,5.0,7.0,1.0,7.0,13.23,0.6,51.29,1,1.3131462333825703,1.471635150166852,0.14084507042253522,1
43.0,13.0,9.37,4.62,4.0,16.0,28.0,9.0,13.12,0.17,98.0,2,1.9851694915254237,1.385427666314678,1.7391304347826086,1
41.0,4.0,12.33,8.04,2.0,15.0,28.0,3.0,14.18,1.54,59.55,1,1.514742014742015,1.1407884151246983,1.8543046357615895,1
38.0,7.0,7.42,4.74,6.0,15.0,9.0,8.0,11.89,1.66,70.9,2,1.5330578512396695,1.581117021276596,0.5960264900662252,1
24.0,6.0,5.74,5.92,0.0,15.0,4.0,0.0,7.09,0.46,24.09,0,0.9534883720930234,1.2140410958904109,0.26490066225165565,0
37.0,12.0,9.52,4.34,6.0,6.0,16.0,4.0,12.31,0.48,77.81,2,2.1441441441441444,1.2796257796257797,2.6229508196721314,2
24.0,12.0,13.45,6.62,6.0,14.0,24.0,3.0,15.41,0.86,89.99,2,2.0014880952380953,1.137269372693727,1.702127659574468,2
44.0,7.0,9.18,6.99,2.0,16.0,6.0,5.0,12.33,1.62,61.15,1,1.2947813822284908,1.3286637931034484,0.37267080745341613,1
29.0,10.0,12.32,7.68,7.0,2.0,1.0,5.0,14.52,0.15,63.51,1,1.583547557840617,1.1690821256038646,0.47619047619047616,1
20.0,17.0,11.57,5.7,6.0,0.0,5.0,0.0,15.46,1.62,42.8,1,1.9948275862068967,1.3247643530419881,50.0,1
29.0,18.0,9.18,6.95,5.0,7.0,9.0,7.0,13.93,1.85,42.0,1,1.3021276595744682,1.5010775862068966,1.267605633802817,1
24.0,5.0,10.48,7.67,3.0,6.0,8.0,2.0,14.32,1.12,45.35,1,1.348777348777349,1.3534971644612477,1.3114754098360657,1
31.0,1.0,8.07,7.81,1.0,17.0,27.0,6.0,12.02,0.12,74.6,2,1.020227560050569,1.4712362301101591,1.5789473684210524,1
41.0,12.0,9.31,5.51,1.0,4.0,4.0,6.0,12.71,0.54,52.01,1,1.6595365418894834,1.350690754516472,0.9756097560975611,1
26.0,10.0,9.07,4.34,1.0,14.0,2.0,8.0,13.62,0.22,89.55,2,2.042792792792793,1.485278080697928,0.14184397163120568,2
28.0,0.0,11.09,4.19,3.0,6.0,10.0,6.0,13.17,0.52,68.02,1,2.585081585081585,1.1769436997319036,1.639344262295082,2
41.0,1.0,8.1,7.84,4.0,9.0,9.0,7.0,9.57,1.62,52.13,1,1.0201511335012594,1.1670731707317075,0.989010989010989,1
40.0,16.0,5.0,5.93,6.0,15.0,15.0,3.0,6.52,0.11,47.86,1,0.8291873963515756,1.2784313725490195,0.9933774834437087,0
31.0,7.0,11.89,4.67,2.0,1.0,26.0,9.0,14.87,0.57,54.45,1,2.4926624737945495,1.2402001668056712,23.636363636363633,2
42.0,1.0,8.99,4.92,0.0,17.0,19.0,3.0,14.78,1.03,70.07,2,1.7908366533864544,1.625962596259626,1.111111111111111,1
20.0,5.0,13.5,7.83,4.0,14.0,18.0,9.0,17.13,1.75,100.0,2,1.7023959646910467,1.2595588235294117,1.2765957446808511,1
30.0,4.0,8.29,6.99,1.0,18.0,0.0,7.0,11.11,0.5,56.65,1,1.1692524682651622,1.32419547079857,0.0,1
40.0,15.0,8.99,6.51,7.0,19.0,25.0,3.0,8.7,1.56,67.38,1,1.3600605143721636,0.957095709570957,1.3089005235602094,1
34.0,7.0,5.22,7.12,1.0,13.0,29.0,3.0,8.76,1.17,23.25,0,0.7229916897506925,1.6466165413533835,2.213740458015267,0
21.0,18.0,11.73,4.69,6.0,1.0,10.0,9.0,15.24,1.35,79.77,2,2.4488517745302714,1.2882502113271344,9.09090909090909,2
39.0,15.0,4.68,5.6,4.0,17.0,28.0,2.0,6.49,1.72,55.58,1,0.8210526315789474,1.3577405857740588,1.6374269005847952,0
26.0,12.0,13.08,5.87,2.0,8.0,14.0,2.0,15.33,0.05,85.95,2,2.190954773869347,1.1631259484066767,1.7283950617283952,2
40.0,19.0,6.82,5.57,4.0,0.0,6.0,3.0,9.2,1.06,39.6,1,1.2028218694885362,1.329479768786127,60.0,1
31.0,6.0,12.99,8.32,3.0,15.0,7.0,1.0,17.22,1.49,55.63,1,1.5427553444180524,1.3155080213903743,0.4635761589403974,1
41.0,15.0,11.74,6.91,1.0,11.0,15.0,2.0,15.84,1.77,63.65,1,1.674750356633381,1.337837837837838,1.3513513513513513,1
37.0,15.0,12.71,7.65,2.0,11.0,17.0,1.0,14.72,0.27,53.795,1,1.6400000000000001,1.1491022638563622,1.5315315315315317,1
22.0,11.0,6.14,5.18,7.0,18.0,23.0,5.0,7.36,0.68,62.19,1,1.162878787878788,1.1794871794871797,1.2707182320441988,1
26.0,13.0,9.96,5.32,6.0,9.0,27.0,2.0,14.03,0.16,57.85,1,1.837638376383764,1.3946322067594432,2.967032967032967,1
30.0,17.0,4.94,5.13,0.0,19.0,24.0,1.0,7.58,1.67,49.48,1,0.9445506692160613,1.503968253968254,1.256544502617801,0
37.0,17.0,6.02,7.44,6.0,4.0,22.0,8.0,7.9,1.71,31.09,0,0.7984084880636604,1.2908496732026147,5.365853658536586,0
31.0,15.0,7.1,5.75,7.0,2.0,10.0,7.0,8.57,0.97,38.86,1,1.2136752136752136,1.190277777777778,4.761904761904762,1
25.0,19.0,11.41,6.03,7.0,8.0,0.0,4.0,12.46,0.04,90.74,2,1.8613376835236541,1.0825369244135534,0.0,1
24.0,15.0,4.25,7.55,1.0,14.0,15.0,8.0,6.96,0.2,42.69,1,0.5555555555555556,1.6,1.0638297872340425,0
20.0,12.0,13.03,8.86,6.0,13.0,3.0,4.0,15.39,1.25,80.0,2,1.4542410714285714,1.1721249047981723,0.22900763358778625,1
31.0,8.0,4.71,4.81,4.0,10.0,22.0,4.0,8.5,1.97,25.05,0,0.959266802443992,1.7671517671517674,2.1782178217821784,0
30.0,8.0,7.76,4.31,2.0,12.0,14.0,3.0,12.67,1.68,46.21,1,1.759637188208617,1.6119592875318067,1.15702479338843,1
23.0,12.0,4.81,4.97,1.0,6.0,10.0,2.0,6.64,1.6,14.15,0,0.9487179487179488,1.3523421588594706,1.639344262295082,0
37.0,3.0,11.69,7.67,0.0,1.0,29.0,9.0,12.02,0.84,46.78,1,1.5045045045045045,1.0195080576759967,26.36363636363636,1
23.0,8.0,5.41,4.97,0.0,2.0,23.0,8.0,7.76,1.97,24.51,0,1.067061143984221,1.4083484573502723,10.952380952380953,1
36.0,14.0,12.85,6.92,5.0,19.0,5.0,3.0,15.71,1.65,76.43,2,1.8304843304843306,1.2131274131274132,0.2617801047120419,1
21.0,13.0,9.3,6.95,4.0,7.0,9.0,6.0,13.09,0.67,54.59,1,1.319148936170213,1.3925531914893616,1.267605633802817,1
43.0,18.0,13.48,5.47,3.0,0.0,5.0,4.0,15.89,1.5,67.42,1,2.420107719928187,1.1701030927835052,50.0,2
41.0,11.0,6.9,4.34,7.0,3.0,9.0,6.0,8.32,0.87,34.06,0,1.5540540540540544,1.1885714285714286,2.903225806451613,1
21.0,5.0,8.54,6.0,4.0,12.0,21.0,7.0,12.46,1.32,63.78,1,1.4,1.44212962962963,1.7355371900826446,1
31.0,2.0,10.94,4.93,2.0,13.0,22.0,7.0,15.12,1.94,71.47,2,2.1749502982107356,1.3695652173913044,1.6793893129770994,2
25.0,19.0,12.32,4.92,4.0,8.0,4.0,9.0,14.31,0.49,84.69,2,2.4541832669322714,1.1521739130434783,0.4938271604938272,2
29.0,15.0,8.21,6.61,2.0,2.0,27.0,5.0,9.76,1.59,49.19,1,1.2235469448584204,1.174488567990373,12.857142857142856,1
44.0,19.0,12.92,7.37,4.0,13.0,26.0,4.0,16.03,1.18,91.68,1,1.7295850066934404,1.2311827956989247,1.984732824427481,1
42.0,16.0,5.18,4.38,7.0,3.0,14.0,1.0,7.01,1.9,16.98,0,1.15625,1.3276515151515154,4.516129032258064,1
44.0,15.0,11.09,6.89,7.0,16.0,6.0,7.0,13.59,0.27,79.99,2,1.5865522174535052,1.2144772117962468,0.37267080745341613,1
40.0,5.0,7.48,5.23,5.0,14.0,16.0,4.0,11.59,1.44,74.49,2,1.403377110694184,1.529023746701847,1.1347517730496455,1
42.0,7.0,5.01,7.37,5.0,11.0,26.0,7.0,6.89,0.07,52.23,1,0.6706827309236948,1.3483365949119375,2.3423423423423424,0
35.0,18.0,7.87,8.05,3.0,13.0,11.0,5.0,12.02,0.49,40.15,1,0.9656441717791411,1.5081555834378921,0.8396946564885497,0
33.0,1.0,12.8,8.04,5.0,18.0,27.0,7.0,16.5,0.64,86.53,1,1.5724815724815728,1.2790697674418605,1.4917127071823204,1
26.0,13.0,13.81,5.85,4.0,9.0,29.0,0.0,15.69,0.86,68.4,1,2.3210084033613447,1.1279654924514737,3.186813186813187,2
38.0,11.0,8.99,6.84,0.0,4.0,24.0,8.0,11.04,1.93,52.19,1,1.2953890489913547,1.2145214521452143,5.853658536585367,1
42.0,16.0,12.86,7.97,2.0,16.0,10.0,8.0,16.32,0.14,88.04,2,1.5935563816604708,1.2592592592592593,0.6211180124223602,1
36.0,14.0,9.1,4.3,6.0,16.0,5.0,2.0,12.02,0.34,81.14,2,2.0681818181818183,1.306521739130435,0.3105590062111801,2
28.0,17.0,11.17,7.03,2.0,2.0,26.0,4.0,12.75,0.41,39.77,1,1.5666199158485274,1.1313220940550133,12.38095238095238,1
32.0,15.0,4.45,8.18,0.0,15.0,23.0,6.0,7.57,0.85,38.02,1,0.5374396135265701,1.6637362637362638,1.5231788079470199,0
41.0,12.0,9.57,5.86,7.0,8.0,24.0,7.0,13.35,0.12,53.795,1,1.6057046979865772,1.3805584281282317,2.9629629629629632,1
24.0,16.0,4.7,6.46,6.0,16.0,10.0,6.0,7.56,1.93,57.12,1,0.7164634146341464,1.575,0.6211180124223602,0
42.0,7.0,6.69,7.49,4.0,19.0,10.0,2.0,7.97,1.12,52.31,1,0.8814229249011858,1.1737849779086893,0.5235602094240838,0
24.0,0.0,9.67,4.34,3.0,11.0,13.0,6.0,14.37,1.63,60.59,1,2.177927927927928,1.4708290685772774,1.1711711711711712,2
29.0,2.0,12.07,5.93,1.0,1.0,15.0,0.0,12.02,1.54,0.0,0,2.0016583747927035,0.9876746096959736,13.636363636363635,2
40.0,15.0,9.61,5.48,4.0,19.0,1.0,4.0,13.09,1.32,93.78,2,1.722222222222222,1.3480947476828014,0.05235602094240837,1
29.0,1.0,13.36,4.08,5.0,15.0,1.0,8.0,16.93,1.81,88.03,2,3.196172248803828,1.2578008915304606,0.06622516556291391,3
26.0,14.0,12.1,4.98,6.0,5.0,4.0,1.0,12.02,1.8,69.2,1,2.3818897637795273,0.9852459016393443,0.7843137254901962,2
34.0,0.0,5.56,5.98,7.0,1.0,13.0,2.0,10.5,0.26,53.795,0,0.9144736842105262,1.855123674911661,11.818181818181817,0
26.0,8.0,7.89,4.99,4.0,8.0,20.0,8.0,9.42,1.8,62.3,1,1.550098231827112,1.1789737171464332,2.469135802469136,1
34.0,15.0,10.68,7.01,2.0,4.0,27.0,2.0,14.64,1.05,44.26,1,1.5021097046413503,1.358070500927644,6.585365853658537,1
22.0,3.0,13.38,6.24,2.0,17.0,9.0,7.0,16.06,0.54,100.0,2,2.110410094637224,1.191394658753709,0.5263157894736842,2
38.0,11.0,13.88,4.2,3.0,17.0,9.0,5.0,18.4,1.22,90.66,2,3.2279069767441864,1.3161659513590842,0.5263157894736842,3
29.0,10.0,11.63,5.38,5.0,9.0,17.0,6.0,15.5,0.56,79.44,2,2.122262773722628,1.3213981244671782,1.8681318681318682,2
34.0,0.0,9.74,4.1,6.0,9.0,25.0,4.0,12.99,0.96,59.86,1,2.3190476190476197,1.3201219512195121,2.7472527472527473,2
22.0,6.0,11.57,5.79,3.0,9.0,19.0,9.0,16.32,1.63,67.1,1,1.9643463497453313,1.398457583547558,2.087912087912088,1
25.0,17.0,6.73,5.3,3.0,17.0,8.0,6.0,11.38,0.06,71.08,2,1.2462962962962965,1.6661786237188874,0.4678362573099415,1
31.0,14.0,6.84,7.44,0.0,15.0,3.0,9.0,8.05,0.37,67.99,1,0.9071618037135278,1.1599423631123922,0.19867549668874174,0
34.0,10.0,10.54,5.54,6.0,5.0,16.0,9.0,12.31,1.91,94.85,2,1.8687943262411346,1.1569548872180453,3.1372549019607847,1
25.0,15.0,12.72,5.88,1.0,11.0,20.0,2.0,16.42,0.89,63.43,1,2.127090301003345,1.2808112324492982,1.8018018018018018,2
32.0,6.0,13.7,7.63,1.0,3.0,1.0,4.0,18.39,0.61,54.23,1,1.7723156532988358,1.332608695652174,0.3225806451612903,1
38.0,15.0,7.41,6.4,6.0,19.0,13.0,5.0,10.13,1.85,67.15,1,1.1400000000000001,1.348868175765646,0.6806282722513088,1
22.0,12.0,11.97,6.78,5.0,15.0,21.0,8.0,12.02,1.82,89.27,2,1.739825581395349,0.9958574979287489,1.390728476821192,1
27.0,13.0,12.52,8.21,3.0,10.0,0.0,3.0,16.09,0.09,66.83,1,1.50661853188929,1.2749603803486529,0.0,1
27.0,16.0,10.23,5.03,7.0,0.0,22.0,7.0,12.01,0.72,50.88,1,1.9941520467836258,1.1626331074540175,220.0,1
42.0,11.0,7.48,8.95,2.0,4.0,6.0,7.0,10.69,1.83,0.0,0,0.8265193370165748,1.4102902374670183,1.4634146341463417,0
39.0,19.0,10.19,8.5,1.0,16.0,3.0,9.0,12.73,0.36,73.45,2,1.1848837209302325,1.2371234207968904,0.18633540372670807,1
34.0,12.0,9.84,5.43,7.0,10.0,8.0,5.0,13.07,1.16,90.29,2,1.7793851717902354,1.3148893360160967,0.7920792079207921,1
23.0,19.0,10.07,8.46,6.0,13.0,2.0,7.0,14.8,0.64,73.04,2,1.1764018691588785,1.4552605703048183,0.15267175572519084,1
38.0,14.0,10.19,7.77,7.0,8.0,4.0,4.0,13.13,1.47,53.19,1,1.2947903430749683,1.2759961127308068,0.4938271604938272,1
40.0,3.0,12.47,8.65,6.0,9.0,20.0,0.0,13.61,0.32,55.93,1,1.4251428571428573,1.082736674622116,2.197802197802198,1
22.0,1.0,5.7,7.46,4.0,3.0,14.0,3.0,9.02,1.19,8.72,0,0.7539682539682541,1.5551724137931033,4.516129032258064,0
32.0,17.0,7.67,7.37,0.0,1.0,9.0,5.0,9.97,0.0,24.88,0,1.0267737617135209,1.2831402831402834,8.181818181818182,1
27.0,1.0,9.86,4.02,2.0,5.0,9.0,8.0,13.97,1.02,69.12,1,2.393203883495146,1.4026104417670684,1.7647058823529413,2
42.0,14.0,6.83,6.37,0.0,2.0,3.0,3.0,9.71,0.32,20.47,0,1.05564142194745,1.4011544011544013,1.4285714285714286,1
35.0,18.0,13.78,5.0,4.0,9.0,16.0,5.0,17.75,0.42,94.92,2,2.7019607843137257,1.2788184438040346,1.7582417582417582,2
32.0,14.0,6.63,5.62,1.0,11.0,26.0,9.0,11.27,1.72,54.1,1,1.1590909090909092,1.674591381872214,2.3423423423423424,1
22.0,19.0,8.7,6.46,0.0,17.0,20.0,4.0,11.15,1.83,44.17,1,1.326219512195122,1.2670454545454548,1.1695906432748537,1
35.0,9.0,12.77,4.43,5.0,5.0,16.0,8.0,17.73,1.51,93.94,2,2.818984547461369,1.3776223776223777,3.1372549019607847,2
28.0,19.0,4.8,7.61,0.0,9.0,18.0,9.0,6.4,1.18,51.6,1,0.622568093385214,1.306122448979592,1.978021978021978,0
33.0,10.0,12.21,4.86,0.0,5.0,5.0,5.0,15.79,0.46,47.42,1,2.461693548387097,1.282696994313566,0.9803921568627452,2
32.0,9.0,9.71,4.04,7.0,4.0,0.0,2.0,10.85,0.55,52.08,1,2.345410628019324,1.1060142711518857,0.0,2
40.0,4.0,4.32,6.51,6.0,14.0,25.0,5.0,6.17,0.62,13.27,0,0.6535552193645991,1.3959276018099547,1.773049645390071,0
44.0,10.0,13.03,4.81,4.0,14.0,13.0,2.0,12.02,1.55,85.14,2,2.653767820773931,0.9154607768469155,0.9219858156028369,2
26.0,19.0,4.39,8.83,6.0,11.0,29.0,5.0,5.57,0.51,45.55,1,0.49160134378499437,1.2405345211581293,2.6126126126126126,0
34.0,18.0,9.15,5.02,2.0,8.0,12.0,9.0,10.56,1.95,64.03,1,1.7871093750000004,1.1416216216216217,1.4814814814814816,1
26.0,10.0,4.49,4.96,7.0,12.0,2.0,7.0,6.65,1.59,54.88,1,0.8873517786561266,1.44880174291939,0.1652892561983471,0
25.0,10.0,4.71,4.16,6.0,15.0,22.0,7.0,8.01,2.0,54.15,1,1.1056338028169015,1.6652806652806653,1.456953642384106,1
21.0,16.0,12.87,5.65,2.0,1.0,1.0,4.0,13.93,0.92,57.03,1,2.238260869565217,1.074016962220509,0.9090909090909091,2
28.0,5.0,11.66,4.12,4.0,16.0,21.0,0.0,14.59,1.18,75.17,2,2.7630331753554502,1.2406462585034013,1.3043478260869563,2
41.0,9.0,5.97,6.49,7.0,8.0,6.0,0.0,9.47,0.56,41.93,1,0.9059180576631259,1.5601317957166394,0.7407407407407408,0
43.0,1.0,10.2,6.53,6.0,18.0,27.0,6.0,12.81,1.21,100.0,2,1.5384615384615383,1.2436893203883497,1.4917127071823204,1
36.0,5.0,11.95,4.27,4.0,5.0,11.0,1.0,13.22,1.95,61.5,1,2.7345537757437075,1.0970954356846474,2.1568627450980395,2
24.0,12.0,12.9,5.2,7.0,3.0,1.0,3.0,16.34,0.06,95.06,2,2.4339622641509435,1.2569230769230768,0.3225806451612903,2
31.0,17.0,8.68,8.16,0.0,14.0,10.0,9.0,12.1,0.58,69.4,1,1.0508474576271187,1.3781321184510251,0.7092198581560284,1
20.0,6.0,12.97,6.31,3.0,17.0,15.0,4.0,15.99,0.56,92.18,2,2.023400936037442,1.2234123947972455,0.8771929824561403,2
29.0,1.0,9.08,6.17,7.0,11.0,26.0,7.0,12.85,1.96,67.76,1,1.4481658692185009,1.3997821350762527,2.3423423423423424,1
30.0,13.0,10.88,7.49,5.0,11.0,4.0,9.0,12.71,0.27,85.81,2,1.4334650856389988,1.157559198542805,0.3603603603603604,1
35.0,4.0,13.79,7.57,1.0,19.0,25.0,8.0,17.5,1.62,97.95,2,1.7979139504563233,1.259899208063355,1.3089005235602094,1
33.0,10.0,6.36,7.81,1.0,16.0,27.0,0.0,8.01,0.55,45.05,1,0.8040455120101139,1.239938080495356,1.6770186335403725,0
27.0,10.0,5.69,8.15,2.0,6.0,25.0,8.0,8.26,1.72,25.48,0,0.6896969696969697,1.4265975820379966,4.0983606557377055,0
43.0,9.0,7.42,5.16,4.0,19.0,16.0,4.0,8.69,0.98,59.1,1,1.4106463878326996,1.1555851063829787,0.8376963350785339,1
36.0,10.0,5.64,4.33,7.0,9.0,2.0,3.0,9.92,0.48,39.18,1,1.27313769751693,1.7282229965156797,0.21978021978021978,1
44.0,1.0,6.84,5.9,0.0,11.0,13.0,9.0,12.02,1.42,53.795,1,1.14,1.7319884726224783,1.1711711711711712,1
37.0,14.0,11.43,8.28,6.0,16.0,15.0,4.0,16.31,1.68,69.49,1,1.3639618138424823,1.414570685169124,0.9316770186335402,1
31.0,6.0,8.78,4.39,5.0,1.0,14.0,5.0,13.55,0.94,40.4,1,1.9554565701559021,1.5259009009009012,12.727272727272727,1
44.0,8.0,7.75,6.88,1.0,3.0,27.0,7.0,12.74,1.43,33.44,0,1.1103151862464185,1.6229299363057326,8.709677419354838,1
36.0,4.0,7.69,7.51,4.0,1.0,18.0,9.0,9.1,0.36,34.79,0,1.0105124835742445,1.1681643132220796,16.363636363636363,1
33.0,6.0,5.95,6.41,4.0,13.0,3.0,4.0,9.38,1.02,48.16,1,0.913978494623656,1.5504132231404961,0.22900763358778625,0
35.0,19.0,8.47,5.28,7.0,13.0,27.0,9.0,11.1,0.19,83.5,2,1.5743494423791824,1.2952158693115519,2.0610687022900764,1
33.0,1.0,10.25,5.63,0.0,12.0,27.0,4.0,13.38,0.44,43.38,1,1.7888307155322865,1.2927536231884058,2.231404958677686,1
28.0,2.0,5.39,4.36,7.0,16.0,20.0,0.0,7.63,0.58,48.55,1,1.2085201793721974,1.3897996357012752,1.2422360248447204,1
23.0,1.0,13.73,5.46,7.0,16.0,19.0,8.0,14.92,0.31,100.0,2,2.469424460431655,1.0788141720896602,1.1801242236024843,2
44.0,18.0,8.43,4.22,5.0,17.0,19.0,2.0,12.26,0.81,74.55,2,1.951388888888889,1.4372801875732708,1.111111111111111,1
42.0,3.0,13.48,7.63,4.0,2.0,24.0,0.0,18.34,0.92,49.59,1,1.7438551099611903,1.3505154639175259,11.428571428571429,1
30.0,19.0,5.35,8.49,1.0,15.0,24.0,4.0,8.48,1.04,23.53,0,0.6228172293364377,1.5559633027522939,1.589403973509934,0
25.0,6.0,11.67,7.17,3.0,18.0,8.0,9.0,13.99,0.08,90.65,2,1.6052269601100413,1.1886151231945625,0.4419889502762431,1
34.0,6.0,10.18,7.28,1.0,5.0,10.0,2.0,14.93,0.44,37.29,1,1.3794037940379404,1.4523346303501947,1.9607843137254903,1
24.0,16.0,12.2,6.36,5.0,5.0,4.0,5.0,14.66,1.62,65.5,1,1.8885448916408667,1.191869918699187,0.7843137254901962,1
30.0,18.0,10.01,4.78,3.0,17.0,10.0,6.0,12.02,1.62,85.56,2,2.0512295081967213,1.188921859545005,0.5847953216374269,2
44.0,15.0,13.63,4.04,6.0,8.0,12.0,3.0,18.05,0.66,95.2,2,3.2922705314009666,1.314639475600874,1.4814814814814816,3
37.0,2.0,8.99,5.72,6.0,17.0,20.0,3.0,13.38,0.92,62.11,1,1.5446735395189006,1.471947194719472,1.1695906432748537,1
32.0,14.0,11.85,7.76,4.0,5.0,1.0,1.0,15.56,0.37,57.06,1,1.5076335877862597,1.302092050209205,0.19607843137254904,1
30.0,13.0,12.78,8.8,1.0,8.0,21.0,1.0,16.58,1.64,49.69,1,1.4359550561797751,1.2872670807453417,2.5925925925925926,1
33.0,14.0,11.15,6.16,0.0,17.0,1.0,6.0,14.71,1.91,82.06,2,1.781150159744409,1.3075555555555556,0.05847953216374269,1
37.0,13.0,9.24,5.83,5.0,15.0,9.0,4.0,10.88,0.58,69.76,1,1.558178752107926,1.1648822269807282,0.5960264900662252,1
44.0,6.0,6.73,6.23,4.0,12.0,12.0,4.0,10.5,1.56,47.48,1,1.0631911532385467,1.5373352855051243,0.9917355371900827,1
38.0,2.0,12.54,6.14,0.0,9.0,4.0,1.0,13.55,1.02,62.57,1,2.0096153846153846,1.071993670886076,0.43956043956043955,2
43.0,16.0,8.81,7.13,3.0,7.0,10.0,6.0,12.65,0.01,51.64,1,1.2185338865836792,1.4197530864197532,1.4084507042253522,1
34.0,9.0,10.21,7.67,6.0,16.0,28.0,1.0,13.43,1.2,53.795,2,1.3140283140283142,1.302618816682832,1.7391304347826086,1
28.0,14.0,4.79,7.92,2.0,8.0,14.0,4.0,6.83,0.82,8.35,0,0.5972568578553616,1.3967280163599183,1.7283950617283952,0
27.0,5.0,8.97,7.25,2.0,5.0,27.0,4.0,13.19,1.52,41.45,1,1.2204081632653063,1.4542447629547959,5.294117647058824,1
39.0,16.0,10.98,6.46,3.0,0.0,27.0,2.0,13.6,1.5,39.59,1,1.6737804878048783,1.227436823104693,270.0,1
20.0,16.0,9.84,8.75,2.0,0.0,4.0,1.0,12.78,1.89,26.95,0,1.111864406779661,1.2857142857142858,40.0,1
23.0,13.0,8.49,7.56,7.0,12.0,19.0,2.0,9.6,0.88,71.2,2,1.108355091383812,1.1175785797438882,1.5702479338842976,1
33.0,17.0,6.23,6.13,5.0,6.0,4.0,4.0,8.84,0.97,33.86,0,1.0000000000000002,1.39652448657188,0.6557377049180328,1
44.0,4.0,7.1,6.23,7.0,9.0,6.0,5.0,8.77,0.8,68.96,1,1.121642969984202,1.2180555555555557,0.6593406593406593,1
21.0,7.0,11.01,8.09,4.0,17.0,9.0,3.0,13.11,0.59,73.77,2,1.3443223443223444,1.18001800180018,0.5263157894736842,1
32.0,6.0,6.24,6.2,4.0,5.0,14.0,6.0,8.25,1.28,53.795,1,0.9904761904761905,1.301261829652997,2.7450980392156863,0
22.0,3.0,10.22,6.58,5.0,12.0,1.0,1.0,11.4,1.66,57.43,1,1.5299401197604792,1.1046511627906976,0.08264462809917356,1
27.0,17.0,9.9,5.46,1.0,4.0,14.0,5.0,12.74,0.32,37.68,1,1.7805755395683456,1.274,3.414634146341464,1
25.0,4.0,13.7,8.19,4.0,14.0,19.0,8.0,16.79,1.96,97.29,2,1.652593486127865,1.2166666666666668,1.3475177304964538,1
35.0,15.0,4.61,6.61,6.0,11.0,22.0,9.0,7.89,1.37,36.88,1,0.6870342771982116,1.6751592356687897,1.981981981981982,0
43.0,13.0,5.08,6.76,2.0,10.0,0.0,4.0,7.93,1.56,31.6,0,0.740524781341108,1.5308880308880308,0.0,0
35.0,18.0,9.06,8.4,6.0,7.0,3.0,3.0,13.54,2.0,11.64,0,1.0658823529411765,1.4781659388646287,0.4225352112676057,1
26.0,13.0,9.27,8.6,5.0,4.0,14.0,8.0,10.42,1.01,46.73,1,1.0655172413793104,1.112059765208111,3.414634146341464,1
32.0,8.0,4.4,8.12,0.0,7.0,14.0,5.0,7.86,0.14,17.72,0,0.5352798053527982,1.7466666666666668,1.971830985915493,0
32.0,5.0,12.26,4.33,7.0,4.0,29.0,3.0,16.72,1.58,73.47,2,2.7674943566591423,1.3527508090614886,7.073170731707318,2
24.0,16.0,8.95,6.22,1.0,9.0,5.0,0.0,10.11,1.74,45.68,1,1.4161392405063291,1.1171270718232045,0.5494505494505495,1
44.0,18.0,7.47,5.72,0.0,9.0,5.0,8.0,10.46,0.32,64.11,1,1.2835051546391754,1.381770145310436,0.5494505494505495,1
32.0,11.0,7.19,5.07,6.0,5.0,0.0,9.0,10.55,0.05,51.96,1,1.390715667311412,1.4471879286694103,0.0,1
41.0,3.0,8.99,8.54,2.0,17.0,6.0,2.0,14.37,0.27,67.06,1,1.0405092592592595,1.5808580858085808,0.3508771929824561,1
37.0,15.0,5.97,8.45,4.0,2.0,29.0,5.0,7.98,0.65,26.16,0,0.6982456140350878,1.3146622734761122,13.809523809523808,0
34.0,10.0,5.6,6.33,0.0,8.0,4.0,0.0,9.74,1.85,10.98,0,0.8709175738724728,1.7087719298245616,0.4938271604938272,0
37.0,3.0,6.13,4.67,2.0,9.0,21.0,5.0,9.4,0.0,31.58,0,1.2851153039832286,1.5088282504012842,2.307692307692308,1
21.0,16.0,10.25,4.07,4.0,9.0,16.0,2.0,12.51,1.61,47.8,1,2.458033573141487,1.2086956521739132,1.7582417582417582,2
29.0,7.0,8.99,6.46,1.0,18.0,6.0,2.0,16.17,1.71,65.91,1,1.3704268292682928,1.7788778877887792,0.3314917127071823,1
42.0,13.0,7.31,4.2,3.0,1.0,3.0,6.0,11.3,1.62,35.57,1,1.7,1.5249662618083673,2.727272727272727,1
32.0,1.0,5.73,7.05,2.0,7.0,2.0,8.0,8.11,0.16,47.65,1,0.8013986013986015,1.3910806174957118,0.28169014084507044,0
37.0,10.0,6.09,7.04,5.0,6.0,11.0,5.0,9.04,1.36,24.6,0,0.8529411764705882,1.4604200323101777,1.8032786885245902,0
34.0,10.0,10.19,8.49,5.0,4.0,26.0,0.0,13.85,1.91,36.11,1,1.1862630966239813,1.3459669582118563,6.341463414634147,1
31.0,5.0,6.46,4.95,4.0,3.0,28.0,8.0,8.83,0.24,56.69,1,1.2792079207920792,1.3460365853658538,9.032258064516128,1
34.0,13.0,12.77,5.86,5.0,10.0,14.0,4.0,16.29,0.06,61.19,1,2.1426174496644297,1.2657342657342658,1.3861386138613863,2
32.0,9.0,5.04,8.3,0.0,9.0,19.0,1.0,7.04,1.75,0.07,0,0.6,1.3696498054474708,2.087912087912088,0
37.0,7.0,4.32,6.37,4.0,0.0,8.0,2.0,6.49,1.29,5.79,0,0.6676970633693973,1.4683257918552037,80.0,0
34.0,6.0,4.88,4.3,5.0,3.0,20.0,4.0,7.12,1.29,43.86,1,1.1090909090909091,1.4297188755020083,6.451612903225806,1
44.0,7.0,12.46,4.55,0.0,5.0,11.0,1.0,17.2,1.93,35.46,1,2.679569892473119,1.3694267515923566,2.1568627450980395,2
42.0,7.0,10.51,8.07,0.0,17.0,4.0,2.0,14.84,1.54,35.33,1,1.2864137086903304,1.3986804901036758,0.23391812865497075,1
30.0,1.0,13.58,7.72,0.0,9.0,7.0,7.0,16.84,0.79,80.3,2,1.7365728900255757,1.2309941520467838,0.7692307692307693,1
38.0,15.0,7.36,8.38,5.0,12.0,14.0,5.0,10.62,0.87,37.86,1,0.8679245283018868,1.423592493297587,1.15702479338843,0
22.0,8.0,6.13,4.59,7.0,0.0,6.0,1.0,7.35,0.29,27.11,0,1.307036247334755,1.1797752808988764,60.0,1
26.0,12.0,9.62,7.8,0.0,3.0,18.0,1.0,13.22,0.61,15.56,0,1.2177215189873418,1.3600823045267492,5.806451612903226,1
40.0,11.0,9.38,7.28,6.0,3.0,12.0,0.0,11.69,0.89,40.54,1,1.2710027100271004,1.2331223628691983,3.8709677419354835,1
33.0,16.0,9.91,5.16,1.0,17.0,0.0,6.0,13.36,0.52,87.74,2,1.8840304182509506,1.3346653346653345,0.0,1
33.0,1.0,7.48,8.87,5.0,17.0,27.0,5.0,11.84,1.83,45.71,1,0.8338907469342254,1.562005277044855,1.5789473684210524,0
41.0,12.0,4.06,6.85,0.0,17.0,10.0,5.0,5.24,0.02,56.91,1,0.5841726618705037,1.2596153846153848,0.5847953216374269,0
32.0,0.0,4.35,8.53,1.0,14.0,12.0,4.0,7.78,1.17,24.42,0,0.5040556199304751,1.7483146067415734,0.851063829787234,0
31.0,18.0,10.64,8.3,6.0,17.0,1.0,2.0,13.9,1.54,67.61,1,1.2666666666666666,1.2942271880819367,0.05847953216374269,1
43.0,10.0,9.23,5.67,3.0,9.0,18.0,7.0,11.06,1.46,53.795,1,1.5996533795493937,1.1854233654876742,1.978021978021978,1
28.0,4.0,12.21,6.68,1.0,16.0,10.0,2.0,15.8,1.29,60.51,1,1.8008849557522126,1.2835093419983754,0.6211180124223602,1
20.0,0.0,7.0,6.16,5.0,4.0,0.0,4.0,10.22,0.82,51.59,1,1.1182108626198084,1.43943661971831,0.0,1
38.0,19.0,12.15,7.55,5.0,10.0,0.0,7.0,16.22,1.84,73.51,2,1.5882352941176472,1.3240816326530611,0.0,1
30.0,12.0,8.25,6.94,0.0,15.0,7.0,2.0,9.69,0.66,48.46,1,1.171875,1.1604790419161677,0.4635761589403974,1
42.0,7.0,4.97,7.92,6.0,9.0,12.0,4.0,7.74,1.5,42.56,1,0.6197007481296758,1.5266272189349115,1.3186813186813187,0
41.0,5.0,13.78,4.06,4.0,1.0,7.0,5.0,18.77,1.85,77.14,2,3.3125000000000004,1.352305475504323,6.363636363636363,3
42.0,16.0,9.12,7.44,6.0,16.0,1.0,0.0,12.88,0.26,58.72,1,1.209549071618037,1.396963123644252,0.06211180124223602,1
43.0,11.0,10.29,5.6,6.0,0.0,7.0,1.0,14.03,1.89,34.42,0,1.805263157894737,1.3503368623676613,70.0,1
41.0,0.0,10.71,5.12,5.0,17.0,26.0,6.0,12.98,1.55,100.0,2,2.0517241379310347,1.2007400555041627,1.5204678362573099,2
38.0,2.0,7.62,8.01,3.0,16.0,28.0,8.0,9.0,1.23,63.25,1,0.9395807644882861,1.1658031088082903,1.7391304347826086,0
37.0,13.0,11.48,4.45,6.0,17.0,13.0,9.0,16.28,0.75,97.53,2,2.5230769230769234,1.4058721934369605,0.7602339181286549,2
31.0,7.0,12.7,5.14,7.0,18.0,1.0,3.0,14.12,1.81,97.87,2,2.4236641221374047,1.1031250000000001,0.055248618784530384,2
42.0,10.0,7.87,6.46,4.0,4.0,12.0,4.0,12.84,0.09,43.14,1,1.1996951219512195,1.6110414052697617,2.9268292682926833,1
20.0,13.0,10.57,6.46,1.0,12.0,26.0,3.0,12.07,0.86,49.01,1,1.611280487804878,1.1312089971883788,2.1487603305785123,1
38.0,7.0,11.57,5.61,4.0,5.0,4.0,2.0,13.25,1.51,44.71,1,2.0262697022767076,1.1353898886032563,0.7843137254901962,2
39.0,2.0,5.9,7.6,3.0,12.0,0.0,9.0,8.13,1.62,58.9,1,0.7662337662337664,1.3550000000000002,0.0,0
36.0,6.0,7.33,7.5,1.0,17.0,8.0,1.0,10.38,0.4,33.37,0,0.9644736842105264,1.3970390309555856,0.4678362573099415,0
24.0,18.0,5.09,5.63,0.0,3.0,19.0,2.0,9.25,0.1,4.65,0,0.8883071553228622,1.7822736030828519,6.129032258064516,0
22.0,3.0,10.02,6.18,1.0,8.0,9.0,1.0,14.9,1.61,38.96,1,1.5955414012738856,1.4723320158102768,1.1111111111111112,1
21.0,10.0,12.01,5.04,0.0,2.0,29.0,7.0,14.45,0.84,57.41,1,2.3365758754863815,1.1932287365813377,13.809523809523808,2
22.0,10.0,10.11,7.35,2.0,7.0,10.0,0.0,11.19,0.29,27.89,0,1.3570469798657718,1.0959843290891285,1.4084507042253522,1
27.0,19.0,5.8,6.46,1.0,12.0,17.0,4.0,9.27,0.17,51.43,1,0.8841463414634146,1.571186440677966,1.4049586776859504,0
35.0,18.0,9.46,4.66,7.0,10.0,16.0,0.0,13.3,1.28,52.04,1,1.9873949579831935,1.391213389121339,1.5841584158415842,1
25.0,4.0,12.35,4.64,1.0,9.0,5.0,4.0,14.94,1.17,56.39,1,2.605485232067511,1.2,0.5494505494505495,2
32.0,4.0,7.03,5.61,7.0,10.0,10.0,2.0,8.76,1.71,47.15,1,1.2311733800350264,1.2286115007012623,0.9900990099009901,1
42.0,19.0,12.33,7.74,4.0,2.0,23.0,8.0,14.55,0.06,74.53,2,1.5727040816326532,1.170555108608206,10.952380952380953,1
41.0,3.0,11.85,4.13,4.0,13.0,3.0,0.0,15.47,1.74,72.73,2,2.801418439716312,1.2945606694560672,0.22900763358778625,2
41.0,1.0,4.22,5.29,3.0,13.0,0.0,9.0,7.2,1.77,56.67,1,0.7829313543599258,1.666666666666667,0.0,0
35.0,12.0,6.39,4.81,0.0,18.0,0.0,0.0,10.36,0.89,50.68,1,1.3014256619144604,1.5963020030816641,0.0,1
35.0,15.0,8.99,8.78,5.0,3.0,21.0,7.0,11.3,0.15,45.6,1,1.0123873873873874,1.2431243124312432,6.774193548387097,1
32.0,1.0,11.18,7.53,4.0,0.0,17.0,2.0,15.55,1.89,25.69,0,1.4652686762778506,1.3785460992907803,170.0,1
32.0,18.0,12.81,5.17,7.0,1.0,4.0,6.0,14.43,0.14,69.95,1,2.4307400379506645,1.117738187451588,3.6363636363636362,2
33.0,16.0,10.41,5.04,7.0,5.0,15.0,9.0,12.73,1.18,76.92,2,2.0252918287937747,1.2112274024738345,2.9411764705882355,2
27.0,4.0,7.8,8.29,6.0,12.0,1.0,4.0,11.16,0.99,32.53,0,0.9296781883194281,1.4126582278481015,0.08264462809917356,0
31.0,17.0,5.85,4.95,3.0,13.0,8.0,1.0,9.8,1.67,24.55,0,1.1584158415841583,1.6470588235294121,0.6106870229007634,1
42.0,17.0,11.6,8.99,0.0,0.0,1.0,6.0,13.66,1.01,48.28,1,1.2761276127612762,1.1675213675213676,10.0,1
42.0,7.0,6.07,5.41,7.0,7.0,4.0,6.0,10.86,0.94,58.98,1,1.1016333938294012,1.760129659643436,0.5633802816901409,1
41.0,14.0,10.95,4.42,0.0,17.0,19.0,2.0,14.77,1.76,69.82,1,2.422566371681416,1.3366515837104074,1.111111111111111,2
40.0,12.0,5.81,7.45,0.0,13.0,26.0,5.0,7.68,1.93,45.88,1,0.7695364238410596,1.2994923857868022,1.984732824427481,0
27.0,12.0,4.91,7.05,2.0,1.0,16.0,4.0,8.81,1.1,12.67,0,0.6867132867132868,1.758483033932136,14.545454545454545,0
40.0,15.0,6.51,9.0,0.0,11.0,25.0,0.0,10.3,1.02,14.28,0,0.7153846153846154,1.558245083207262,2.2522522522522523,0
44.0,19.0,6.85,8.01,7.0,0.0,24.0,0.0,10.86,1.66,0.0,0,0.8446362515413071,1.5625899280575541,240.0,0
28.0,12.0,10.47,6.14,7.0,14.0,18.0,1.0,15.13,1.66,61.72,1,1.6778846153846156,1.4314096499526963,1.2765957446808511,1
20.0,19.0,5.61,7.38,3.0,10.0,9.0,6.0,9.46,0.64,49.12,1,0.7500000000000001,1.6567425569176883,0.8910891089108911,0
25.0,1.0,13.3,8.09,0.0,17.0,7.0,2.0,15.71,1.15,73.99,2,1.6239316239316242,1.1723880597014926,0.4093567251461988,1
42.0,2.0,9.54,6.57,7.0,16.0,19.0,8.0,13.7,0.31,100.0,2,1.4302848575712144,1.4211618257261411,1.1801242236024843,1
38.0,14.0,8.91,5.36,5.0,2.0,10.0,2.0,12.69,1.27,37.0,1,1.6318681318681318,1.4084350721420644,4.761904761904762,1
42.0,18.0,8.35,5.05,5.0,14.0,12.0,9.0,11.65,1.67,52.61,1,1.621359223300971,1.3786982248520712,0.851063829787234,1
30.0,12.0,9.67,5.48,7.0,12.0,12.0,3.0,12.09,0.38,75.38,2,1.732974910394265,1.2374616171954964,0.9917355371900827,1
30.0,4.0,4.22,8.24,0.0,2.0,8.0,7.0,8.9,0.65,0.0,0,0.5059952038369304,2.0601851851851856,3.8095238095238093,0
42.0,5.0,13.9,5.9,3.0,12.0,4.0,3.0,16.95,0.9,75.61,2,2.316666666666667,1.2107142857142856,0.3305785123966942,2
32.0,13.0,9.58,5.43,1.0,8.0,17.0,6.0,13.09,1.69,62.66,1,1.7323688969258593,1.3522727272727273,2.0987654320987654,1
30.0,3.0,4.35,8.03,0.0,9.0,7.0,4.0,7.01,1.46,29.17,0,0.5350553505535055,1.5752808988764047,0.7692307692307693,0
37.0,18.0,9.9,4.16,3.0,9.0,28.0,5.0,14.02,0.63,40.36,1,2.323943661971831,1.402,3.076923076923077,2
42.0,6.0,8.37,6.97,4.0,1.0,19.0,7.0,10.73,0.49,46.51,1,1.1838755304101838,1.2668240850059034,17.27272727272727,1
34.0,10.0,4.24,8.37,3.0,13.0,13.0,3.0,8.48,1.39,37.53,1,0.500590318772137,1.9539170506912444,0.9923664122137404,0
20.0,1.0,13.24,6.05,2.0,4.0,1.0,5.0,14.67,0.96,65.16,1,2.152845528455285,1.0997001499250374,0.24390243902439027,2
40.0,6.0,4.11,5.35,4.0,9.0,21.0,9.0,7.95,1.19,40.04,1,0.7541284403669727,1.8883610451306414,2.307692307692308,0
44.0,2.0,9.78,6.46,5.0,18.0,15.0,1.0,12.69,1.3,84.03,2,1.4908536585365852,1.2844129554655872,0.8287292817679557,1
26.0,14.0,13.62,7.59,5.0,7.0,0.0,8.0,17.42,1.12,90.06,2,1.7711313394018207,1.2696793002915454,0.0,1
42.0,0.0,6.38,6.58,1.0,12.0,23.0,8.0,9.51,1.23,50.1,1,0.9550898203592815,1.4675925925925926,1.9008264462809918,0
32.0,1.0,6.54,4.04,1.0,8.0,24.0,9.0,12.02,1.78,37.35,1,1.5797101449275364,1.8102409638554218,2.9629629629629632,1
31.0,9.0,4.0,4.39,3.0,17.0,22.0,9.0,6.91,1.74,57.18,1,0.8908685968819601,1.6853658536585368,1.286549707602339,0
37.0,15.0,4.66,7.61,3.0,3.0,28.0,5.0,9.52,0.3,11.06,0,0.6044098573281453,2.0,9.032258064516128,0
43.0,14.0,4.45,6.0,0.0,7.0,12.0,5.0,8.47,1.17,4.22,0,0.7295081967213115,1.8615384615384618,1.6901408450704227,0
38.0,14.0,12.23,7.92,6.0,4.0,14.0,9.0,14.43,0.88,85.56,2,1.5249376558603494,1.170316301703163,3.414634146341464,1
34.0,10.0,12.37,7.25,6.0,5.0,17.0,6.0,17.15,0.57,75.73,2,1.6829931972789116,1.3753007217321571,3.3333333333333335,1
27.0,13.0,11.27,6.91,4.0,19.0,26.0,3.0,15.39,1.26,62.31,1,1.6077032810271041,1.353562005277045,1.3612565445026177,1
38.0,5.0,7.53,8.51,5.0,4.0,0.0,6.0,9.99,1.02,28.66,0,0.8745644599303136,1.309305373525557,0.0,0
29.0,10.0,12.21,4.11,2.0,0.0,6.0,9.0,15.62,1.55,63.28,1,2.9002375296912115,1.2688870836718114,60.0,2
26.0,16.0,9.4,4.78,6.0,18.0,3.0,0.0,12.11,0.19,64.95,1,1.9262295081967213,1.2747368421052632,0.16574585635359115,1
37.0,17.0,7.04,7.12,0.0,3.0,14.0,6.0,8.43,0.61,56.14,1,0.9750692520775623,1.180672268907563,4.516129032258064,0
35.0,19.0,8.37,6.46,5.0,0.0,7.0,0.0,12.59,0.05,27.12,0,1.2759146341463414,1.4864226682408503,70.0,1
39.0,18.0,4.66,7.22,3.0,18.0,2.0,7.0,6.42,1.49,46.75,1,0.6366120218579235,1.3487394957983194,0.11049723756906077,0
25.0,16.0,13.45,8.92,7.0,3.0,22.0,9.0,16.28,1.82,62.59,1,1.4911308203991132,1.2014760147601478,7.096774193548387,1
28.0,15.0,10.19,8.39,6.0,13.0,6.0,5.0,14.0,1.17,46.62,1,1.2002355712603061,1.360544217687075,0.4580152671755725,1
40.0,7.0,11.31,6.95,3.0,13.0,26.0,0.0,16.04,1.23,42.27,1,1.6042553191489364,1.4057843996494301,1.984732824427481,1
32.0,6.0,10.77,8.47,0.0,8.0,25.0,0.0,12.02,0.09,46.12,1,1.2567094515752624,1.1057957681692732,3.0864197530864197,1
44.0,19.0,10.68,4.58,6.0,18.0,24.0,3.0,13.25,1.01,83.77,2,2.282051282051282,1.2291280148423007,1.3259668508287292,2
40.0,11.0,4.17,6.27,2.0,10.0,15.0,6.0,7.63,1.05,36.67,1,0.6546310832025118,1.7868852459016396,1.4851485148514851,0
27.0,8.0,9.25,6.14,5.0,15.0,26.0,4.0,13.37,0.08,77.86,2,1.482371794871795,1.429946524064171,1.7218543046357617,1
35.0,13.0,12.22,5.68,3.0,18.0,19.0,4.0,16.9,1.56,89.17,2,2.114186851211073,1.3717532467532465,1.0497237569060773,2
32.0,19.0,4.45,4.0,5.0,3.0,29.0,5.0,5.45,0.56,33.51,0,1.0853658536585367,1.197802197802198,9.35483870967742,1
32.0,0.0,13.56,8.46,2.0,8.0,9.0,1.0,17.07,1.45,66.6,1,1.5841121495327102,1.2496339677891655,1.1111111111111112,1
36.0,9.0,8.24,7.89,3.0,16.0,12.0,3.0,9.27,0.81,61.8,1,1.0312891113892366,1.1115107913669064,0.7453416149068323,1
42.0,16.0,6.9,7.26,5.0,14.0,29.0,3.0,11.05,1.99,47.27,1,0.9375000000000001,1.5785714285714287,2.0567375886524824,0
39.0,16.0,9.32,4.64,7.0,7.0,0.0,7.0,10.92,0.42,77.45,2,1.966244725738397,1.1592356687898089,0.0,1
24.0,16.0,12.01,5.89,2.0,12.0,6.0,5.0,16.59,0.12,65.12,1,2.005008347245409,1.369942196531792,0.49586776859504134,2
41.0,3.0,8.75,8.62,2.0,0.0,9.0,9.0,10.37,1.96,38.76,1,1.0034403669724772,1.1717514124293784,90.0,1
40.0,16.0,10.45,7.08,2.0,1.0,11.0,8.0,14.51,0.49,50.16,1,1.4554317548746518,1.375355450236967,10.0,1
36.0,17.0,9.0,7.02,0.0,9.0,13.0,9.0,11.16,1.27,47.47,1,1.2640449438202248,1.2263736263736265,1.4285714285714286,1
28.0,19.0,10.31,8.57,1.0,12.0,21.0,8.0,13.54,0.75,53.31,1,1.1891580161476356,1.3006724303554273,1.7355371900826446,1
21.0,1.0,5.38,6.8,5.0,10.0,10.0,3.0,8.81,1.02,42.12,1,0.7797101449275363,1.6076642335766425,0.9900990099009901,0
44.0,7.0,4.39,6.99,2.0,13.0,16.0,5.0,6.22,1.19,31.07,0,0.619181946403385,1.385300668151448,1.2213740458015268,0
37.0,12.0,5.37,5.73,5.0,15.0,8.0,6.0,7.56,1.41,50.89,1,0.9210977701543739,1.3820840950639854,0.5298013245033113,0
28.0,19.0,6.86,5.86,2.0,5.0,25.0,2.0,8.29,0.04,32.26,0,1.151006711409396,1.1910919540229883,4.901960784313726,1
25.0,14.0,6.53,7.43,5.0,1.0,7.0,5.0,7.55,1.67,20.1,0,0.8671978751660028,1.138763197586727,6.363636363636363,0
30.0,19.0,10.15,5.6,3.0,4.0,9.0,0.0,12.11,0.96,41.71,1,1.7807017543859651,1.1814634146341463,2.1951219512195124,1
44.0,8.0,8.56,6.8,5.0,18.0,3.0,4.0,11.62,1.04,80.15,2,1.2405797101449276,1.3418013856812931,0.16574585635359115,1
25.0,2.0,4.39,5.4,6.0,6.0,4.0,5.0,8.24,0.82,41.44,1,0.7981818181818181,1.8351893095768377,0.6557377049180328,0
25.0,2.0,4.35,4.83,1.0,16.0,23.0,4.0,8.52,1.98,39.18,1,0.8823529411764706,1.914606741573034,1.4285714285714284,0
